date,SPY,XLB,XLE,XLF,XLI,XLK,XLP,XLU,XLV,XLY,QQQ,RSP,IWM,ARKK,XBI,KRE,BTC-USD,EEM,^VIX
2016-09-05,,,,,,,,,,,,,,,,,606.5900268554688,,
2016-09-06,186.57261657714844,20.12215805053711,23.356746673583984,16.55974578857422,49.47203826904297,21.419891357421875,42.00602340698242,18.280723571777344,61.672420501708984,36.514041900634766,109.9701156616211,71.11396789550781,109.95272827148438,19.530559539794922,60.84859848022461,32.9738883972168,610.4359741210938,30.689884185791016,12.020000457763672
2016-09-07,186.5556182861328,20.093494415283203,23.489978790283203,16.552989959716797,49.530975341796875,21.473899841308594,41.63901901245117,18.28436851501465,61.672420501708984,36.53206253051758,110.03545379638672,71.31632995605469,110.64090728759766,19.630199432373047,61.814605712890625,33.231082916259766,614.5440063476562,30.593503952026367,11.9399995803833
2016-09-08,186.1297149658203,20.00749969482422,23.929664611816406,16.539493560791016,49.48887634277344,21.298368453979492,41.40964889526367,18.346309661865234,61.72319030761719,36.216636657714844,109.3916015625,71.19828033447266,110.42035675048828,19.632047653198242,62.63275909423828,33.324588775634766,626.3159790039062,30.513181686401367,12.510000228881836
2016-09-09,181.67469787597656,19.4260311126709,23.216848373413086,16.228944778442383,48.09126663208008,20.77625274658203,40.28571319580078,17.657642364501953,60.488216400146484,35.34242248535156,106.63883972167969,69.27606964111328,106.9708023071289,19.35618782043457,60.375457763671875,33.09079360961914,622.8610229492188,29.485105514526367,17.5
2016-09-10,,,,,,,,,,,,,,,,,623.5089721679688,,
2016-09-11,,,,,,,,,,,,,,,,,606.718994140625,,
2016-09-12,184.2812957763672,19.61029815673828,23.44667625427246,16.41121482849121,48.705875396728516,21.122827529907227,41.04264831542969,17.97100257873535,61.38482666015625,35.83811569213867,108.55176544189453,70.2540512084961,108.46176147460938,19.35618782043457,62.553897857666016,33.30122756958008,608.2429809570312,29.68589210510254,15.15999984741211
2016-09-13,181.63211059570312,19.245853424072266,22.77715492248535,16.120939254760742,47.9902458190918,20.96979522705078,40.538028717041016,17.723230361938477,60.564334869384766,35.32890319824219,107.581298828125,69.07369995117188,106.37970733642578,19.01205825805664,61.479461669921875,32.81803512573242,609.2410278320312,28.93892478942871,17.850000381469727
2016-09-14,181.56399536132812,19.2008113861084,22.507349014282227,16.080427169799805,47.94813919067383,21.06882095336914,40.41569900512695,17.792463302612305,60.564334869384766,35.33341598510742,108.09457397460938,68.97254943847656,106.39739227294922,19.116310119628906,62.987613677978516,32.52967834472656,610.6840209960938,29.027284622192383,18.139999389648438
2016-09-15,183.3783416748047,19.323657989501953,22.787153244018555,16.174942016601562,48.32700729370117,21.41539192199707,40.74445724487305,17.927282333374023,61.190250396728516,35.59025573730469,109.77417755126953,69.66390228271484,107.66777038574219,19.559160232543945,64.0029067993164,32.856990814208984,607.155029296875,29.525259017944336,16.299999237060547
2016-09-16,182.66944885253906,19.246273040771484,22.603174209594727,16.021650314331055,47.922367095947266,21.33674430847168,40.61214828491211,18.102195739746094,61.23188018798828,35.51337432861328,109.72181701660156,69.35926818847656,107.50894927978516,19.559160232543945,63.81650924682617,32.569664001464844,606.9730224609375,29.3244686126709,15.369999885559082
2016-09-17,,,,,,,,,,,,,,,,,605.9840087890625,,
2016-09-18,,,,,,,,,,,,,,,,,609.8740234375,,
2016-09-19,182.70370483398438,19.27509117126465,22.589773178100586,16.12381362915039,48.134002685546875,21.296070098876953,40.52751922607422,18.282270431518555,61.01110076904297,35.486228942871094,109.24472045898438,69.52005767822266,108.22354888916016,19.725229263305664,64.98023223876953,32.6949348449707,609.2269897460938,29.557382583618164,15.529999732971191
2016-09-20,182.7122344970703,19.217464447021484,22.42557144165039,16.132156372070312,48.17631912231445,21.282508850097656,40.63522720336914,18.24919891357422,61.19789505004883,35.51337432861328,109.45050048828125,69.35081481933594,107.76483154296875,19.789813995361328,66.57785034179688,32.64795684814453,608.31201171875,29.573450088500977,15.920000076293945
2016-09-21,184.76698303222656,19.50969696044922,22.94498634338379,16.23235511779785,48.802764892578125,21.522048950195312,40.85832595825195,18.620357513427734,61.80929946899414,35.857147216796875,110.52632141113281,70.29002380371094,109.32636260986328,19.60529136657715,67.33721160888672,32.79670333862305,597.1489868164062,30.40074348449707,13.300000190734863
2016-09-22,185.93128967285156,19.571439743041992,22.971797943115234,16.265750885009766,49.149845123291016,21.65311050415039,41.219905853271484,18.734272003173828,62.276344299316406,36.119510650634766,111.4056625366211,70.84004211425781,110.896728515625,20.15885353088379,67.87964630126953,33.05507278442383,596.2979736328125,30.617589950561523,12.020000457763672
2016-09-23,184.91249084472656,19.4726505279541,22.666847229003906,16.18225860595703,48.86201095581055,21.463293075561523,41.0352668762207,18.719572067260742,62.0810432434082,36.038082122802734,110.69469451904297,70.48466491699219,110.11154174804688,20.167156219482422,67.19915008544922,33.06290054321289,602.8419799804688,30.224037170410156,12.289999961853027
2016-09-24,,,,,,,,,,,,,,,,,602.625,,
2016-09-25,,,,,,,,,,,,,,,,,600.8259887695312,,
2016-09-26,183.41433715820312,19.382102966308594,22.566314697265625,15.923412322998047,48.650390625,21.33674430847168,40.6890754699707,18.671798706054688,61.35923767089844,35.640037536621094,109.7685546875,69.943115234375,109.01811218261719,20.0112361907959,66.83428955078125,32.31913757324219,608.0430297851562,29.78228187561035,14.5
2016-09-27,184.55294799804688,19.439727783203125,22.415510177612305,16.048656463623047,48.9890022277832,21.57176399230957,40.85832595825195,18.42926788330078,61.792320251464844,36.00189971923828,110.85369873046875,70.2562026977539,109.46043395996094,20.394113540649414,67.80073547363281,32.655784606933594,606.166015625,30.207975387573242,13.100000381469727
2016-09-28,185.46893310546875,19.661985397338867,23.383981704711914,16.12381362915039,49.36994934082031,21.61243438720703,40.92756271362305,18.40354347229004,61.698917388916016,36.10141372680664,111.04080200195312,70.7469482421875,110.30085754394531,20.444856643676758,66.86383819580078,33.05507278442383,604.72802734375,30.48105239868164,12.390000343322754
2016-09-29,183.7909698486328,19.50969696044922,23.34376335144043,15.898355484008789,48.98053741455078,21.481374740600586,40.52751922607422,18.127927780151367,60.612003326416016,35.915958404541016,110.23631286621094,70.15464782714844,108.6907730102539,20.260337829589844,64.61532592773438,32.50703811645508,605.6929931640625,29.950950622558594,14.020000457763672
2016-09-30,185.17791748046875,19.65375518798828,23.662126541137695,16.115459442138672,49.42074203491211,21.5943603515625,40.93524169921875,18.002986907958984,61.23188018798828,36.205467224121094,111.05950927734375,70.73002624511719,109.88506317138672,20.46331024169922,65.37469482421875,33.09421157836914,609.7349853515625,30.0794620513916,13.289999961853027
2016-10-01,,,,,,,,,,,,,,,,,613.9829711914062,,
2016-10-02,,,,,,,,,,,,,,,,,610.8920288085938,,
2016-10-03,184.7327117919922,19.629053115844727,23.645360946655273,16.040302276611328,49.46307373046875,21.531091690063477,40.67368698120117,17.749425888061523,61.180946350097656,36.182838439941406,110.9004898071289,70.43388366699219,109.54005432128906,20.49098777770996,65.2662353515625,32.77322006225586,612.1329956054688,30.288288116455078,13.569999694824219
2016-10-04,183.7909698486328,19.361522674560547,23.404088973999023,16.107114791870117,49.048255920410156,21.45426368713379,40.32748794555664,17.378267288208008,61.062068939208984,36.05617904663086,110.73212432861328,70.00236511230469,109.00041198730469,20.371047973632812,64.75340270996094,33.24297332763672,610.2039794921875,29.950950622558594,13.630000114440918
2016-10-05,184.6043243408203,19.49323272705078,23.76266098022461,16.36595344543457,49.361480712890625,21.531091690063477,40.28902816772461,17.341516494750977,61.29983139038086,36.205467224121094,111.125,70.41695404052734,109.6550521850586,20.65982437133789,65.79875183105469,33.88496398925781,612.510986328125,30.38467025756836,12.989999771118164
2016-10-06,184.7327117919922,19.65375518798828,23.79952049255371,16.39101219177246,49.361480712890625,21.5808048248291,40.365970611572266,17.337841033935547,61.070556640625,36.23258590698242,111.06890106201172,70.4508056640625,109.54005432128906,20.131174087524414,63.7672119140625,33.83016586303711,613.02099609375,30.408769607543945,12.84000015258789
2016-10-07,184.0991973876953,19.287433624267578,23.662126541137695,16.382654190063477,48.726566314697266,21.522048950195312,40.25825500488281,17.31578826904297,61.028099060058594,36.069759368896484,110.82563018798828,70.07000732421875,108.66424560546875,20.02138328552246,63.264251708984375,33.85367202758789,617.1209716796875,30.272218704223633,13.479999542236328
2016-10-08,,,,,,,,,,,,,,,,,619.1079711914062,,
2016-10-09,,,,,,,,,,,,,,,,,616.7520141601562,,
2016-10-10,185.0580596923828,19.402681350708008,24.034090042114258,16.466154098510742,48.77737045288086,21.671192169189453,40.25825500488281,17.4591064453125,61.308319091796875,36.12855529785156,111.52726745605469,70.38311004638672,109.9646987915039,20.20498275756836,64.61532592773438,34.03372573852539,618.9940185546875,30.601531982421875,13.380000114440918
2016-10-11,182.72084045410156,19.139263153076172,23.759307861328125,16.315855026245117,48.26944351196289,21.427133560180664,40.05055236816406,17.260669708251953,59.77135467529297,35.689781188964844,109.93695831298828,69.33387756347656,107.95650482177734,19.3746395111084,62.564056396484375,33.587467193603516,641.072021484375,29.894725799560547,15.359999656677246
2016-10-12,182.9605712890625,19.102216720581055,23.658769607543945,16.29915428161621,48.362571716308594,21.463293075561523,40.27364730834961,17.429706573486328,59.491127014160156,35.857147216796875,109.84339141845703,69.42696380615234,107.86801147460938,19.236249923706055,60.42401123046875,33.53266525268555,636.1920166015625,29.83850860595703,15.90999984741211
2016-10-13,182.36123657226562,19.003435134887695,23.528072357177734,16.140504837036133,48.34563446044922,21.327707290649414,40.281333923339844,17.64652442932129,59.516605377197266,35.72596740722656,109.45050048828125,69.17312622070312,106.97450256347656,18.995452880859375,60.4930419921875,32.71841049194336,636.7860107421875,29.573450088500977,16.690000534057617
2016-10-14,182.4553985595703,19.06517219543457,23.390682220458984,16.215652465820312,48.44721221923828,21.4090576171875,40.28902816772461,17.54730224609375,59.11751174926758,35.68526840209961,109.58147430419922,69.12234497070312,106.54103088378906,18.80262565612793,58.73762893676758,32.88283157348633,640.3779907226562,29.621644973754883,16.1200008392334
2016-10-15,,,,,,,,,,,,,,,,,638.64599609375,,
2016-10-16,,,,,,,,,,,,,,,,,641.6309814453125,,
2016-10-17,181.8219757080078,19.081634521484375,23.27674674987793,16.140504837036133,48.320228576660156,21.363866806030273,40.09670639038086,17.642852783203125,58.92219543457031,35.391239166259766,109.2821273803711,68.88541412353516,106.41716766357422,18.6734619140625,58.25440216064453,32.655784606933594,639.1929931640625,29.58951187133789,16.209999084472656
2016-10-18,182.9605712890625,19.254507064819336,23.37057876586914,16.27410888671875,48.42181396484375,21.481374740600586,40.219791412353516,17.793519973754883,59.62702178955078,35.62644958496094,110.25502014160156,69.35926818847656,107.02762603759766,18.977922439575195,59.06306457519531,32.97677993774414,637.9600219726562,30.111595153808594,15.279999732971191
2016-10-19,183.4485626220703,19.394451141357422,23.702333450317383,16.416053771972656,48.57419204711914,21.522048950195312,39.98899841308594,17.75309944152832,59.406227111816406,35.7847785949707,110.24565887451172,69.69772338867188,107.47875213623047,19.051729202270508,58.00783157348633,33.62660598754883,630.52001953125,30.296316146850586,14.40999984741211
2016-10-20,183.10610961914062,19.377992630004883,23.675521850585938,16.416053771972656,48.31175994873047,21.422618865966797,39.96592712402344,17.742069244384766,59.68644714355469,35.71692657470703,110.11470031738281,69.56234741210938,107.1602783203125,18.977922439575195,59.06306457519531,33.72056198120117,630.8569946289062,30.207975387573242,13.75
2016-10-21,183.1917266845703,19.3697566986084,23.521377563476562,16.4077091217041,48.24404525756836,21.481374740600586,40.18132781982422,17.63917350769043,59.19392013549805,36.00189971923828,110.52632141113281,69.52005767822266,107.10720825195312,18.941017150878906,58.905269622802734,33.814510345458984,632.8280029296875,30.199941635131836,13.34000015258789
2016-10-22,,,,,,,,,,,,,,,,,657.2940063476562,,
2016-10-23,,,,,,,,,,,,,,,,,657.0709838867188,,
2016-10-24,183.9707794189453,19.4150333404541,23.45100212097168,16.457807540893555,48.3371696472168,21.689273834228516,40.44288635253906,17.705324172973633,59.08354949951172,36.259735107421875,111.85469818115234,69.74005889892578,107.78840637207031,19.068334579467773,58.333290100097656,34.088531494140625,653.760986328125,30.328449249267578,13.020000457763672
2016-10-25,183.35435485839844,19.23805046081543,23.34376335144043,16.44110679626465,48.210182189941406,21.61243438720703,40.589054107666016,17.81557273864746,58.91371536254883,35.83453369140625,111.49920654296875,69.34233856201172,106.98333740234375,18.848756790161133,57.85991668701172,33.96327209472656,657.5880126953125,30.360580444335938,13.460000038146973
2016-10-26,182.98623657226562,19.209224700927734,23.397382736206055,16.54130744934082,48.379493713378906,21.490406036376953,40.53520584106445,17.859661102294922,58.55707931518555,35.68074417114258,110.74144744873047,69.3084945678711,105.9217529296875,18.756498336791992,57.18931198120117,34.21380615234375,678.3040161132812,30.03929901123047,14.239999771118164
2016-10-27,182.49827575683594,19.18453598022461,23.310258865356445,16.583051681518555,48.04935836791992,21.463293075561523,40.3505859375,17.75309944152832,58.82881546020508,35.38219451904297,110.23631286621094,68.90234375,104.70973205566406,18.60519027709961,56.3411750793457,34.44867706298828,688.31298828125,29.78228187561035,15.359999656677246
2016-10-28,181.95892333984375,19.233928680419922,23.2465877532959,16.507909774780273,48.3371696472168,21.440696716308594,40.51982498168945,17.808218002319336,57.55508041381836,35.30076599121094,109.54405975341797,68.89388275146484,104.41783905029297,18.43358612060547,56.05517578125,34.04938888549805,689.6510009765625,29.661800384521484,16.190000534057617
2016-10-29,,,,,,,,,,,,,,,,,714.47900390625,,
2016-10-30,,,,,,,,,,,,,,,,,701.864013671875,,
2016-10-31,181.9674835205078,19.242156982421875,22.995256423950195,16.482858657836914,48.430294036865234,21.43166160583496,40.619842529296875,18.16468048095703,57.19843292236328,35.32792282104492,109.441162109375,69.00387573242188,104.83362579345703,18.375459671020508,55.37471008300781,34.284271240234375,700.9719848632812,29.83047103881836,17.059999465942383
2016-11-01,180.6490478515625,19.131027221679688,22.99860382080078,16.416053771972656,48.0154914855957,21.246355056762695,40.44288635253906,17.833946228027344,56.892738342285156,35.07911682128906,108.61793518066406,68.43695831298828,103.55082702636719,18.192785263061523,56.05517578125,34.20597457885742,729.7930297851562,29.58951187133789,18.559999465942383
2016-11-02,179.56173706054688,19.028127670288086,22.743921279907227,16.307510375976562,47.83771896362305,21.11077308654785,40.3428840637207,17.609773635864258,56.59553527832031,34.866512298583984,107.74797821044922,67.9461898803711,102.232666015625,17.824668884277344,54.65480041503906,33.59530258178711,740.8289794921875,29.23610496520996,19.31999969482422
2016-11-03,178.73992919921875,19.032249450683594,22.83440589904785,16.32420539855957,47.76152038574219,20.907384872436523,40.065921783447266,17.675926208496094,56.06058883666992,34.77604675292969,106.69087219238281,67.7261962890625,101.73724365234375,17.713956832885742,52.57393264770508,33.618778228759766,688.7000122070312,29.155792236328125,22.079999923706055
2016-11-04,178.54306030273438,19.098102569580078,22.710405349731445,16.27410888671875,47.803836822509766,20.871234893798828,39.70436096191406,17.62080192565918,56.4511833190918,34.708194732666016,106.3166732788086,67.73468780517578,102.39190673828125,17.763776779174805,54.112388610839844,33.65792465209961,703.2349853515625,28.858612060546875,22.510000228881836
2016-11-05,,,,,,,,,,,,,,,,,703.4180297851562,,
2016-11-06,,,,,,,,,,,,,,,,,711.52197265625,,
2016-11-07,182.4811553955078,19.39033317565918,23.19967269897461,16.683252334594727,48.98053741455078,21.32318687438965,40.37364959716797,17.929489135742188,57.89474868774414,35.50885009765625,108.84242248535156,69.19850158691406,104.89553833007812,18.28597068786621,56.548282623291016,34.62093734741211,703.1309814453125,29.902751922607422,18.709999084472656
2016-11-08,183.30300903320312,19.452075958251953,23.229835510253906,16.691612243652344,49.276824951171875,21.427133560180664,40.54289627075195,18.06913185119629,58.056095123291016,35.653587341308594,109.55343627929688,69.46077728271484,105.1697769165039,18.442813873291016,56.992069244384766,34.42518997192383,709.8480224609375,30.09552764892578,18.739999771118164
2016-11-09,185.2464141845703,19.863676071166992,23.608505249023438,17.401351928710938,50.51276779174805,21.400022506713867,39.98899841308594,17.403987884521484,60.10254669189453,35.72596740722656,110.05857849121094,70.28154754638672,108.40767669677734,18.493555068969727,62.89936065673828,36.366851806640625,723.2730102539062,29.115631103515625,14.380000114440918
2016-11-10,185.70870971679688,20.094167709350586,23.709030151367188,18.0443058013916,51.58786392211914,21.056535720825195,38.91965103149414,16.98505401611328,60.764854431152344,35.857147216796875,108.28117370605469,70.79773712158203,110.14164733886719,18.85798454284668,64.881591796875,37.89354705810547,715.5339965820312,28.28835105895996,14.739999771118164
2016-11-11,185.2806854248047,19.81839942932129,23.27674674987793,18.094396591186523,51.68098831176758,21.119808197021484,38.881187438964844,16.915233612060547,59.85627746582031,36.060707092285156,108.32792663574219,70.79773712158203,112.6717758178711,18.78509521484375,65.29580688476562,38.746944427490234,716.4110107421875,27.750213623046875,14.170000076293945
2016-11-12,,,,,,,,,,,,,,,,,705.0540161132812,,
2016-11-13,,,,,,,,,,,,,,,,,702.031005859375,,
2016-11-14,185.42616271972656,19.863676071166992,23.407432556152344,18.536954879760742,51.90108108520508,20.798919677734375,38.81193923950195,16.904203414916992,59.669471740722656,36.06523132324219,107.23345947265625,71.3900375366211,114.25534057617188,19.07940673828125,67.1893081665039,39.79607009887695,705.02099609375,27.54941749572754,14.479999542236328
2016-11-15,186.87301635742188,19.945993423461914,24.067602157592773,18.520246505737305,52.09579849243164,21.092697143554688,39.0504264831543,17.176151275634766,59.83928298950195,36.205467224121094,108.72083282470703,71.9146499633789,114.60922241210938,19.000986099243164,66.77509307861328,40.05442428588867,711.6190185546875,28.10361099243164,13.369999885559082
2016-11-16,186.52200317382812,19.90894889831543,23.90004539489746,18.2530517578125,51.79949188232422,21.287029266357422,39.05812072753906,17.058557510375977,59.58454895019531,36.404483795166016,109.36631774902344,71.60160827636719,114.60034942626953,19.000986099243164,64.60547637939453,39.475059509277344,744.197998046875,27.87068748474121,13.720000267028809
2016-11-17,187.48085021972656,19.917184829711914,23.73918914794922,18.503549575805664,51.9095458984375,21.422618865966797,38.98887252807617,17.06222915649414,59.82230758666992,36.843257904052734,110.1614990234375,71.98233795166016,115.27271270751953,19.116310119628906,65.56208801269531,40.046600341796875,740.9769897460938,27.910852432250977,13.350000381469727
2016-11-18,187.06137084960938,19.888362884521484,23.83637809753418,18.503549575805664,51.89261245727539,21.404537200927734,38.85042190551758,17.010780334472656,59.1854248046875,36.730159759521484,109.74988555908203,71.81310272216797,115.88314056396484,19.051729202270508,65.0689926147461,40.32061767578125,751.5850219726562,27.782333374023438,12.850000381469727
2016-11-19,,,,,,,,,,,,,,,,,751.6160278320312,,
2016-11-20,,,,,,,,,,,,,,,,,731.0260009765625,,
2016-11-21,188.4739532470703,20.12298011779785,24.4027099609375,18.57035255432129,52.171974182128906,21.621482849121094,39.11198425292969,17.190845489501953,59.39773941040039,36.96992111206055,110.89115905761719,72.3800277709961,116.42280578613281,19.263927459716797,65.44373321533203,40.44589614868164,739.2479858398438,28.055421829223633,12.420000076293945
2016-11-22,188.8421173095703,20.246458053588867,24.38930320739746,18.578702926635742,52.409000396728516,21.689273834228516,39.312007904052734,17.256988525390625,58.540096282958984,37.4086799621582,111.22792053222656,72.60005187988281,117.4843978881836,19.31098175048828,63.73762512207031,40.69642639160156,751.3469848632812,28.481107711791992,12.40999984741211
2016-11-23,188.94480895996094,20.337007522583008,24.489845275878906,18.6872501373291,52.79841232299805,21.6033935546875,39.09659194946289,17.084278106689453,58.76935577392578,37.444881439208984,110.77889251708984,72.77771759033203,118.21871948242188,19.217796325683594,64.83229064941406,40.94697189331055,744.593994140625,28.1758975982666,12.430000305175781
2016-11-24,,,,,,,,,,,,,,,,,740.2890014648438,,
2016-11-25,189.6468505859375,20.398754119873047,24.36920928955078,18.712305068969727,53.08623123168945,21.693790435791016,39.40431213378906,17.33049201965332,58.99863815307617,37.53533935546875,111.1343765258789,73.0400390625,118.60791778564453,19.328508377075195,65.48318481445312,40.94697189331055,741.6489868164062,28.312440872192383,12.34000015258789
2016-11-26,,,,,,,,,,,,,,,,,735.3820190429688,,
2016-11-27,,,,,,,,,,,,,,,,,732.0349731445312,,
2016-11-28,188.75643920898438,20.316425323486328,24.03074073791504,18.49520492553711,52.722225189208984,21.71186637878418,39.48894119262695,17.664901733398438,58.55707931518555,37.23678207397461,110.88176727294922,72.54926300048828,117.06858825683594,19.24547576904297,63.461490631103516,40.171852111816406,735.81298828125,28.424888610839844,13.149999618530273
2016-11-29,189.12460327148438,20.337007522583008,23.735849380493164,18.545299530029297,52.764549255371094,21.725431442260742,39.54278564453125,17.738391876220703,58.9391975402832,37.3363151550293,111.26534271240234,72.60005187988281,117.00668334960938,18.7841739654541,63.67845153808594,40.304962158203125,735.60400390625,28.46504783630371,12.899999618530273
2016-11-30,188.67086791992188,20.55514907836914,24.94223976135254,18.795799255371094,52.83228302001953,21.467809677124023,38.911956787109375,17.179821014404297,58.378753662109375,37.02418899536133,109.91826629638672,72.61695861816406,116.43162536621094,18.553525924682617,61.8046875,41.033077239990234,745.6909790039062,28.51323890686035,13.329999923706055
2016-12-01,187.9774169921875,20.563385009765625,25.002565383911133,19.121448516845703,53.17934799194336,21.02489471435547,38.658077239990234,17.04384994506836,57.954166412353516,37.04227828979492,108.01924133300781,72.39696502685547,115.86547088623047,18.119901657104492,60.29581069946289,41.85513687133789,756.7739868164062,28.1758975982666,14.069999694824219
2016-12-02,188.07159423828125,20.571622848510742,25.07628631591797,18.912704467773438,53.17088317871094,21.101730346679688,38.904266357421875,17.198200225830078,58.09006118774414,36.838741302490234,108.23439025878906,72.41387176513672,115.80351257324219,18.26290512084961,60.956565856933594,41.518497467041016,777.9439697265625,28.208023071289062,14.119999885559082
2016-12-03,,,,,,,,,,,,,,,,,771.155029296875,,
2016-12-04,,,,,,,,,,,,,,,,,773.8720092773438,,
2016-12-05,189.20162963867188,20.732145309448242,25.297466278076172,19.138145446777344,53.12855529785156,21.305112838745117,38.95043182373047,17.220243453979492,57.9881477355957,37.2413215637207,109.0763168334961,72.95541381835938,117.7940444946289,18.63471221923828,62.337215423583984,42.02739715576172,758.7000122070312,28.440954208374023,12.140000343322754
2016-12-06,189.80091857910156,20.756832122802734,25.25054359436035,19.305150985717773,53.23014831542969,21.368383407592773,39.0658073425293,17.187171936035156,58.14948654174805,37.32724380493164,109.33827209472656,73.32775115966797,119.06793975830078,18.613492965698242,63.49106979370117,42.669395446777344,764.2239990234375,28.593563079833984,11.789999961853027
2016-12-07,192.28369140625,21.05318832397461,25.451608657836914,19.605745315551758,54.22059631347656,21.775150299072266,39.62741470336914,17.411334991455078,57.64848327636719,38.05101776123047,110.7227554321289,74.37696075439453,120.22688293457031,18.525846481323242,60.936832427978516,43.09217071533203,768.1320190429688,29.075469970703125,12.220000267028809
2016-12-08,192.75445556640625,21.193126678466797,25.5889949798584,19.78944969177246,53.91583251953125,21.829376220703125,39.46586608886719,17.440732955932617,57.758872985839844,38.05101776123047,110.91920471191406,74.68158721923828,122.12007904052734,18.752805709838867,61.2425537109375,43.77330017089844,770.8099975585938,29.2039852142334,12.640000343322754
2016-12-09,193.9188690185547,21.19724464416504,25.66943359375,19.83119773864746,54.16133499145508,21.98755645751953,40.03516387939453,17.624473571777344,58.463661193847656,38.136962890625,111.78923034667969,74.89312744140625,122.35894775390625,18.821077346801758,61.04532241821289,43.86725616455078,772.7940063476562,29.051372528076172,11.75
2016-12-10,,,,,,,,,,,,,,,,,774.6500244140625,,
2016-12-11,,,,,,,,,,,,,,,,,769.7310180664062,,
2016-12-12,193.6962127685547,21.102577209472656,25.790069580078125,19.63915252685547,53.96664047241211,21.919769287109375,40.19670867919922,17.808218002319336,58.74387741088867,37.820316314697266,111.2840347290039,74.50387573242188,121.06731414794922,18.820158004760742,60.13801574707031,43.01388931274414,780.0869750976562,28.858612060546875,12.640000343322754
2016-12-13,194.989013671875,21.069650650024414,26.081619262695312,19.689252853393555,53.89044952392578,22.19546127319336,40.38135528564453,17.991960525512695,59.21942138671875,38.15956115722656,112.6872787475586,74.81697082519531,121.076171875,18.959468841552734,60.06898498535156,43.07651138305664,780.5560302734375,29.179887771606445,12.720000267028809
2016-12-14,193.37948608398438,20.818571090698242,25.558849334716797,19.597402572631836,53.34865951538086,22.118623733520508,39.94282913208008,17.62080192565918,58.91371536254883,37.901737213134766,112.45338439941406,74.03850555419922,119.56339263916016,18.831228256225586,60.05912780761719,42.935585021972656,781.4810180664062,28.312440872192383,13.1899995803833
2016-12-15,194.1756591796875,20.95440101623535,25.615808486938477,19.764392852783203,53.40791320800781,22.218055725097656,40.112091064453125,17.74574851989746,59.29584503173828,37.811248779296875,112.6311264038086,74.3008041381836,120.45691680908203,19.172590255737305,61.08476257324219,43.56193161010742,778.0880126953125,28.36063003540039,12.789999961853027
2016-12-16,193.79592895507812,20.8897762298584,25.774822235107422,19.594125747680664,53.300601959228516,22.057355880737305,40.34150314331055,17.96205711364746,59.34274673461914,37.62562561035156,112.21361541748047,74.09484100341797,120.23573303222656,19.217796325683594,61.11239242553711,43.0196533203125,784.906982421875,28.232126235961914,12.199999809265137
2016-12-17,,,,,,,,,,,,,,,,,790.8289794921875,,
2016-12-18,,,,,,,,,,,,,,,,,790.530029296875,,
2016-12-19,194.21792602539062,20.848337173461914,25.656917572021484,19.602514266967773,53.598697662353516,22.21623992919922,40.419002532958984,18.02884292602539,59.09540939331055,37.72572708129883,112.67332458496094,74.20502471923828,121.02306365966797,19.273151397705078,60.18510055541992,43.27900695800781,792.7139892578125,28.039358139038086,11.710000038146973
2016-12-20,194.9670867919922,20.864917755126953,25.599637985229492,19.845762252807617,53.905330657958984,22.297954559326172,40.34150314331055,18.051111221313477,59.05275344848633,38.02603530883789,113.10492706298828,74.45085144042969,122.04931640625,19.21595001220703,60.89535903930664,44.09634017944336,800.8759765625,28.1357421875,11.449999809265137
2016-12-21,194.424560546875,20.87319564819336,25.640066146850586,19.795429229736328,53.70090103149414,22.2525577545166,40.333763122558594,17.976900100708008,58.72012710571289,38.00783157348633,113.0204849243164,74.28132629394531,121.25312042236328,18.913339614868164,59.64252853393555,43.94700622558594,834.281005859375,28.01875877380371,11.270000457763672
2016-12-22,194.08871459960938,20.786191940307617,25.7445011138916,19.74510955810547,53.598697662353516,22.20716094970703,40.27174758911133,18.039979934692383,58.79690170288086,37.59832000732422,112.70149993896484,73.98468017578125,120.20760345458984,18.655012130737305,58.665916442871094,44.08061218261719,864.5399780273438,27.685686111450195,11.430000305175781
2016-12-23,194.3729248046875,20.8276309967041,25.720922470092773,19.778661727905273,53.64979934692383,22.229862213134766,40.349266052246094,18.036272048950195,59.240386962890625,37.51641082763672,112.77658081054688,74.13721466064453,120.84713745117188,18.73804473876953,60.69806671142578,44.09634017944336,921.9840087890625,27.84815788269043,11.4399995803833
2016-12-24,,,,,,,,,,,,,,,,,898.822021484375,,
2016-12-25,,,,,,,,,,,,,,,,,896.1829833984375,,
2016-12-26,,,,,,,,,,,,,,,,,907.6099853515625,,
2016-12-27,194.85511779785156,20.939489364624023,25.77818489074707,19.803823471069336,53.760528564453125,22.320650100708008,40.34150314331055,18.051111221313477,59.35978317260742,37.662017822265625,113.35826873779297,74.38301849365234,121.38899993896484,19.111696243286133,60.125911712646484,44.37139892578125,933.197998046875,27.970022201538086,11.989999771118164
2016-12-28,193.24476623535156,20.72818946838379,25.498573303222656,19.602514266967773,53.19839096069336,22.120908737182617,40.09347915649414,17.880434036254883,58.907779693603516,37.40265655517578,112.47633361816406,73.62020874023438,120.14535522460938,18.719594955444336,59.31699752807617,43.86840057373047,975.9210205078125,28.18123435974121,12.949999809265137
2016-12-29,193.2017059326172,20.72818946838379,25.44805145263672,19.459915161132812,53.18134307861328,22.125452041625977,40.27950668334961,18.12160873413086,59.01011657714844,37.35260772705078,112.31683349609375,73.64559936523438,120.25193786621094,18.62733268737793,58.85335159301758,43.49905014038086,973.4970092773438,28.644283294677734,13.369999885559082
2016-12-30,192.49560546875,20.591468811035156,25.373929977416992,19.501859664916992,52.99397277832031,21.952951431274414,40.07798385620117,18.021427154541016,58.79690170288086,37.03863525390625,111.16278076171875,73.4337387084961,119.79002380371094,18.498167037963867,58.38970947265625,43.67194366455078,961.2379760742188,28.441186904907227,14.039999961853027
2016-12-31,,,,,,,,,,,,,,,,,963.7429809570312,,
2017-01-01,,,,,,,,,,,,,,,,,998.3250122070312,,
2017-01-02,,,,,,,,,,,,,,,,,1021.75,,
2017-01-03,193.96820068359375,20.71160888671875,25.660287857055664,19.719942092895508,53.30911636352539,22.148149490356445,40.22523880004883,17.976900100708008,59.56447219848633,37.25705337524414,112.15729522705078,74.01856994628906,120.38526153564453,18.85521697998047,58.78429412841797,43.67194366455078,1043.8399658203125,28.78238296508789,12.850000381469727
2017-01-04,195.1221160888672,21.014062881469727,25.60638999938965,19.879314422607422,53.62424850463867,22.225322723388672,40.22523880004883,18.04368782043457,60.033599853515625,37.75303649902344,112.76716613769531,74.7389907836914,122.39282989501953,19.706775665283203,61.49711608886719,44.35566711425781,1154.72998046875,29.001733779907227,11.850000381469727
2017-01-05,194.9670867919922,20.95191764831543,25.542375564575195,19.677997589111328,53.4709358215332,22.26163101196289,40.35700607299805,18.062244415283203,60.34060287475586,37.72572708129883,113.40518951416016,74.53558349609375,120.98041534423828,19.513029098510742,61.62535858154297,43.6562385559082,1013.3800048828125,29.318559646606445,11.670000076293945
2017-01-06,195.66461181640625,20.972631454467773,25.565959930419922,19.74510955810547,53.777565002441406,22.4250545501709,40.3957633972168,18.11789321899414,60.511146545410156,37.91228485107422,114.39970397949219,74.7389907836914,120.53624725341797,19.711389541625977,62.49346160888672,43.836978912353516,902.2009887695312,29.196699142456055,11.319999694824219
2017-01-07,,,,,,,,,,,,,,,,,908.5850219726562,,
2017-01-08,,,,,,,,,,,,,,,,,911.198974609375,,
2017-01-09,195.01876831054688,20.96849822998047,25.195383071899414,19.610897064208984,53.360225677490234,22.420516967773438,40.070228576660156,17.880434036254883,60.76702117919922,37.88042068481445,114.77503204345703,74.33216857910156,119.74562072753906,19.96971893310547,64.47628021240234,43.41260528564453,902.8280029296875,29.172325134277344,11.5600004196167
2017-01-10,195.01876831054688,20.980918884277344,24.96630859375,19.6528377532959,53.581661224365234,22.4250545501709,39.86871337890625,17.82477569580078,60.98026657104492,38.01694869995117,115.0283432006836,74.39996337890625,120.89155578613281,20.251113891601562,64.86103057861328,43.82126235961914,907.6790161132812,29.342927932739258,11.489999771118164
2017-01-11,195.56988525390625,21.150785446166992,25.235809326171875,19.778661727905273,53.86273193359375,22.529468536376953,39.946224212646484,18.010299682617188,60.3661994934082,38.09883499145508,115.33795928955078,74.59493255615234,121.10475158691406,20.094268798828125,62.63156509399414,44.08061218261719,777.7570190429688,29.692251205444336,11.260000228881836
2017-01-12,195.07904052734375,21.109359741210938,25.131383895874023,19.610897064208984,53.64128494262695,22.474992752075195,39.90747833251953,18.02513885498047,60.42586898803711,38.062442779541016,115.15970611572266,74.47627258300781,120.17203521728516,20.140398025512695,63.608177185058594,43.37331008911133,804.833984375,29.822235107421875,11.539999961853027
2017-01-13,195.52684020996094,21.076215744018555,25.057266235351562,19.719942092895508,53.84569549560547,22.543081283569336,39.93072509765625,17.999174118041992,60.48557662963867,38.2034912109375,115.55375671386719,74.62882232666016,121.04257202148438,20.352596282958984,64.12113952636719,43.86056137084961,823.9840087890625,29.797863006591797,11.229999542236328
2017-01-14,,,,,,,,,,,,,,,,,818.4119873046875,,
2017-01-15,,,,,,,,,,,,,,,,,821.7979736328125,,
2017-01-16,,,,,,,,,,,,,,,,,831.5339965820312,,
2017-01-17,194.83792114257812,20.980918884277344,25.212217330932617,19.250221252441406,53.42835235595703,22.456832885742188,40.49651336669922,18.195816040039062,60.17857360839844,38.26719665527344,115.20659637451172,74.43388366699219,119.39920806884766,20.038911819458008,62.57238006591797,42.27305603027344,907.93798828125,29.7816104888916,11.869999885559082
2017-01-18,195.2684783935547,21.113500595092773,25.154958724975586,19.409591674804688,53.632774353027344,22.515846252441406,40.63602066040039,18.17355728149414,60.10177230834961,38.198951721191406,115.44114685058594,74.65425109863281,119.79002380371094,20.112720489501953,63.37141799926758,42.744598388671875,886.6179809570312,29.61913299560547,12.479999542236328
2017-01-19,194.5451202392578,20.980918884277344,25.016841888427734,19.325708389282227,54.024566650390625,22.484071731567383,40.488765716552734,18.014005661010742,59.71800994873047,38.08065414428711,115.38487243652344,74.28132629394531,118.81287384033203,20.140398025512695,62.75980758666992,42.516693115234375,899.072998046875,29.529775619506836,12.779999732971191
2017-01-20,195.25991821289062,21.167356491088867,25.111169815063477,19.417978286743164,54.033077239990234,22.60663604736328,40.75228500366211,18.047399520874023,59.56447219848633,38.189842224121094,115.63817596435547,74.56102752685547,119.42581176757812,20.157930374145508,62.29616165161133,42.846763610839844,895.0260009765625,29.586633682250977,11.539999961853027
2017-01-21,,,,,,,,,,,,,,,,,921.7890014648438,,
2017-01-22,,,,,,,,,,,,,,,,,924.6729736328125,,
2017-01-23,194.75180053710938,21.20879364013672,24.845027923583984,19.292156219482422,53.73497772216797,22.64748764038086,40.73679733276367,17.954639434814453,59.31716537475586,38.21713638305664,115.73201751708984,74.34063720703125,118.9283447265625,20.203134536743164,61.5168571472168,42.71315383911133,921.0120239257812,30.025318145751953,11.770000457763672
2017-01-24,196.00048828125,21.755687713623047,25.117902755737305,19.53541374206543,54.27155303955078,22.788219451904297,41.008052825927734,17.950929641723633,58.907779693603516,38.53111267089844,116.51075744628906,75.0780258178711,120.7494125366211,20.352596282958984,61.59575653076172,43.52263641357422,892.68701171875,30.21216583251953,11.069999694824219
2017-01-25,197.6969757080078,21.900699615478516,25.249282836914062,19.862537384033203,54.842201232910156,23.0061092376709,41.00030517578125,17.950929641723633,59.46214294433594,38.76771926879883,117.68355560302734,75.64591217041016,121.88644409179688,20.52328109741211,61.9311637878418,44.3399543762207,901.5419921875,30.545244216918945,10.8100004196167
2017-01-26,197.49026489257812,21.958703994750977,25.269500732421875,19.912860870361328,54.96995544433594,22.94255828857422,40.8220329284668,17.958349227905273,59.00159454345703,38.826873779296875,117.80552673339844,75.4425048828125,121.39790344238281,20.398725509643555,61.783206939697266,44.70146560668945,917.5859985351562,30.415258407592773,10.630000114440918
2017-01-27,197.1802978515625,21.879981994628906,25.00673484802246,19.837369918823242,54.927391052246094,23.033348083496094,40.59726333618164,17.954639434814453,59.48771667480469,38.704010009765625,118.03070831298828,75.21363067626953,120.98041534423828,20.458694458007812,62.56251525878906,44.23779296875,919.75,30.439634323120117,10.579999923706055
2017-01-28,,,,,,,,,,,,,,,,,921.5900268554688,,
2017-01-29,,,,,,,,,,,,,,,,,919.4959716796875,,
2017-01-30,195.9574737548828,21.65625,24.548568725585938,19.677997589111328,54.45893859863281,22.84722900390625,40.56626510620117,17.969486236572266,59.197757720947266,38.65851974487305,117.11122131347656,74.78983306884766,119.29258728027344,20.30000877380371,61.477386474609375,43.58549118041992,920.3820190429688,30.277156829833984,11.880000114440918
2017-01-31,195.94020080566406,21.527820587158203,24.558679580688477,19.552183151245117,53.98198318481445,22.73374366760254,40.76001739501953,18.24776268005371,60.14442443847656,38.59935760498047,116.87665557861328,74.90850067138672,120.12760925292969,20.38119888305664,64.02250671386719,43.53835678100586,970.4030151367188,30.33402442932129,11.989999771118164
2017-02-01,196.01766967773438,21.635541915893555,24.376768112182617,19.577342987060547,53.88827896118164,22.9062442779541,40.4422607421875,17.932382583618164,60.664703369140625,38.52656936645508,117.68355560302734,74.72206115722656,120.0565414428711,20.55003547668457,64.08169555664062,43.444034576416016,989.0230102539062,30.35027503967285,11.8100004196167
2017-02-02,196.14691162109375,21.540250778198242,24.5148868560791,19.501859664916992,53.78607940673828,22.860849380493164,40.814292907714844,18.12160873413086,60.64761734008789,38.49470901489258,117.58037567138672,74.88306427001953,119.75450897216797,20.675506591796875,64.2296371459961,42.94892883300781,1011.7999877929688,30.480249404907227,11.930000305175781
2017-02-03,197.49893188476562,21.577537536621094,24.72711753845215,19.896085739135742,54.18638610839844,23.010650634765625,41.077796936035156,18.14387321472168,60.91201400756836,38.44464874267578,117.9181137084961,75.40010833740234,121.58445739746094,20.647829055786133,65.08789825439453,44.07274627685547,1029.9100341796875,30.66709327697754,10.970000267028809
2017-02-04,,,,,,,,,,,,,,,,,1042.9000244140625,,
2017-02-05,,,,,,,,,,,,,,,,,1027.3399658203125,,
2017-02-06,197.1458282470703,21.519527435302734,24.518245697021484,19.803823471069336,54.26304626464844,23.02427101135254,40.85304641723633,18.106767654418945,60.98026657104492,38.330909729003906,118.0588607788086,75.19668579101562,120.66947174072266,20.657054901123047,64.9793930053711,43.75053787231445,1038.1500244140625,30.593982696533203,11.369999885559082
2017-02-07,197.1544647216797,21.349655151367188,24.1712646484375,19.753488540649414,54.35672378540039,23.115060806274414,41.18631362915039,18.151294708251953,61.03996658325195,38.29450988769531,118.49044036865234,75.12042999267578,120.13648223876953,20.555570602416992,64.43682098388672,43.58549118041992,1061.3499755859375,30.439634323120117,11.289999961853027
2017-02-08,197.41278076171875,21.39937973022461,24.228532791137695,19.61928367614746,54.28007507324219,23.155908584594727,41.3568229675293,18.32939338684082,60.94612121582031,38.53111267089844,118.68746948242188,75.28144073486328,119.92328643798828,20.74931526184082,64.99913787841797,43.15326690673828,1063.0699462890625,30.626474380493164,11.449999809265137
2017-02-09,198.5839385986328,21.39109230041504,24.50141143798828,19.887699127197266,54.69741439819336,23.228546142578125,41.5273323059082,18.17355728149414,61.16789627075195,38.772274017333984,119.11907196044922,75.74765014648438,121.61106872558594,21.15064811706543,66.16316223144531,43.93914031982422,994.3829956054688,30.76457405090332,10.880000114440918
2017-02-10,199.3676300048828,21.585817337036133,24.686695098876953,19.94641876220703,55.13179397583008,23.296646118164062,41.55834197998047,18.288578033447266,61.28727340698242,39.00887680053711,119.51313018798828,76.1714096069336,122.53491973876953,21.19216537475586,65.84746551513672,44.14347457885742,988.6740112304688,31.048913955688477,10.850000381469727
2017-02-11,,,,,,,,,,,,,,,,,1004.4500122070312,,
2017-02-12,,,,,,,,,,,,,,,,,999.1810302734375,,
2017-02-13,200.45269775390625,21.763973236083984,24.73386001586914,20.172887802124023,55.68540573120117,23.401037216186523,41.55834197998047,18.377628326416016,61.66255569458008,39.054378509521484,120.18868255615234,76.51040649414062,122.85475158691406,21.265972137451172,66.0743637084961,44.55214309692383,990.6420288085938,31.146400451660156,11.069999694824219
2017-02-14,201.2535858154297,21.75983238220215,24.81471061706543,20.407747268676758,55.710968017578125,23.478212356567383,41.566097259521484,18.244049072265625,62.14867401123047,39.2773323059082,120.59210205078125,76.71385192871094,123.26338958740234,21.422815322875977,67.07073211669922,45.34590148925781,1004.5499877929688,31.178890228271484,10.739999771118164
2017-02-15,202.30416870117188,21.7308292388916,24.717016220092773,20.567121505737305,56.009071350097656,23.555389404296875,41.94586181640625,18.19953155517578,62.822471618652344,39.48208999633789,121.30519104003906,77.0867691040039,124.00068664550781,21.37483787536621,68.17559051513672,45.542362213134766,1007.47998046875,31.43072509765625,11.970000267028809
2017-02-16,202.13197326660156,21.7308292388916,24.3801326751709,20.516794204711914,56.02609634399414,23.60986328125,42.000099182128906,18.381332397460938,62.73716354370117,39.281898498535156,121.26761627197266,76.89183807373047,123.65421295166016,21.201393127441406,67.7612533569336,45.4795036315918,1027.43994140625,31.316997528076172,11.760000228881836
2017-02-17,202.45057678222656,21.668682098388672,24.24538230895996,20.525178909301758,56.119781494140625,23.69157600402832,42.20937728881836,18.392473220825195,62.822471618652344,39.409297943115234,121.79304504394531,77.04440307617188,123.5743179321289,21.349008560180664,68.510986328125,45.34590148925781,1046.2099609375,31.187015533447266,11.489999771118164
2017-02-18,,,,,,,,,,,,,,,,,1054.4200439453125,,
2017-02-19,,,,,,,,,,,,,,,,,1047.8699951171875,,
2017-02-20,,,,,,,,,,,,,,,,,1079.97998046875,,
2017-02-21,203.6562042236328,21.73911476135254,24.410451889038086,20.625837326049805,56.40085983276367,23.814138412475586,42.58915710449219,18.585412979125977,63.10387420654297,39.636810302734375,122.3935317993164,77.58686065673828,124.54255676269531,21.40436553955078,68.07694244384766,45.542362213134766,1115.300048828125,31.528213500976562,11.569999694824219
2017-02-22,203.475341796875,21.797119140625,24.039878845214844,20.642608642578125,56.24754333496094,23.84138298034668,42.596900939941406,18.6633243560791,63.01008605957031,39.636810302734375,122.44043731689453,77.40039825439453,123.99181365966797,21.379453659057617,66.87342071533203,45.50308609008789,1117.43994140625,31.625696182250977,11.739999771118164
2017-02-23,203.6131591796875,21.676969528198242,24.14094352722168,20.642608642578125,55.88130187988281,23.836833953857422,42.69766616821289,18.856271743774414,63.47064971923828,39.36834716796875,121.98070526123047,77.26478576660156,123.2545166015625,21.19216537475586,66.23220825195312,45.534515380859375,1166.719970703125,31.63382339477539,11.710000038146973
2017-02-24,203.8715362548828,21.722549438476562,23.91523551940918,20.48324203491211,56.119781494140625,23.891311645507812,42.84492111206055,19.141969680786133,63.77766799926758,39.55035400390625,122.21526336669922,77.47665405273438,123.16564178466797,21.090681076049805,66.33086395263672,45.157283782958984,1173.6800537109375,31.260128021240234,11.470000267028809
2017-02-25,,,,,,,,,,,,,,,,,1143.8399658203125,,
2017-02-26,,,,,,,,,,,,,,,,,1165.199951171875,,
2017-02-27,204.19012451171875,21.668682098388672,24.120737075805664,20.592287063598633,56.32419967651367,23.877689361572266,42.65114974975586,19.03437042236328,64.08467864990234,39.59584045410156,122.36538696289062,77.6546630859375,124.3648681640625,21.46894645690918,69.52706146240234,45.55022048950195,1179.969970703125,31.162641525268555,12.09000015258789
2017-02-28,203.6389923095703,21.647966384887695,24.046613693237305,20.583894729614258,56.09423828125,23.764211654663086,42.70541763305664,19.20875358581543,63.95675277709961,39.30009841918945,121.99007415771484,77.25630950927734,122.44610595703125,21.335168838500977,69.26070404052734,45.157283782958984,1179.969970703125,30.862064361572266,12.920000076293945
2017-03-01,206.48947143554688,22.070573806762695,24.528358459472656,21.171049118041992,57.03963851928711,24.100130081176758,42.90693283081055,19.0380802154541,64.59642028808594,39.741458892822266,123.3224105834961,78.20556640625,124.6847152709961,21.676530838012695,70.50366973876953,46.65047073364258,1222.5,31.34137535095215,12.539999961853027
2017-03-02,205.18910217285156,21.834409713745117,24.29591178894043,20.843923568725586,56.42640686035156,23.941246032714844,42.899173736572266,19.17536163330078,64.39170837402344,39.645904541015625,122.70316314697266,77.69703674316406,123.2545166015625,21.45049476623535,69.64543151855469,45.440208435058594,1251.010009765625,30.788951873779297,11.8100004196167
2017-03-03,205.3182373046875,21.81783676147461,24.252119064331055,20.9445743560791,56.48603439331055,23.99571990966797,42.736419677734375,19.115997314453125,64.64759826660156,39.58675765991211,122.9283218383789,77.68853759765625,123.16564178466797,21.40436553955078,70.38529968261719,45.73884201049805,1274.989990234375,31.0245361328125,10.960000038146973
2017-03-04,,,,,,,,,,,,,,,,,1255.1500244140625,,
2017-03-05,,,,,,,,,,,,,,,,,1267.1199951171875,,
2017-03-06,204.7068328857422,21.676969528198242,24.306013107299805,20.785198211669922,56.349769592285156,23.95940589904785,42.55040740966797,19.078887939453125,64.4002456665039,39.4593620300293,122.65625,77.3410415649414,122.32176208496094,21.46894645690918,69.77366638183594,45.44806671142578,1272.8299560546875,31.040788650512695,11.239999771118164
2017-03-07,204.09542846679688,21.556827545166016,24.090415954589844,20.726491928100586,56.18793487548828,23.95940589904785,42.49615478515625,19.067758560180664,63.94823455810547,39.331947326660156,122.44983673095703,76.99356079101562,121.5222396850586,21.445880889892578,68.64908599853516,45.251590728759766,1223.5400390625,31.073280334472656,11.449999809265137
2017-03-08,203.71649169921875,21.556827545166016,23.46381187438965,20.73487663269043,55.992027282714844,23.98663330078125,42.403141021728516,18.79319190979004,64.20410919189453,39.495758056640625,122.6656265258789,76.81558990478516,120.7227783203125,21.440345764160156,69.65530395507812,45.00796127319336,1150.0,30.780820846557617,11.859999656677246
2017-03-09,203.97482299804688,21.490524291992188,23.618783950805664,20.810365676879883,55.73651123046875,23.982101440429688,42.47289276123047,18.752376556396484,64.55377197265625,39.4593620300293,122.75946807861328,76.7477798461914,120.24304962158203,21.21523094177246,70.00056457519531,44.99224090576172,1188.489990234375,30.537126541137695,12.300000190734863
2017-03-10,204.6896209716797,21.589963912963867,23.58509635925293,20.793596267700195,56.07719802856445,24.10920524597168,42.66666793823242,18.90821647644043,64.80110931396484,39.51850891113281,123.27545928955078,77.0528793334961,120.77608489990234,21.41358757019043,70.53327941894531,44.78791809082031,1116.719970703125,30.878314971923828,11.65999984741211
2017-03-11,,,,,,,,,,,,,,,,,1175.8299560546875,,
2017-03-12,,,,,,,,,,,,,,,,,1221.3800048828125,,
2017-03-13,204.79296875,21.652111053466797,23.588459014892578,20.843923568725586,56.04314041137695,24.131900787353516,42.69766616821289,18.963869094848633,64.74993896484375,39.62316131591797,123.48190307617188,77.20542907714844,121.06033325195312,21.616561889648438,70.66150665283203,44.84292221069336,1231.9200439453125,31.308870315551758,11.350000381469727
2017-03-14,204.00929260253906,21.46567153930664,23.32232666015625,20.785198211669922,55.51506805419922,24.07742691040039,42.57365036010742,18.945316314697266,64.51115417480469,39.61405944824219,123.18162536621094,76.84098052978516,120.48291778564453,21.570430755615234,69.88217163085938,44.72503662109375,1240.0,31.13014793395996,12.300000190734863
2017-03-15,205.77468872070312,21.809551239013672,23.841123580932617,20.751651763916016,56.14533996582031,24.24085235595703,42.89142990112305,19.24957275390625,65.32136535644531,39.823368072509766,123.94161987304688,77.68008422851562,122.348388671875,21.76879119873047,71.34217071533203,44.347816467285156,1249.6099853515625,31.942522048950195,11.630000114440918
2017-03-16,205.3699188232422,21.660396575927734,23.67267417907715,20.785198211669922,55.88982009887695,24.254470825195312,42.95342254638672,19.0380802154541,64.69026184082031,39.81881332397461,123.85713958740234,77.5020980834961,122.50830078125,21.884117126464844,70.49380493164062,44.75647735595703,1187.81005859375,32.13749313354492,11.210000038146973
2017-03-17,205.00924682617188,21.753496170043945,23.655397415161133,20.581493377685547,56.19528579711914,24.30687713623047,42.836551666259766,19.152851104736328,64.33413696289062,39.86948013305664,123.8139419555664,77.47657775878906,122.99687957763672,21.877660751342773,70.07937622070312,44.5704460144043,1100.22998046875,32.080631256103516,11.279999732971191
2017-03-18,,,,,,,,,,,,,,,,,973.8179931640625,,
2017-03-19,,,,,,,,,,,,,,,,,1036.739990234375,,
2017-03-20,204.78436279296875,21.874025344848633,23.621511459350586,20.413137435913086,56.092613220214844,24.329666137695312,42.92226791381836,19.025739669799805,64.24002838134766,39.77363204956055,123.92675018310547,77.2553482055664,122.46391296386719,21.865663528442383,70.19775390625,43.93192672729492,1054.22998046875,32.454315185546875,11.34000015258789
2017-03-21,202.15504455566406,21.508283615112305,23.4554386138916,19.84072494506836,55.23701477050781,23.974220275878906,42.88330841064453,19.2949161529541,63.73497009277344,39.271610260009766,122.0463638305664,76.24285125732422,119.0082778930664,21.255823135375977,66.86255645751953,41.574913024902344,1120.5400390625,32.096866607666016,12.470000267028809
2017-03-22,202.6307830810547,21.57062530517578,23.421550750732422,19.798641204833984,55.43379592895508,24.12459373474121,42.797607421875,19.388381958007812,63.75210952758789,39.317256927490234,122.87372589111328,76.37899780273438,119.03495788574219,21.238296508789062,67.51380920410156,41.456661224365234,1049.1400146484375,32.251220703125,12.8100004196167
2017-03-23,202.41456604003906,21.66206169128418,23.326663970947266,19.84072494506836,55.356788635253906,24.06079864501953,42.70411682128906,19.32856559753418,63.55524444580078,39.40852737426758,122.5634765625,76.41301727294922,119.72786712646484,21.242908477783203,67.25725555419922,41.77198028564453,1038.5899658203125,32.25934982299805,13.119999885559082
2017-03-24,202.26747131347656,21.470874786376953,23.235153198242188,19.815479278564453,55.21133041381836,24.07901954650879,42.61840057373047,19.39959716796875,63.5894889831543,39.504364013671875,122.81733703613281,76.41301727294922,119.81427001953125,21.367460250854492,67.80982208251953,41.83504104614258,937.52001953125,32.34059143066406,12.960000038146973
2017-03-25,,,,,,,,,,,,,,,,,972.7789916992188,,
2017-03-26,,,,,,,,,,,,,,,,,966.7249755859375,,
2017-03-27,202.0599365234375,21.51659393310547,23.1267032623291,19.739709854125977,55.01456069946289,24.07901954650879,42.579444885253906,19.324827194213867,63.760658264160156,39.49067306518555,123.01480102539062,76.27690124511719,120.03701782226562,21.616561889648438,68.82617950439453,41.6064338684082,1045.77001953125,32.251220703125,12.5
2017-03-28,203.5302276611328,21.765962600708008,23.4554386138916,20.009082794189453,55.59636306762695,24.252193450927734,42.6573600769043,19.309873580932617,63.803470611572266,39.79188919067383,123.76689910888672,76.9065170288086,120.9724349975586,21.76879119873047,68.39201354980469,42.30801773071289,1047.1500244140625,32.34059143066406,11.529999732971191
2017-03-29,203.7205352783203,21.782588958740234,23.777408599853516,19.8828125,55.587791442871094,24.2932071685791,42.73527908325195,19.25753402709961,63.82059860229492,40.029212951660156,124.34043884277344,77.17024993896484,121.36442565917969,21.948698043823242,68.80644989013672,42.16613006591797,1039.969970703125,32.3974494934082,11.420000076293945
2017-03-30,204.3692626953125,21.786739349365234,23.770620346069336,20.143770217895508,55.89582061767578,24.338775634765625,42.64958190917969,19.107988357543945,63.82912826538086,40.13417434692383,124.54728698730469,77.32342529296875,122.281982421875,22.00405502319336,68.33282470703125,43.466819763183594,1026.4300537109375,32.22684860229492,11.539999961853027
2017-03-31,203.8935546875,21.782588958740234,23.689287185668945,19.97541618347168,55.6648063659668,24.2932071685791,42.524906158447266,19.182762145996094,63.64939880371094,40.13875198364258,124.46265411376953,77.2723617553711,122.4780044555664,22.105541229248047,68.42162322998047,43.04902267456055,1071.7900390625,31.9993896484375,12.369999885559082
2017-04-01,,,,,,,,,,,,,,,,,1080.5,,
2017-04-02,,,,,,,,,,,,,,,,,1102.1700439453125,,
2017-04-03,203.53890991210938,21.699464797973633,23.648616790771484,19.93332290649414,55.54501724243164,24.270423889160156,42.45478820800781,19.179025650024414,63.70075225830078,39.979007720947266,124.387451171875,76.966064453125,121.18623352050781,22.170124053955078,67.40524291992188,42.639122009277344,1143.81005859375,32.178104400634766,12.380000114440918
2017-04-04,203.6686553955078,21.77843475341797,23.821460723876953,19.908071517944336,55.69046401977539,24.28864288330078,42.579444885253906,19.238842010498047,63.6665153503418,39.91511917114258,124.58489227294922,76.87247467041016,121.0436782836914,22.077863693237305,67.43485260009766,42.66276550292969,1133.25,32.194358825683594,11.789999961853027
2017-04-05,203.06321716308594,21.761808395385742,23.74690055847168,19.756547927856445,55.51079177856445,24.188400268554688,42.501529693603516,19.347259521484375,63.4696159362793,39.81928253173828,124.07720184326172,76.65975189208984,119.67173767089844,21.82415008544922,66.04354858398438,41.87446212768555,1124.780029296875,32.096866607666016,12.890000343322754
2017-04-06,203.6340789794922,21.878183364868164,23.936691284179688,19.8828125,55.6648063659668,24.19295310974121,42.501529693603516,19.298660278320312,63.58090591430664,39.942501068115234,124.1429672241211,77.06817626953125,120.78533935546875,21.926557540893555,65.95475006103516,42.43415832519531,1182.6800537109375,32.040000915527344,12.390000343322754
2017-04-07,203.42645263671875,21.857398986816406,23.845178604125977,19.798641204833984,55.724700927734375,24.179279327392578,42.61840057373047,19.21640968322754,63.692176818847656,39.823829650878906,124.07720184326172,77.00009155273438,120.7319107055664,22.09078025817871,66.42839050292969,42.260719299316406,1176.9000244140625,31.983144760131836,12.869999885559082
2017-04-08,,,,,,,,,,,,,,,,,1175.949951171875,,
2017-04-09,,,,,,,,,,,,,,,,,1187.8699951171875,,
2017-04-10,203.54759216308594,21.861555099487305,24.024803161621094,19.748132705688477,55.86159133911133,24.133712768554688,42.743064880371094,19.25005531311035,63.57236862182617,39.96986770629883,124.12418365478516,77.17877960205078,120.9991455078125,22.22270965576172,66.41851043701172,41.99270248413086,1187.1300048828125,31.853158950805664,14.050000190734863
2017-04-11,203.30540466308594,21.803373336791992,24.028186798095703,19.689205169677734,55.9385986328125,24.042572021484375,42.75864028930664,19.242578506469727,63.48674011230469,39.93791961669922,123.58828735351562,77.20430755615234,121.9612808227539,22.167354583740234,66.23103332519531,42.237083435058594,1205.010009765625,31.78005027770996,15.069999694824219
2017-04-12,202.41456604003906,21.53321647644043,23.926517486572266,19.529273986816406,55.1685676574707,23.96054458618164,42.92226791381836,19.384641647338867,63.48674011230469,39.7781982421875,123.08999633789062,76.72782897949219,120.30427551269531,21.972686767578125,66.54679870605469,41.645851135253906,1200.3699951171875,31.934404373168945,15.770000457763672
2017-04-13,201.0998992919922,21.325407028198242,23.489330291748047,19.276729583740234,54.774986267089844,23.86484718322754,42.727481842041016,19.321090698242188,63.32414245605469,39.49981689453125,122.60107421875,76.19181060791016,119.12830352783203,22.00405502319336,67.5631332397461,40.76294708251953,1169.280029296875,31.796297073364258,15.960000038146973
2017-04-14,,,,,,,,,,,,,,,,,1167.5400390625,,
2017-04-15,,,,,,,,,,,,,,,,,1172.52001953125,,
2017-04-16,,,,,,,,,,,,,,,,,1182.93994140625,,
2017-04-17,202.88160705566406,21.479185104370117,23.54016876220703,19.613447189331055,55.37390899658203,24.083580017089844,43.03133773803711,19.407081604003906,63.55524444580078,39.90597152709961,123.61648559570312,76.81290435791016,120.52696228027344,22.129528045654297,67.89865112304688,41.48030471801758,1193.9100341796875,32.129371643066406,14.65999984741211
2017-04-18,202.27613830566406,21.454252243041992,23.319883346557617,19.428255081176758,55.194236755371094,24.07901954650879,43.22612380981445,19.45193862915039,62.861907958984375,39.910545349121094,123.42845153808594,76.5916748046875,120.5536880493164,22.290061950683594,66.95134735107422,41.26747512817383,1211.6700439453125,31.72317886352539,14.420000076293945
2017-04-19,201.9042510986328,21.483346939086914,22.97759246826172,19.36933135986328,55.24557113647461,24.06079864501953,43.06251525878906,19.317350387573242,63.050228118896484,39.947059631347656,123.62590026855469,76.61721801757812,120.9724349975586,22.41922950744629,67.18817901611328,41.535491943359375,1210.2900390625,31.528213500976562,14.930000305175781
2017-04-20,203.54759216308594,21.720243453979492,23.08942985534668,19.697628021240234,55.91292190551758,24.27953338623047,42.976806640625,19.242578506469727,63.44394302368164,40.36693572998047,124.66008758544922,77.24684143066406,122.51363372802734,22.649877548217773,67.6914291381836,42.410499572753906,1229.0799560546875,31.918148040771484,14.149999618530273
2017-04-21,202.8988800048828,21.6953125,22.97420310974121,19.495595932006836,55.964263916015625,24.22940444946289,42.852142333984375,19.339780807495117,63.06736373901367,40.275665283203125,124.63191223144531,77.00009155273438,122.23749542236328,22.456130981445312,67.07965087890625,42.284366607666016,1222.050048828125,31.918148040771484,14.630000114440918
2017-04-22,,,,,,,,,,,,,,,,,1231.7099609375,,
2017-04-23,,,,,,,,,,,,,,,,,1207.2099609375,,
2017-04-24,205.13035583496094,21.944684982299805,23.109769821166992,19.93332290649414,56.75996017456055,24.51649284362793,43.241722106933594,19.440725326538086,63.692176818847656,40.535789489746094,126.13623046875,77.75732421875,123.76087951660156,22.76981544494629,68.24401092529297,43.214576721191406,1250.1500244140625,32.37308120727539,10.84000015258789
2017-04-25,206.3239288330078,22.297958374023438,23.30632781982422,20.110095977783203,57.03375244140625,24.644092559814453,43.413108825683594,19.414554595947266,63.96609878540039,40.85526657104492,127.0481948852539,78.16574096679688,124.96356201171875,23.083499908447266,69.64521026611328,43.372222900390625,1265.489990234375,32.657413482666016,10.760000228881836
2017-04-26,206.1941375732422,22.293800354003906,23.22837257385254,20.093259811401367,57.042293548583984,24.616748809814453,43.06251525878906,19.354740142822266,64.31703186035156,41.046939849853516,126.86958312988281,78.18274688720703,125.6050033569336,23.369508743286133,69.61560821533203,43.83732223510742,1281.0799560546875,32.535552978515625,10.850000381469727
2017-04-27,206.3671875,22.243925094604492,22.97420310974121,20.00066375732422,57.02519226074219,24.717008590698242,43.00796127319336,19.422029495239258,64.4540023803711,41.2660026550293,127.6310806274414,78.14871978759766,125.56934356689453,23.60015869140625,70.24710845947266,43.372222900390625,1317.72998046875,32.494937896728516,10.359999656677246
2017-04-28,205.91741943359375,22.056900024414062,22.99114227294922,19.80705451965332,56.75996017456055,24.78080177307129,42.99238586425781,19.32856559753418,64.62519836425781,41.10170364379883,127.85672760009766,77.78285217285156,123.88556671142578,23.22188949584961,70.49380493164062,42.60757827758789,1316.47998046875,32.54368591308594,10.819999694824219
2017-04-29,,,,,,,,,,,,,,,,,1321.7900390625,,
2017-04-30,,,,,,,,,,,,,,,,,1347.8900146484375,,
2017-05-01,206.43634033203125,22.06936264038086,22.926759719848633,19.93332290649414,56.588844299316406,24.967641830444336,42.82876205444336,19.212669372558594,64.77069091796875,41.156463623046875,128.99440002441406,77.74882507324219,124.59828186035156,23.720094680786133,71.17467498779297,43.08843994140625,1421.5999755859375,32.730525970458984,10.109999656677246
2017-05-02,206.51419067382812,22.106769561767578,22.811527252197266,19.908071517944336,56.86264419555664,25.022323608398438,42.54049301147461,19.2351016998291,64.95042419433594,41.20210647583008,129.2106170654297,77.8169174194336,123.96572875976562,23.692419052124023,69.96096801757812,42.73370361328125,1452.8199462890625,32.96610641479492,10.59000015258789
2017-05-03,206.26332092285156,21.890647888183594,22.875917434692383,20.068012237548828,56.905399322509766,24.97675132751465,42.579444885253906,19.167816162109375,64.63374328613281,40.96023178100586,128.7969970703125,77.57014465332031,123.19962310791016,23.60938262939453,69.54652404785156,43.1357307434082,1490.0899658203125,32.74678421020508,10.680000305175781
2017-05-04,206.50550842285156,21.915584564208984,22.455677032470703,20.101682662963867,56.965301513671875,24.95852279663086,42.90668869018555,19.2351016998291,65.06172943115234,40.896339416503906,128.8439178466797,77.63822937011719,123.03035736083984,23.526348114013672,69.78333282470703,43.214576721191406,1537.6700439453125,32.38120651245117,10.460000038146973
2017-05-05,207.31854248046875,22.2273006439209,22.811527252197266,20.068012237548828,57.25619888305664,25.049663543701172,43.023555755615234,19.339780807495117,65.02751159667969,41.15190887451172,129.31407165527344,78.14871978759766,123.82322692871094,23.766223907470703,69.22089385986328,43.09632110595703,1555.449951171875,32.64928436279297,10.569999694824219
2017-05-06,,,,,,,,,,,,,,,,,1578.800048828125,,
2017-05-07,,,,,,,,,,,,,,,,,1596.7099609375,,
2017-05-08,207.28395080566406,22.048583984375,22.97420310974121,20.05117416381836,57.102195739746094,25.15903091430664,43.00796127319336,19.33230209350586,64.62519836425781,41.22948455810547,129.59613037109375,77.97006225585938,123.30648803710938,23.701644897460938,67.3460464477539,43.23820877075195,1723.3499755859375,32.64115905761719,9.770000457763672
2017-05-09,207.09368896484375,21.88233757019043,22.78441619873047,19.97541618347168,57.17920684814453,25.190929412841797,42.852142333984375,19.190244674682617,64.70220947265625,41.4668083190918,130.04745483398438,77.91900634765625,123.2530746459961,24.236753463745117,68.4314956665039,42.922889709472656,1755.3599853515625,33.055477142333984,9.960000038146973
2017-05-10,207.46556091308594,21.952999114990234,23.086042404174805,20.042755126953125,57.059425354003906,25.28662872314453,42.88330841064453,19.22014617919922,64.51390838623047,41.32533264160156,130.1226348876953,78.216796875,124.01920318603516,24.466476440429688,68.27362823486328,42.97807693481445,1787.1300048828125,33.27481460571289,10.210000038146973
2017-05-11,207.041748046875,21.91974449157715,23.03859519958496,19.916492462158203,57.042293548583984,25.254722595214844,42.94563674926758,19.246315002441406,64.54816436767578,41.07887268066406,130.0192108154297,77.89348602294922,123.15506744384766,24.512609481811523,68.17494201660156,42.33955764770508,1848.5699462890625,33.34792709350586,10.600000381469727
2017-05-12,206.69583129882812,21.865711212158203,22.96064567565918,19.832311630249023,56.72574996948242,25.318525314331055,42.82097244262695,19.339780807495117,64.43687438964844,41.01955032348633,130.31065368652344,77.54463958740234,122.50473022460938,24.643619537353516,69.10248565673828,42.18976974487305,1724.239990234375,33.48603057861328,10.399999618530273
2017-05-13,,,,,,,,,,,,,,,,,1804.9100341796875,,
2017-05-14,,,,,,,,,,,,,,,,,1808.9100341796875,,
2017-05-15,207.83750915527344,22.056900024414062,23.140262603759766,19.983829498291016,56.990970611572266,25.459787368774414,42.96122360229492,19.422029495239258,64.85627746582031,41.02867889404297,130.72434997558594,78.01258087158203,123.45793151855469,24.86412239074707,69.2998275756836,42.583927154541016,1738.4300537109375,33.827232360839844,10.420000076293945
2017-05-16,207.64724731445312,22.061052322387695,23.02503204345703,20.042755126953125,56.931087493896484,25.578271865844727,42.92226791381836,19.279964447021484,64.60807037353516,40.88719940185547,131.2696075439453,77.80838775634766,123.50250244140625,24.979446411132812,69.74388122558594,42.781002044677734,1734.449951171875,33.85972213745117,10.649999618530273
2017-05-17,203.96275329589844,21.59556007385254,22.797977447509766,19.411422729492188,55.793155670166016,24.881052017211914,42.85993576049805,19.32856559753418,63.760658264160156,40.225440979003906,127.93196868896484,76.60871124267578,120.17058563232422,24.098363876342773,67.66182708740234,40.928504943847656,1839.0899658203125,33.28293991088867,15.59000015258789
2017-05-18,204.78436279296875,21.608030319213867,22.791196823120117,19.487178802490234,55.87015151977539,25.026874542236328,42.89109802246094,19.39586639404297,64.04315185546875,40.45820236206055,129.0508270263672,76.77886962890625,120.60712432861328,24.799537658691406,69.07286071777344,41.251712799072266,1888.6500244140625,32.730525970458984,14.65999984741211
2017-05-19,206.11631774902344,21.795063018798828,23.072486877441406,19.655536651611328,56.60596466064453,25.172698974609375,43.124839782714844,19.470632553100586,64.22288513183594,40.7320442199707,129.59613037109375,77.4000015258789,121.18623352050781,24.845670700073242,68.22427368164062,41.36994171142578,1987.7099609375,33.42917251586914,12.039999961853027
2017-05-20,,,,,,,,,,,,,,,,,2084.72998046875,,
2017-05-21,,,,,,,,,,,,,,,,,2041.199951171875,,
2017-05-22,207.16287231445312,21.819995880126953,23.02164649963379,19.706045150756836,57.042293548583984,25.37320327758789,43.366371154785156,19.638872146606445,64.39408874511719,40.937400817871094,130.686767578125,77.79988861083984,122.00582885742188,25.23316192626953,68.68804931640625,41.55913162231445,2173.39990234375,33.4616584777832,10.930000305175781
2017-05-23,207.62130737304688,21.836624145507812,23.07587242126465,19.857563018798828,57.162086486816406,25.41877555847168,43.413108825683594,19.691211700439453,64.60807037353516,40.7822265625,130.81838989257812,77.8169174194336,122.40673065185547,25.316194534301758,68.7275161743164,42.15823745727539,2320.419921875,33.49415588378906,10.720000267028809
2017-05-24,208.10562133789062,21.98208236694336,22.953872680664062,19.849145889282227,57.23052978515625,25.523590087890625,43.584529876708984,19.803369522094727,64.77069091796875,40.92826461791992,131.42007446289062,77.987060546875,122.48690032958984,26.072729110717773,69.17154693603516,41.913883209228516,2443.639892578125,33.624141693115234,10.020000457763672
2017-05-25,209.1002960205078,21.957151412963867,22.537017822265625,19.8828125,57.606990814208984,25.70586585998535,43.85722732543945,19.96413230895996,65.07884216308594,41.288818359375,132.53892517089844,78.3018798828125,122.5671157836914,26.395641326904297,68.83605194091797,41.93750762939453,2304.97998046875,33.78660202026367,9.989999771118164
2017-05-26,209.0570526123047,21.998708724975586,22.574296951293945,19.87439727783203,57.67544174194336,25.69219970703125,44.020835876464844,19.96413230895996,64.9590072631836,41.412044525146484,132.77398681640625,78.28485870361328,122.53145599365234,26.063505172729492,67.80982208251953,41.65372848510742,2202.419921875,33.908470153808594,9.8100004196167
2017-05-27,,,,,,,,,,,,,,,,,2038.8699951171875,,
2017-05-28,,,,,,,,,,,,,,,,,2155.800048828125,,
2017-05-29,,,,,,,,,,,,,,,,,2255.610107421875,,
2017-05-30,208.87542724609375,21.994548797607422,22.272672653198242,19.739709854125977,57.6583366394043,25.801563262939453,44.005245208740234,20.027685165405273,64.86487579345703,41.44398880004883,132.8867645263672,78.14019775390625,121.56928253173828,25.96201515197754,66.56651306152344,41.19651794433594,2175.469970703125,33.729736328125,10.380000114440918
2017-05-31,208.82350158691406,22.061052322387695,22.177778244018555,19.57135581970215,57.769561767578125,25.760549545288086,44.12992477416992,20.128629684448242,65.12164306640625,41.55351638793945,132.8397979736328,78.216796875,121.44461822509766,26.155765533447266,66.81320190429688,40.857547760009766,2286.409912109375,33.469783782958984,10.40999984741211
2017-06-01,210.48416137695312,22.32704734802246,22.316726684570312,19.815479278564453,58.1289176940918,25.8243408203125,44.488311767578125,20.270694732666016,65.84065246582031,41.94601058959961,133.3568878173828,79.02506256103516,123.78760528564453,26.718549728393555,68.658447265625,41.582786560058594,2407.8798828125,33.754119873046875,9.890000343322754
2017-06-02,211.18470764160156,22.381084442138672,22.059165954589844,19.739709854125977,58.35991668701172,26.06130599975586,44.62076950073242,20.293123245239258,66.26861572265625,42.09660339355469,134.87998962402344,79.13570404052734,124.5893783569336,26.9030704498291,70.15830993652344,41.27534866333008,2488.550048828125,33.92470932006836,9.75
2017-06-03,,,,,,,,,,,,,,,,,2515.35009765625,,
2017-06-04,,,,,,,,,,,,,,,,,2511.81005859375,,
2017-06-05,211.0290069580078,22.310426712036133,22.099836349487305,19.773387908935547,58.15458679199219,26.08409309387207,44.66751480102539,20.229578018188477,66.08031463623047,41.982521057128906,134.85177612304688,78.96552276611328,123.81428527832031,26.949199676513672,69.7241439819336,41.29899978637695,2686.81005859375,33.884090423583984,10.069999694824219
2017-06-06,210.35438537597656,22.322895050048828,22.360788345336914,19.689205169677734,57.76102066040039,26.033967971801758,44.558441162109375,20.184709548950195,65.91770935058594,41.62197494506836,134.31593322753906,78.65068817138672,123.6985092163086,27.133724212646484,69.7241439819336,41.0073356628418,2863.199951171875,33.90034484863281,10.449999809265137
2017-06-07,210.74362182617188,22.351985931396484,22.045610427856445,19.84072494506836,57.69254684448242,26.11598777770996,44.5428466796875,20.252002716064453,66.0974349975586,41.69501495361328,134.84237670898438,78.72728729248047,123.81428527832031,27.174318313598633,69.89189147949219,41.43301773071289,2732.159912109375,33.85972213745117,10.390000343322754
2017-06-08,210.8473663330078,22.418481826782227,21.981218338012695,20.068012237548828,57.88078308105469,26.175233840942383,44.20783233642578,20.083768844604492,65.90911102294922,41.42573928833008,134.9834747314453,78.78683471679688,125.50701141357422,27.44740867614746,70.67142486572266,42.631221771240234,2805.6201171875,34.06281661987305,10.15999984741211
2017-06-09,210.52740478515625,22.705263137817383,22.509912490844727,20.446805953979492,58.10324478149414,25.52814483642578,44.153282165527344,20.065073013305664,66.35421752929688,41.24317932128906,131.6080780029297,79.02506256103516,126.15740203857422,26.59492301940918,70.40499877929688,43.93192672729492,2823.81005859375,33.802852630615234,10.699999809265137
2017-06-10,,,,,,,,,,,,,,,,,2947.7099609375,,
2017-06-11,,,,,,,,,,,,,,,,,2958.110107421875,,
2017-06-12,210.48416137695312,22.617984771728516,22.669185638427734,20.488895416259766,58.3171501159668,25.37775993347168,44.14550018310547,20.027685165405273,66.26861572265625,41.220359802246094,130.9029541015625,79.12716674804688,125.95245361328125,26.08195686340332,70.31620025634766,43.908267974853516,2659.6298828125,33.624141693115234,11.460000038146973
2017-06-13,211.51339721679688,22.900609970092773,22.838642120361328,20.598331451416016,58.55670928955078,25.560039520263672,44.21562576293945,20.07628631591797,66.40557861328125,41.47593307495117,131.96539306640625,79.6291732788086,126.59391021728516,26.487899780273438,71.11543273925781,43.947689056396484,2717.02001953125,33.78660202026367,10.420000076293945
2017-06-14,211.24526977539062,22.6595458984375,22.4251766204834,20.63199806213379,58.496829986572266,25.437009811401367,44.4961051940918,20.184709548950195,66.72229766845703,41.4531135559082,131.39186096191406,79.45049285888672,125.84552001953125,26.25724983215332,71.5792465209961,43.947689056396484,2506.3701171875,33.77849197387695,10.640000343322754
2017-06-15,210.83876037597656,22.46004295349121,22.25572395324707,20.547821044921875,58.84761047363281,25.323081970214844,44.394813537597656,20.300601959228516,66.65383911132812,41.279693603515625,130.8089599609375,79.28033447265625,125.2041015625,26.16499137878418,70.60235595703125,43.74272918701172,2464.580078125,33.42917251586914,10.899999618530273
2017-06-16,210.88482666015625,22.556921005249023,22.62392234802246,20.525007247924805,59.04016876220703,25.278696060180664,43.928436279296875,20.39370346069336,66.7638168334961,41.26824951171875,130.241455078125,79.2982406616211,124.89225006103516,26.32090950012207,70.76048278808594,43.56788635253906,2518.56005859375,33.48603057861328,10.380000114440918
2017-06-17,,,,,,,,,,,,,,,,,2655.8798828125,,
2017-06-18,,,,,,,,,,,,,,,,,2548.2900390625,,
2017-06-19,212.64048767089844,22.736473083496094,22.480600357055664,20.73626136779785,59.40122985839844,25.65387535095215,44.140419006347656,20.325857162475586,67.45988464355469,41.5841178894043,132.41917419433594,79.7934341430664,125.81877899169922,27.05068588256836,73.29045104980469,43.56788635253906,2589.60009765625,33.81911087036133,10.369999885559082
2017-06-20,211.20635986328125,22.611207962036133,22.193960189819336,20.558805465698242,58.765079498291016,25.447982788085938,43.96770477294922,20.337160110473633,67.6833267211914,41.06224822998047,131.38217163085938,79.14458465576172,124.54486846923828,27.078365325927734,74.10083770751953,42.99826431274414,2721.7900390625,33.44532012939453,10.859999656677246
2017-06-21,211.1542205810547,22.37319564819336,21.835670471191406,20.38980484008789,58.36964416503906,25.589826583862305,43.842079162597656,20.216556549072266,68.54269409179688,41.1263313293457,132.68324279785156,78.92255401611328,124.23301696777344,27.465858459472656,77.58944702148438,42.41282653808594,2689.10009765625,33.51877212524414,10.75
2017-06-22,211.05865478515625,22.39824676513672,21.822023391723633,20.2630615234375,58.249305725097656,25.59897232055664,43.55158233642578,20.122337341308594,69.25595092773438,41.03021240234375,132.6454315185547,78.94821166992188,124.70516204833984,27.72418785095215,78.2713394165039,42.128013610839844,2705.409912109375,33.690155029296875,10.479999542236328
2017-06-23,211.31069946289062,22.485939025878906,21.96875,20.187007904052734,58.46419906616211,25.759113311767578,43.567283630371094,20.05449104309082,69.15283203125,40.9798583984375,133.154541015625,79.12750244140625,125.53373718261719,27.954835891723633,79.36835479736328,41.85902786254883,2744.909912109375,33.869712829589844,10.020000457763672
2017-06-24,,,,,,,,,,,,,,,,,2608.719970703125,,
2017-06-25,,,,,,,,,,,,,,,,,2589.409912109375,,
2017-06-26,211.44976806640625,22.552749633789062,21.920976638793945,20.296859741210938,58.48139572143555,25.621849060058594,43.740013122558594,20.190174102783203,69.08407592773438,41.1263313293457,132.53228759765625,79.3580093383789,125.68514251708984,27.53966522216797,79.16081237792969,42.159664154052734,2478.449951171875,34.19615936279297,9.899999618530273
2017-06-27,209.74627685546875,22.414947509765625,21.886852264404297,20.398258209228516,58.0429801940918,25.200916290283203,43.3631477355957,19.96403694152832,68.45677185058594,40.80132293701172,130.12826538085938,78.82868194580078,124.58051300048828,26.945510864257812,76.36399841308594,42.37327194213867,2552.449951171875,33.79625701904297,11.0600004196167
2017-06-28,211.62359619140625,22.619552612304688,22.006284713745117,20.719362258911133,58.567352294921875,25.516616821289062,43.520179748535156,19.771820068359375,68.81771850585938,41.21331024169922,132.00437927246094,79.4433822631836,126.48699188232422,27.480619430541992,78.31088256835938,42.99826431274414,2574.7900390625,34.05741882324219,10.029999732971191
2017-06-29,209.763671875,22.348142623901367,22.05405616760254,20.863008499145508,58.06877899169922,25.0590763092041,43.056941986083984,19.613525390625,68.19036102294922,40.81505584716797,129.71351623535156,78.8798828125,125.73863983154297,26.964885711669922,77.3028564453125,43.670745849609375,2539.320068359375,33.6248664855957,11.4399995803833
2017-06-30,210.1547393798828,22.469228744506836,22.153013229370117,20.846105575561523,58.550174713134766,25.036212921142578,43.135459899902344,19.583372116088867,68.09581756591797,41.03021240234375,129.7606658935547,79.12750244140625,125.54261779785156,26.709325790405273,76.2750473022461,43.47295379638672,2480.840087890625,33.779937744140625,11.180000305175781
2017-07-01,,,,,,,,,,,,,,,,,2434.550048828125,,
2017-07-02,,,,,,,,,,,,,,,,,2506.469970703125,,
2017-07-03,210.51112365722656,22.665489196777344,22.579557418823242,21.150314331054688,58.91122055053711,24.862348556518555,43.09620666503906,19.4929256439209,68.21612548828125,40.98899841308594,128.3936767578125,79.46049499511719,126.59391021728516,26.570932388305664,76.99647521972656,44.35902786254883,2564.06005859375,33.97581100463867,11.220000267028809
2017-07-04,,,,,,,,,,,,,,,,,2601.639892578125,,
2017-07-05,210.99778747558594,22.590328216552734,22.12230682373047,21.184106826782227,59.083133697509766,25.109418869018555,43.064796447753906,19.398696899414062,68.62002563476562,40.888301849365234,129.6569366455078,79.3409423828125,126.13953399658203,26.74622917175293,78.46900939941406,44.2799072265625,2601.989990234375,33.910518646240234,11.069999694824219
2017-07-06,209.06834411621094,22.490116119384766,21.876609802246094,21.023555755615234,58.567352294921875,24.880647659301758,42.8214111328125,19.391159057617188,67.73490142822266,40.47173309326172,128.48788452148438,78.4700927734375,124.49227905273438,26.201894760131836,77.0458984375,43.84477615356445,2608.56005859375,33.50244140625,12.539999961853027
2017-07-07,210.42417907714844,22.607027053833008,21.84249496459961,21.16720962524414,59.023006439208984,25.168893814086914,42.797855377197266,19.406232833862305,68.07864379882812,40.83336639404297,129.87374877929688,78.97383117675781,125.70020294189453,26.367961883544922,77.3423843383789,44.04256820678711,2518.659912109375,33.5677375793457,11.1899995803833
2017-07-08,,,,,,,,,,,,,,,,,2571.340087890625,,
2017-07-09,,,,,,,,,,,,,,,,,2518.43994140625,,
2017-07-10,210.650146484375,22.749000549316406,21.914152145385742,21.141855239868164,59.19489288330078,25.351900100708008,42.4995002746582,19.391159057617188,67.9497299194336,40.920345306396484,130.72227478027344,78.99089050292969,125.15441131591797,26.3310604095459,76.18609619140625,43.821048736572266,2372.56005859375,33.88602066040039,11.109999656677246
2017-07-11,210.49368286132812,22.715599060058594,22.03358268737793,20.95595932006836,59.1433219909668,25.40680694580078,42.381717681884766,19.379850387573242,67.87238311767578,40.837947845458984,131.08995056152344,78.92255401611328,125.52120971679688,26.66319465637207,76.92729187011719,43.741943359375,2337.7900390625,34.163516998291016,10.890000343322754
2017-07-12,212.07550048828125,22.978662490844727,22.095003128051758,21.023555755615234,59.470001220703125,25.736234664916992,42.61726760864258,19.545684814453125,68.33644104003906,41.149227142333984,132.6454315185547,79.46902465820312,126.48757934570312,27.115270614624023,77.65862274169922,43.647003173828125,2398.840087890625,34.824588775634766,10.300000190734863
2017-07-13,212.43185424804688,22.9536190032959,22.18372917175293,21.150314331054688,59.42700958251953,25.78656578063965,42.62511444091797,19.477848052978516,68.39659881591797,41.1537971496582,132.9376983642578,79.69951629638672,126.59493255615234,26.995328903198242,78.25157928466797,43.80522537231445,2357.89990234375,34.99597930908203,9.899999618530273
2017-07-14,213.4226531982422,23.070524215698242,22.31681251525879,21.05735969543457,59.684906005859375,26.01532745361328,42.96272277832031,19.568300247192383,68.86065673828125,41.28654861450195,133.9841766357422,80.04957580566406,126.80966186523438,27.04607582092285,78.14288330078125,43.528324127197266,2233.340087890625,35.43668746948242,9.510000228881836
2017-07-15,,,,,,,,,,,,,,,,,1998.8599853515625,,
2017-07-16,,,,,,,,,,,,,,,,,1929.8199462890625,,
2017-07-17,213.3966064453125,23.11646270751953,22.289512634277344,20.989757537841797,59.650516510009766,26.0198974609375,43.00983810424805,19.658750534057617,68.61145782470703,41.387271881103516,134.05015563964844,80.14350128173828,127.10489654541016,26.85694122314453,77.39178466796875,43.55998992919922,2228.409912109375,35.273468017578125,9.819999694824219
2017-07-18,213.50955200195312,23.02042579650879,22.18372917175293,20.95595932006836,59.51295852661133,26.138858795166016,43.00983810424805,19.715288162231445,68.66299438476562,41.574954986572266,134.94578552246094,79.97273254394531,126.77388763427734,27.15217399597168,77.3028564453125,43.39384078979492,2318.8798828125,35.37955856323242,9.890000343322754
2017-07-19,214.66552734375,23.241727828979492,22.507902145385742,20.964406967163086,59.573150634765625,26.271543502807617,43.1668586730957,19.798206329345703,69.22160339355469,41.776371002197266,135.73770141601562,80.54476928710938,128.03549194335938,27.18907928466797,78.18243408203125,43.37801742553711,2273.429931640625,35.67336654663086,9.789999961853027
2017-07-20,214.76109313964844,23.070524215698242,22.439653396606445,20.95595932006836,59.2379035949707,26.326452255249023,43.174720764160156,19.941425323486328,69.67707061767578,41.689395904541016,135.916748046875,80.5020751953125,128.1248779296875,27.428953170776367,79.20033264160156,43.30680465698242,2817.60009765625,35.632564544677734,9.579999923706055
2017-07-21,214.56988525390625,23.074705123901367,22.217851638793945,20.95595932006836,59.12613296508789,26.294422149658203,43.245384216308594,20.084644317626953,69.59970092773438,41.71686553955078,135.8602294921875,80.5191421508789,127.54328155517578,27.631925582885742,79.82296752929688,42.919158935546875,2667.760009765625,35.60808181762695,9.359999656677246
2017-07-22,,,,,,,,,,,,,,,,,2810.1201171875,,
2017-07-23,,,,,,,,,,,,,,,,,2730.39990234375,,
2017-07-24,214.51773071289062,23.0538272857666,22.176904678344727,21.048900604248047,58.997188568115234,26.358470916748047,43.10405349731445,19.896196365356445,69.57393646240234,41.574954986572266,136.48245239257812,80.45939636230469,127.7223129272461,28.02864646911621,80.79147338867188,43.36219787597656,2754.860107421875,35.71417236328125,9.430000305175781
2017-07-25,215.0392303466797,23.300189971923828,22.45671272277832,21.310853958129883,58.919803619384766,26.30815315246582,43.40241622924805,19.783124923706055,69.07550048828125,41.86793518066406,136.13365173339844,80.77528381347656,128.88546752929688,27.954835891723633,79.66483306884766,44.066307067871094,2576.47998046875,35.6244010925293,9.430000305175781
2017-07-26,215.0479278564453,23.158212661743164,22.480600357055664,21.16720962524414,58.997188568115234,26.408802032470703,43.394554138183594,19.971580505371094,68.8434829711914,41.8496208190918,136.57675170898438,80.61304473876953,128.16964721679688,27.94561004638672,79.84272766113281,43.188133239746094,2529.449951171875,35.918209075927734,9.600000381469727
2017-07-27,214.8480224609375,23.074705123901367,22.709230422973633,21.048900604248047,58.66192626953125,26.30815315246582,43.81852722167969,20.02056884765625,68.3708267211914,42.15633010864258,135.7188262939453,80.52767181396484,127.3554458618164,27.52121353149414,77.81676483154297,43.196044921875,2671.780029296875,35.72233963012695,10.109999656677246
2017-07-28,214.5959930419922,22.99118995666504,22.681928634643555,21.048900604248047,58.799468994140625,26.280696868896484,43.44951629638672,19.99042320251465,68.71454620361328,41.83587646484375,135.60565185546875,80.42522430419922,127.01544952392578,27.650379180908203,78.80503845214844,42.80839157104492,2809.010009765625,35.70600891113281,10.289999961853027
2017-07-29,,,,,,,,,,,,,,,,,2726.449951171875,,
2017-07-30,,,,,,,,,,,,,,,,,2757.179931640625,,
2017-07-31,214.47427368164062,22.81581687927246,22.733118057250977,21.201011657714844,58.722084045410156,26.152589797973633,43.433799743652344,20.058259963989258,68.65442657470703,41.82215881347656,135.03057861328125,80.39107513427734,126.61280822753906,27.329313278198242,77.25344848632812,43.101104736328125,2875.340087890625,35.746822357177734,10.260000228881836
2017-08-01,214.9523162841797,22.832517623901367,22.729705810546875,21.35310935974121,58.550174713134766,26.285274505615234,43.38669967651367,20.171329498291016,68.49971771240234,41.89540100097656,135.34176635742188,80.47643280029297,126.85441589355469,27.40127944946289,76.18609619140625,43.39384078979492,2718.260009765625,35.85291290283203,10.09000015258789
2017-08-02,215.056640625,22.853389739990234,22.644393920898438,21.38690948486328,58.808082580566406,26.358470916748047,43.355308532714844,20.25801658630371,68.34506225585938,41.78096389770508,135.70944213867188,80.22032165527344,125.46756744384766,27.504610061645508,76.2750473022461,43.43338394165039,2710.669921875,35.885562896728516,10.279999732971191
2017-08-03,214.6394500732422,22.68218994140625,22.327043533325195,21.310853958129883,59.10034942626953,26.29899787902832,43.316036224365234,20.35977554321289,68.45677185058594,41.66650390625,135.1814727783203,80.01542663574219,124.84126281738281,27.710350036621094,75.92914581298828,43.10902786254883,2804.72998046875,35.73866653442383,10.4399995803833
2017-08-04,215.030517578125,22.790760040283203,22.39870834350586,21.45450782775879,59.212100982666016,26.358470916748047,43.198280334472656,20.269319534301758,68.30209350585938,41.67109680175781,135.42662048339844,80.13494873046875,125.44969940185547,28.04709815979004,77.312744140625,43.49667739868164,2895.889892578125,35.86924743652344,10.029999732971191
2017-08-05,,,,,,,,,,,,,,,,,3252.909912109375,,
2017-08-06,,,,,,,,,,,,,,,,,3213.93994140625,,
2017-08-07,215.43031311035156,22.803285598754883,22.228090286254883,21.42070198059082,59.212100982666016,26.51860809326172,43.520179748535156,20.333398818969727,68.44815826416016,41.7672233581543,136.2844696044922,80.22032165527344,125.65544891357422,28.572980880737305,77.62898254394531,43.21978759765625,3378.93994140625,36.11408996582031,9.930000305175781
2017-08-08,214.90017700195312,22.623737335205078,22.176904678344727,21.361560821533203,59.03157043457031,26.482009887695312,43.355308532714844,20.416309356689453,68.13020324707031,41.79010772705078,136.04879760742188,80.02396392822266,125.26177215576172,28.526851654052734,76.75930786132812,43.283077239990234,3419.93994140625,36.12224197387695,10.960000038146973
2017-08-09,214.89151000976562,22.644609451293945,22.197376251220703,21.361560821533203,59.04876708984375,26.468284606933594,43.42595672607422,20.310779571533203,68.20752716064453,41.5474967956543,135.86964416503906,79.91297149658203,124.17916107177734,28.268518447875977,76.35411071777344,42.776756286621094,3342.469970703125,35.79579162597656,11.109999656677246
2017-08-10,211.8582000732422,22.385723114013672,21.961925506591797,20.981307983398438,58.30086898803711,25.94670295715332,43.245384216308594,20.374855041503906,67.3567886352539,40.924922943115234,132.95654296875,78.76891326904297,121.9244384765625,27.761091232299805,73.59683227539062,41.66917037963867,3381.280029296875,34.9470100402832,16.040000915527344
2017-08-11,212.17111206054688,22.331439971923828,21.818603515625,20.896799087524414,58.33528137207031,26.125133514404297,43.27677917480469,20.25423812866211,67.54582977294922,41.135498046875,133.9652862548828,78.7859878540039,122.10340118408203,28.37000846862793,74.88157653808594,41.352699279785156,3650.6201171875,35.02862548828125,15.510000228881836
2017-08-12,,,,,,,,,,,,,,,,,3884.7099609375,,
2017-08-13,,,,,,,,,,,,,,,,,4073.260009765625,,
2017-08-14,214.27442932128906,22.540220260620117,21.753772735595703,21.184106826782227,58.945587158203125,26.54149055480957,43.48876953125,20.37108039855957,68.00130462646484,41.428470611572266,135.69053649902344,79.5287857055664,123.9554672241211,29.29261016845703,75.54373168945312,42.30998229980469,4325.1298828125,35.38772201538086,12.329999923706055
2017-08-15,214.24835205078125,22.544397354125977,21.6718692779541,21.201011657714844,58.81666564941406,26.582677841186523,43.7086181640625,20.48415184020996,68.00130462646484,41.04852294921875,135.78482055664062,79.38361358642578,122.93549346923828,28.85898780822754,75.57335662841797,42.096370697021484,4181.93017578125,35.428531646728516,12.039999961853027
2017-08-16,214.62205505371094,22.765708923339844,21.46371841430664,21.158756256103516,58.98000717163086,26.66045379638672,43.857791900634766,20.567066192626953,68.19036102294922,41.25908660888672,136.0205078125,79.58854675292969,122.97130584716797,29.089637756347656,75.5931396484375,41.97771072387695,4376.6298828125,35.79579162597656,11.739999771118164
2017-08-17,211.2759246826172,22.41912841796875,21.16002082824707,20.795408248901367,57.957008361816406,26.138858795166016,43.457366943359375,20.420082092285156,67.339599609375,40.59990692138672,133.2393798828125,78.36764526367188,120.72552490234375,28.572980880737305,74.15025329589844,40.8226432800293,4331.68994140625,35.33875274658203,15.550000190734863
2017-08-18,210.94566345214844,22.42747688293457,21.265804290771484,20.80385971069336,57.72492218017578,26.111412048339844,43.339599609375,20.54068374633789,67.03020477294922,40.39848709106445,133.1450958251953,78.18833923339844,120.71654510498047,28.37000846862793,74.07118225097656,40.89384841918945,4160.6201171875,35.640724182128906,14.260000228881836
2017-08-19,,,,,,,,,,,,,,,,,4193.7001953125,,
2017-08-20,,,,,,,,,,,,,,,,,4087.659912109375,,
2017-08-21,211.1107940673828,22.44835662841797,21.1566104888916,20.744705200195312,57.819461822509766,26.10226058959961,43.49662399291992,20.616060256958008,67.33098602294922,40.47173309326172,132.97547912597656,78.25664520263672,120.63603973388672,28.37000846862793,74.48626708984375,40.814727783203125,4001.739990234375,35.77131271362305,13.1899995803833
2017-08-22,213.31837463378906,22.74065399169922,21.296520233154297,20.972858428955078,58.48139572143555,26.491159439086914,43.504478454589844,20.661291122436523,68.14736938476562,40.9066047668457,135.00234985351562,78.99945068359375,121.94233703613281,28.895893096923828,76.26513671875,41.22612380981445,4100.52001953125,36.17121124267578,11.350000381469727
2017-08-23,212.55355834960938,22.698896408081055,21.38865089416504,20.905254364013672,57.93122482299805,26.42710304260254,43.37884521484375,20.729129791259766,67.63178253173828,40.558712005615234,134.5215301513672,78.76891326904297,121.74549865722656,29.052734375,76.0675048828125,41.25776672363281,4151.52001953125,36.342594146728516,12.25
2017-08-24,212.05812072753906,22.657136917114258,21.402297973632812,20.905254364013672,57.750709533691406,26.40422821044922,42.78215408325195,20.71405792236328,67.82940673828125,40.47173309326172,134.1255340576172,78.66648864746094,122.12129974365234,29.283382415771484,77.62898254394531,41.43180847167969,4334.68017578125,36.45685958862305,12.229999542236328
2017-08-25,212.55355834960938,22.72812843322754,21.497840881347656,20.964406967163086,58.025787353515625,26.399656295776367,42.92347717285156,20.781898498535156,67.84660339355469,40.57243347167969,133.8427276611328,78.93966674804688,122.47022247314453,29.20680809020996,76.89765930175781,41.6928825378418,4371.60009765625,36.66905975341797,11.279999732971191
2017-08-26,,,,,,,,,,,,,,,,,4352.39990234375,,
2017-08-27,,,,,,,,,,,,,,,,,4382.8798828125,,
2017-08-28,212.56227111816406,22.76152801513672,21.402297973632812,20.829204559326172,57.99140930175781,26.449993133544922,42.797855377197266,20.81958770751953,68.20752716064453,40.59532928466797,134.25753784179688,78.84574890136719,122.98919677734375,29.80927085876465,79.28929138183594,41.352699279785156,4382.66015625,36.538475036621094,11.319999694824219
2017-08-29,212.80555725097656,22.6529598236084,21.3749942779541,20.76160430908203,58.412620544433594,26.564369201660156,42.9470329284668,20.774362564086914,68.33644104003906,40.558712005615234,134.78550720214844,78.76891326904297,123.0159912109375,30.26133918762207,79.64506530761719,41.020423889160156,4579.02001953125,36.47318649291992,11.699999809265137
2017-08-30,213.813720703125,22.819995880126953,21.385236740112305,20.846105575561523,58.65333557128906,26.756526947021484,42.93917465209961,20.71405792236328,68.68881225585938,40.851661682128906,136.3693389892578,79.14458465576172,123.80339050292969,30.833354949951172,80.60368347167969,41.21029281616211,4565.2998046875,36.53031539916992,11.220000267028809
2017-08-31,215.10008239746094,22.99536895751953,21.48760986328125,20.871461868286133,58.85104751586914,26.916667938232422,42.95487594604492,20.717824935913086,69.85751342773438,41.043941497802734,137.83059692382812,79.58854675292969,125.02017974853516,31.499475479125977,82.84708404541016,41.15492248535156,4703.39013671875,36.58744430541992,10.59000015258789
2017-09-01,215.40428161621094,23.145689010620117,21.695758819580078,20.930606842041016,58.90262222290039,26.893787384033203,43.15900802612305,20.65375518798828,69.80594635009766,41.231632232666016,137.6420440673828,79.91297149658203,125.72703552246094,31.036325454711914,83.62782287597656,41.518836975097656,4892.009765625,36.85676574707031,10.130000114440918
2017-09-02,,,,,,,,,,,,,,,,,4578.77001953125,,
2017-09-03,,,,,,,,,,,,,,,,,4582.9599609375,,
2017-09-04,,,,,,,,,,,,,,,,,4236.31005859375,,
2017-09-05,213.85720825195312,22.88262367248535,21.815187454223633,20.48276710510254,58.309471130371094,26.655874252319336,43.22181701660156,20.70651626586914,69.50516510009766,41.06224822998047,136.4070587158203,79.3665771484375,124.51911926269531,30.84258270263672,82.99531555175781,40.229278564453125,4376.52978515625,36.37525177001953,12.229999542236328
2017-09-06,214.5872802734375,22.941082000732422,22.17007827758789,20.53346061706543,58.36964416503906,26.678749084472656,43.40241622924805,20.612293243408203,69.84032440185547,41.318599700927734,136.82188415527344,79.6483154296875,124.77865600585938,31.036325454711914,83.23251342773438,40.30049514770508,4597.1201171875,36.61193084716797,11.630000114440918
2017-09-07,214.5612335205078,22.978662490844727,22.211029052734375,20.178558349609375,58.49000930786133,26.770261764526367,43.465213775634766,20.766817092895508,70.61375427246094,40.96155548095703,137.1423797607422,79.6141586303711,124.46552276611328,31.1378173828125,83.3609848022461,39.23246765136719,4599.8798828125,36.881256103515625,11.550000190734863
2017-09-08,214.30923461914062,22.970312118530273,21.975568771362305,20.36445426940918,58.68771743774414,26.550640106201172,43.25322723388672,20.864816665649414,70.93170928955078,40.819618225097656,135.9545135498047,79.68244934082031,124.56388854980469,30.694963455200195,82.83719635009766,39.68340301513672,4228.75,36.63641357421875,12.119999885559082
2017-09-09,,,,,,,,,,,,,,,,,4226.06005859375,,
2017-09-10,,,,,,,,,,,,,,,,,4122.93994140625,,
2017-09-11,216.59495544433594,23.270965576171875,22.18372917175293,20.719362258911133,59.19489288330078,26.925811767578125,43.520179748535156,21.04195785522461,71.48169708251953,41.034786224365234,137.51953125,80.48499298095703,125.8702163696289,31.110139846801758,82.896484375,40.743534088134766,4161.27001953125,37.12609100341797,10.729999542236328
2017-09-12,217.3249969482422,23.46721839904785,22.320226669311523,20.964406967163086,59.47858810424805,26.9898738861084,43.614383697509766,20.691444396972656,71.63636779785156,41.21788787841797,137.84942626953125,80.8008804321289,126.6396484375,31.2485294342041,82.54071807861328,41.6928825378418,4130.81005859375,37.085289001464844,10.579999923706055
2017-09-13,217.42930603027344,23.4588623046875,22.600038528442383,20.998205184936523,59.39260482788086,26.953277587890625,43.63795852661133,20.58968162536621,71.37000274658203,41.51544952392578,138.0379638671875,80.80941772460938,127.01544952392578,31.110139846801758,82.55060577392578,41.85111618041992,3882.590087890625,36.88941955566406,10.5
2017-09-14,217.35980224609375,23.538204193115234,22.709230422973633,20.95595932006836,59.676292419433594,26.86176109313965,43.55158233642578,20.763050079345703,71.46450805664062,41.291133880615234,137.22723388671875,80.8008804321289,126.89913177490234,30.953292846679688,82.21459197998047,41.41600036621094,3154.949951171875,36.98735809326172,10.4399995803833
2017-09-15,217.6524200439453,23.539043426513672,22.762819290161133,21.01789665222168,59.92328643798828,26.97150421142578,43.62743377685547,20.792293548583984,71.2359619140625,41.175376892089844,137.69863891601562,80.92093658447266,127.4180908203125,31.32233238220215,82.71585083007812,41.59549331665039,3637.52001953125,37.20771789550781,10.170000076293945
2017-09-16,,,,,,,,,,,,,,,,,3625.0400390625,,
2017-09-17,,,,,,,,,,,,,,,,,3582.8798828125,,
2017-09-18,218.1153564453125,23.669185638427734,22.859619140625,21.26396942138672,60.26007080078125,26.994468688964844,43.69062423706055,20.579626083374023,71.21871185302734,41.032962799072266,137.5181427001953,81.0495834350586,128.28598022460938,31.70060157775879,83.08167266845703,42.183250427246094,4065.199951171875,37.338287353515625,10.149999618530273
2017-09-19,218.3336944580078,23.79092788696289,22.952974319458008,21.425188064575195,60.320526123046875,27.113842010498047,43.55632781982422,20.5378475189209,70.6580581665039,40.99619674682617,137.75439453125,80.9380874633789,128.28598022460938,31.562206268310547,82.74552154541016,42.46124267578125,3924.969970703125,37.419898986816406,10.180000305175781
2017-09-20,218.41232299804688,23.874900817871094,23.108543395996094,21.552467346191406,60.76094055175781,27.003644943237305,43.137577056884766,20.385942459106445,70.72706604003906,41.13401412963867,137.32919311523438,81.07527923583984,128.69754028320312,31.645246505737305,84.20880889892578,42.93781280517578,3905.949951171875,37.24850845336914,9.779999732971191
2017-09-21,217.82705688476562,23.82451820373535,23.115461349487305,21.603374481201172,60.94227981567383,26.856714248657227,42.72676467895508,20.382143020629883,70.36480712890625,41.065120697021484,136.4883270263672,80.90377044677734,128.5632781982422,31.340789794921875,83.63536071777344,43.128421783447266,3631.0400390625,37.24850845336914,9.670000076293945
2017-09-22,217.8707733154297,23.74054718017578,23.233007431030273,21.577932357788086,61.09775161743164,26.87049102783203,42.60033416748047,20.215045928955078,70.36480712890625,41.13401412963867,136.3560333251953,81.07527923583984,129.10914611816406,31.27620506286621,82.96302795410156,43.207855224609375,3630.699951171875,37.03632354736328,9.59000015258789
2017-09-23,,,,,,,,,,,,,,,,,3792.39990234375,,
2017-09-24,,,,,,,,,,,,,,,,,3682.840087890625,,
2017-09-25,217.42535400390625,23.78253936767578,23.568370819091797,21.552467346191406,61.09775161743164,26.553665161132812,42.908477783203125,20.401132583618164,70.15780639648438,41.04673767089844,134.9199676513672,81.16960906982422,129.2880859375,30.79644775390625,83.2991943359375,43.31905746459961,3926.070068359375,36.407894134521484,10.210000038146973
2017-09-26,217.55630493164062,23.67758560180664,23.55799674987793,21.543983459472656,61.09775161743164,26.65007972717285,43.01117706298828,20.3631534576416,70.045654296875,41.05133056640625,135.2694854736328,81.26393127441406,129.69973754882812,30.676511764526367,82.31048583984375,43.604984283447266,3892.35009765625,36.309959411621094,10.170000076293945
2017-09-27,218.4035186767578,23.67758560180664,23.658260345458984,21.807029724121094,61.16682815551758,26.92099380493164,42.67936706542969,20.0897274017334,70.01979064941406,41.276451110839844,136.4883270263672,81.58977508544922,132.23793029785156,31.211624145507812,83.51670837402344,44.534263610839844,4200.669921875,36.17938232421875,9.869999885559082
2017-09-28,218.66561889648438,23.845502853393555,23.679000854492188,21.840967178344727,61.13228225708008,26.953136444091797,42.67936706542969,20.161876678466797,70.0801773071289,41.22590637207031,136.44105529785156,81.64120483398438,132.58773803710938,31.479177474975586,84.9107894897461,44.82020568847656,4174.72998046875,36.154884338378906,9.550000190734863
2017-09-29,219.43421936035156,23.845502853393555,23.67554473876953,21.942792892456055,61.31363296508789,27.136802673339844,42.64775085449219,20.146692276000977,70.49418640136719,41.38209915161133,137.42369079589844,81.9241943359375,132.9016571044922,31.634172439575195,85.593017578125,45.08231735229492,4163.06982421875,36.57113265991211,9.510000228881836
2017-09-30,,,,,,,,,,,,,,,,,4338.7099609375,,
2017-10-01,,,,,,,,,,,,,,,,,4403.740234375,,
2017-10-02,220.3862762451172,24.105792999267578,23.668628692626953,22.12946891784668,61.73676681518555,27.178129196166992,42.56873321533203,20.180866241455078,71.21005249023438,41.460201263427734,137.54647827148438,82.27574920654297,134.5339813232422,31.80208969116211,86.97721099853516,45.36823654174805,4409.31982421875,36.57928466796875,9.449999809265137
2017-10-03,220.8579559326172,24.206546783447266,23.644428253173828,22.205835342407227,62.00449752807617,27.24241065979004,42.61613845825195,20.123903274536133,71.19281005859375,41.634761810302734,137.8394012451172,82.41299438476562,134.82998657226562,32.106544494628906,86.78936004638672,45.106136322021484,4317.47998046875,37.158748626708984,9.510000228881836
2017-10-04,221.1199493408203,24.214950561523438,23.627140045166016,22.104007720947266,61.98723602294922,27.224048614501953,42.75044631958008,20.325178146362305,71.53783416748047,41.85066604614258,137.97164916992188,82.58445739746094,134.3994598388672,31.977384567260742,87.24417114257812,44.5660400390625,4229.35986328125,37.150577545166016,9.630000114440918
2017-10-05,222.43008422851562,24.361879348754883,23.73432159423828,22.33310890197754,62.134037017822266,27.485776901245117,42.94007873535156,20.306194305419922,71.58959197998047,42.084964752197266,139.32273864746094,82.91031646728516,134.76719665527344,32.40177917480469,87.51112365722656,45.12995910644531,4328.41015625,37.42806625366211,9.1899995803833
2017-10-06,222.17678833007812,24.307300567626953,23.533802032470703,22.35856056213379,62.12540054321289,27.527095794677734,42.5134391784668,20.291000366210938,71.49472045898438,42.135498046875,139.51168823242188,82.73881530761719,134.57882690429688,32.30951690673828,87.3232650756836,45.201446533203125,4370.81005859375,37.240360260009766,9.649999618530273
2017-10-07,,,,,,,,,,,,,,,,,4426.89013671875,,
2017-10-08,,,,,,,,,,,,,,,,,4610.47998046875,,
2017-10-09,221.80999755859375,24.30310821533203,23.582195281982422,22.273710250854492,61.95266342163086,27.595964431762695,42.39492416381836,20.317590713500977,71.04620361328125,42.002281188964844,139.35110473632812,82.447265625,134.02276611328125,32.24216079711914,86.73993682861328,44.994937896728516,4772.02001953125,37.215877532958984,10.329999923706055
2017-10-10,222.39520263671875,24.319896697998047,23.602937698364258,22.375534057617188,62.04767990112305,27.62352752685547,42.76625442504883,20.515064239501953,71.21005249023438,41.9609260559082,139.4550018310547,82.65306091308594,134.40841674804688,32.097320556640625,86.64105987548828,45.439727783203125,4781.990234375,37.5831298828125,10.079999923706055
2017-10-11,222.74453735351562,24.332496643066406,23.658260345458984,22.33310890197754,62.01313400268555,27.71535301208496,42.85316848754883,20.60240936279297,71.34806060791016,41.983890533447266,139.87074279785156,82.67021179199219,134.3097381591797,32.11577224731445,86.38398742675781,45.12202072143555,4826.47998046875,37.754520416259766,9.850000381469727
2017-10-12,222.41265869140625,24.378671646118164,23.57182502746582,22.163408279418945,62.341285705566406,27.6464786529541,43.034873962402344,20.708740234375,71.27046203613281,41.70366287231445,139.61561584472656,82.6959457397461,134.2110595703125,32.217254638671875,86.30488586425781,44.780494689941406,5446.91015625,37.73820114135742,9.90999984741211
2017-10-13,222.6834259033203,24.496225357055664,23.55799674987793,22.171890258789062,62.22903823852539,27.77964210510254,43.11387252807617,20.564435958862305,71.0893325805664,41.90580749511719,140.15419006347656,82.78170013427734,133.96896362304688,32.092708587646484,85.68201446533203,44.46278381347656,5647.2099609375,38.08098220825195,9.609999656677246
2017-10-14,,,,,,,,,,,,,,,,,5831.7900390625,,
2017-10-15,,,,,,,,,,,,,,,,,5678.18994140625,,
2017-10-16,222.98037719726562,24.47943115234375,23.6098575592041,22.316137313842773,62.298091888427734,27.880657196044922,43.12969207763672,20.51885986328125,70.77880096435547,41.9609260559082,140.63604736328125,82.80741119384766,133.85235595703125,32.00505828857422,85.93907165527344,44.804317474365234,5725.58984375,38.056495666503906,9.90999984741211
2017-10-17,223.13763427734375,24.416452407836914,23.623685836791992,22.205835342407227,62.134037017822266,27.880657196044922,42.97167205810547,20.640390396118164,71.72757720947266,41.983890533447266,140.81552124023438,82.79884338378906,133.4666748046875,32.04196548461914,85.76110076904297,44.3277587890625,5605.509765625,37.860618591308594,10.3100004196167
2017-10-18,223.35597229003906,24.357681274414062,23.457733154296875,22.324628829956055,62.159934997558594,27.94952964782715,42.916378021240234,20.60240936279297,71.83109283447266,41.86906051635742,140.64549255371094,82.86743927001953,134.10345458984375,32.00505828857422,85.25686645507812,44.629573822021484,5590.68994140625,37.95038986206055,10.069999694824219
2017-10-19,223.41709899902344,24.450044631958008,23.3851318359375,22.341588973999023,62.332637786865234,27.866880416870117,42.68724822998047,20.818878173828125,72.27099609375,41.86906051635742,140.12583923339844,82.9703598022461,133.89718627929688,31.70060157775879,84.74272155761719,44.931392669677734,5708.52001953125,37.61577606201172,10.050000190734863
2017-10-20,224.57000732421875,24.659955978393555,23.430078506469727,22.604631423950195,63.006229400634766,28.055133819580078,42.58455276489258,20.834064483642578,72.3486099243164,41.97011947631836,140.50379943847656,83.52769470214844,134.51608276367188,32.14344787597656,84.65373992919922,45.53504180908203,6011.4501953125,37.754520416259766,9.970000267028809
2017-10-21,,,,,,,,,,,,,,,,,6031.60009765625,,
2017-10-22,,,,,,,,,,,,,,,,,6008.419921875,,
2017-10-23,223.6966094970703,24.61376953125,23.309070587158203,22.587663650512695,62.60899353027344,27.921981811523438,42.552940368652344,20.845458984375,72.16749572753906,41.685298919677734,139.58731079101562,83.24473571777344,133.51150512695312,31.848217010498047,83.5068359375,45.09819412231445,5930.31982421875,37.452552795410156,11.069999694824219
2017-10-24,224.08963012695312,24.752309799194336,23.35401725769043,22.748886108398438,62.96308135986328,28.000038146972656,42.4028205871582,20.86444854736328,71.6844482421875,41.78636932373047,139.82351684570312,83.33047485351562,133.7895050048828,31.70060157775879,82.63674926757812,45.360294342041016,5526.64013671875,37.452552795410156,11.15999984741211
2017-10-25,222.98037719726562,24.622173309326172,23.191518783569336,22.613121032714844,62.341285705566406,27.848514556884766,42.28432083129883,20.773300170898438,71.58094787597656,41.62557601928711,139.29444885253906,82.77310943603516,133.14381408691406,31.119365692138672,81.93479919433594,45.16173553466797,5750.7998046875,37.37093734741211,11.229999542236328
2017-10-26,223.26858520507812,24.949626922607422,23.23992347717285,22.740398406982422,62.42765808105469,27.963308334350586,42.31592559814453,20.777099609375,70.86507415771484,41.77259063720703,138.850341796875,82.9360580444336,133.42185974121094,31.562206268310547,80.8867416381836,45.70183563232422,5904.830078125,37.1179313659668,11.300000190734863
2017-10-27,225.09410095214844,24.819477081298828,23.28141212463379,22.723432540893555,62.453548431396484,28.716346740722656,41.952484130859375,20.906225204467773,70.84780883789062,42.44788360595703,142.89413452148438,83.06465148925781,134.345703125,32.15267562866211,82.8542709350586,45.94805145263672,5780.89990234375,37.656585693359375,9.800000190734863
2017-10-28,,,,,,,,,,,,,,,,,5753.08984375,,
2017-10-29,,,,,,,,,,,,,,,,,6153.85009765625,,
2017-10-30,224.25559997558594,24.701929092407227,23.402416229248047,22.63009262084961,62.021751403808594,28.780622482299805,41.59695816040039,20.91002655029297,70.08879089355469,42.25495529174805,143.21543884277344,82.6616439819336,132.9285430908203,32.327972412109375,83.06193542480469,45.264991760253906,6130.52978515625,37.419898986816406,10.5
2017-10-31,224.60504150390625,24.769105911254883,23.47848129272461,22.570693969726562,61.77133560180664,28.90460205078125,41.94458770751953,20.932804107666016,69.95943450927734,42.2595329284668,143.7539520263672,82.81598663330078,133.87022399902344,32.76158905029297,82.6960678100586,45.360294342041016,6468.39990234375,37.77084732055664,10.180000305175781
2017-11-01,224.9019775390625,24.890851974487305,23.74468421936035,22.604631423950195,61.73676681518555,28.909198760986328,42.07889175415039,20.81507682800293,70.13191986083984,42.2733154296875,143.7067413330078,82.84170532226562,132.9823760986328,32.2541618347168,81.53927612304688,45.106136322021484,6767.31005859375,37.96671676635742,10.199999809265137
2017-11-02,224.98927307128906,24.710329055786133,23.67554473876953,22.8167667388916,62.090858459472656,28.922964096069336,41.97618865966797,20.891033172607422,69.81279754638672,41.95634841918945,143.43267822265625,82.82455444335938,133.37693786621094,32.13422393798828,82.95315551757812,45.455596923828125,7078.5,38.015682220458984,9.930000305175781
2017-11-03,225.740478515625,24.69773292541504,23.74468421936035,22.723432540893555,62.030399322509766,29.152555465698242,41.984092712402344,20.96698760986328,70.39068603515625,42.1263313293457,144.81216430664062,82.9446029663086,133.2873077392578,32.56784439086914,84.63395690917969,45.40000915527344,7207.759765625,37.81980895996094,9.140000343322754
2017-11-04,,,,,,,,,,,,,,,,,7379.9501953125,,
2017-11-05,,,,,,,,,,,,,,,,,7407.41015625,,
2017-11-06,226.08981323242188,24.5927791595459,24.2874813079834,22.697980880737305,62.06494140625,29.216833114624023,41.533748626708984,20.88723373413086,70.175048828125,42.43409729003906,145.30345153808594,83.28759765625,133.4397735595703,32.51249694824219,84.07039642333984,45.264991760253906,7022.759765625,38.244205474853516,9.399999618530273
2017-11-07,225.93260192871094,24.617969512939453,24.25637435913086,22.38401985168457,62.159934997558594,29.230613708496094,41.9998893737793,21.137882232666016,70.32167053222656,42.18143844604492,145.38853454589844,83.15898132324219,131.84326171875,32.189579010009766,83.19044494628906,44.01799392700195,7144.3798828125,37.99937057495117,9.890000343322754
2017-11-08,226.31692504882812,24.643152236938477,24.138824462890625,22.273710250854492,62.056304931640625,29.39132308959961,42.4581413269043,21.153072357177734,70.48553466796875,42.22737121582031,145.97425842285156,83.26188659667969,132.022705078125,32.22648620605469,82.27094268798828,43.67646408081055,7459.68994140625,38.17890548706055,9.779999732971191
2017-11-09,225.4958953857422,24.433250427246094,24.211423873901367,22.19734764099121,61.27909851074219,29.157146453857422,42.45022964477539,21.179656982421875,70.49418640136719,42.29169464111328,145.20896911621094,83.03893280029297,131.55633544921875,31.977384567260742,81.98419952392578,43.247562408447266,7143.580078125,37.94223403930664,10.5
2017-11-10,225.426025390625,24.39546775817871,24.08350372314453,22.12946891784668,61.36544418334961,29.157146453857422,42.884765625,21.080917358398438,70.03705596923828,42.43409729003906,145.19947814941406,83.09038543701172,131.45761108398438,32.014286041259766,81.83589935302734,43.16812515258789,6618.14013671875,37.77900695800781,11.289999961853027
2017-11-11,,,,,,,,,,,,,,,,,6357.60009765625,,
2017-11-12,,,,,,,,,,,,,,,,,5950.06982421875,,
2017-11-13,225.6356201171875,24.521406173706055,23.94521141052246,22.163408279418945,61.15822219848633,29.147960662841797,43.12969207763672,21.331560134887695,70.10603332519531,42.5765266418457,145.3790283203125,83.21900177001953,131.4934539794922,32.15267562866211,80.75822448730469,43.827369689941406,6559.490234375,37.697383880615234,11.5
2017-11-14,225.11158752441406,24.298904418945312,23.55799674987793,22.154918670654297,60.994102478027344,29.088260650634766,43.2797966003418,21.597400665283203,69.8214111328125,42.61326599121094,144.84994506835938,83.17613983154297,131.13475036621094,31.8389892578125,79.15648651123047,44.19273376464844,6635.75,37.44438934326172,11.59000015258789
2017-11-15,223.98483276367188,24.151975631713867,23.29178237915039,22.21431541442871,60.6486930847168,28.872455596923828,42.82155990600586,21.411314010620117,69.62303924560547,42.42951202392578,144.16969299316406,82.7216567993164,130.61456298828125,31.922027587890625,79.14659881591797,44.21656036376953,7315.5400390625,37.24850845336914,13.130000114440918
2017-11-16,225.88893127441406,24.445844650268555,23.19843292236328,22.22280502319336,61.21864318847656,29.276525497436523,43.41411209106445,21.342960357666016,70.34756469726562,42.78324508666992,146.0120849609375,83.43335723876953,132.53390502929688,32.56784439086914,80.51101684570312,44.16096496582031,7871.68994140625,38.02384567260742,11.760000228881836
2017-11-17,225.22509765625,24.47943115234375,23.312528610229492,22.19734764099121,60.88184356689453,29.088260650634766,43.26399230957031,21.194852828979492,70.07156372070312,42.971588134765625,145.45462036132812,83.57915496826172,133.14381408691406,32.733917236328125,80.51101684570312,44.48661422729492,7708.990234375,38.21156311035156,11.430000305175781
2017-11-18,,,,,,,,,,,,,,,,,7790.14990234375,,
2017-11-19,,,,,,,,,,,,,,,,,8036.490234375,,
2017-11-20,225.60943603515625,24.513011932373047,23.257217407226562,22.29916763305664,61.15822219848633,29.198469161987305,43.21659851074219,21.130287170410156,69.77831268310547,43.054290771484375,145.34124755859375,83.70774841308594,134.11241149902344,33.0660514831543,79.95733642578125,44.86785888671875,8200.6396484375,38.40743637084961,10.649999618530273
2017-11-21,227.0854949951172,24.643152236938477,23.309070587158203,22.367055892944336,61.5986213684082,29.50611114501953,43.358821868896484,21.187255859375,70.39068603515625,43.32073974609375,146.91900634765625,84.0164794921875,135.5115966796875,33.61960983276367,80.36272430419922,44.85198211669922,8071.259765625,38.92158889770508,9.729999542236328
2017-11-22,226.88467407226562,24.57598304748535,23.402416229248047,22.256746292114258,61.66770553588867,29.451019287109375,43.30352020263672,21.187255859375,70.36480712890625,43.362083435058594,147.09866333007812,83.9821548461914,135.3322296142578,33.91484451293945,80.7878646850586,44.73283386230469,8253.5498046875,39.019535064697266,9.880000114440918
2017-11-23,,,,,,,,,,,,,,,,,8038.77001953125,,
2017-11-24,227.40869140625,24.701929092407227,23.468103408813477,22.24825668334961,61.66770553588867,29.616310119628906,43.27191162109375,21.221433639526367,70.5286865234375,43.47234344482422,147.63717651367188,84.02503204345703,135.38604736328125,34.08091354370117,81.0350341796875,44.407188415527344,8253.6904296875,38.93791198730469,9.670000076293945
2017-11-25,,,,,,,,,,,,,,,,,8790.919921875,,
2017-11-26,,,,,,,,,,,,,,,,,9330.5498046875,,
2017-11-27,227.29522705078125,24.554996490478516,23.229557037353516,22.231290817260742,61.77133560180664,29.616310119628906,43.29559326171875,21.31257438659668,70.58905029296875,43.504486083984375,147.57101440429688,83.93928527832031,134.97349548339844,34.37615203857422,80.30339813232422,44.494544982910156,9818.349609375,38.36662673950195,9.869999885559082
2017-11-28,229.60107421875,24.82787322998047,23.40932846069336,22.80828094482422,62.712642669677734,29.71274185180664,43.65113067626953,21.411314010620117,71.10657501220703,43.986839294433594,147.94895935058594,84.90823364257812,137.09912109375,34.754417419433594,80.47147369384766,46.019535064697266,10058.7998046875,38.65227127075195,10.029999732971191
2017-11-29,229.46136474609375,24.865663528442383,23.537250518798828,23.198606491088867,63.265296936035156,29.05612564086914,43.880252838134766,21.42270851135254,71.46023559570312,44.175201416015625,145.36956787109375,85.30268859863281,137.55648803710938,34.11782455444336,80.08589935302734,47.52863311767578,9888.6103515625,38.040164947509766,10.699999809265137
2017-11-30,231.4702606201172,25.004199981689453,23.889894485473633,23.351335525512695,64.34474182128906,29.313255310058594,44.283180236816406,21.494869232177734,71.9949722290039,44.40030288696289,146.58836364746094,85.96294403076172,137.80764770507812,34.320796966552734,82.25115966796875,47.123573303222656,10233.599609375,37.62393569946289,11.279999732971191
2017-12-01,230.98980712890625,24.798486709594727,24.090412139892578,23.402252197265625,63.55025863647461,29.16172981262207,44.3937873840332,21.42270851135254,71.84835052490234,44.38193893432617,145.96482849121094,85.7914810180664,137.2426300048828,34.50531005859375,82.47856903076172,47.131507873535156,10975.599609375,37.4117546081543,11.430000305175781
2017-12-02,,,,,,,,,,,,,,,,,11074.599609375,,
2017-12-03,,,,,,,,,,,,,,,,,11323.2001953125,,
2017-12-04,230.7103271484375,25.054576873779297,24.080049514770508,23.758623123168945,64.08570098876953,28.69338607788086,44.81251907348633,21.301179885864258,70.96856689453125,44.896453857421875,144.2830352783203,85.97152709960938,136.7313690185547,33.896392822265625,80.51101684570312,47.9337158203125,11657.2001953125,37.48519515991211,11.680000305175781
2017-12-05,229.8805389404297,24.928630828857422,23.976327896118164,23.631351470947266,63.541648864746094,28.70256233215332,44.741432189941406,21.031551361083984,70.84780883789062,44.63917541503906,144.3775177001953,85.42274475097656,135.3680877685547,33.53657913208008,79.44320678710938,47.01236343383789,11916.7001953125,37.46071243286133,11.329999923706055
2017-12-06,229.9242401123047,24.781688690185547,23.66516876220703,23.546493530273438,63.63664627075195,28.8862361907959,45.025848388671875,21.111297607421875,70.7874526977539,44.349769592285156,145.02943420410156,85.26840209960938,134.7312774658203,33.693424224853516,79.04772186279297,46.74230194091797,14291.5,36.9547004699707,11.020000457763672
2017-12-07,230.64913940429688,24.949626922607422,23.73432159423828,23.622859954833984,64.223876953125,29.065305709838867,44.591312408447266,21.149276733398438,70.80467987060547,44.464622497558594,145.52078247070312,85.65425109863281,135.67303466796875,34.19163131713867,81.35142517089844,47.07591247558594,17899.69921875,37.06080627441406,10.15999984741211
2017-12-08,231.90696716308594,24.949626922607422,23.95212745666504,23.767108917236328,64.50021362304688,29.20306396484375,44.709815979003906,21.217636108398438,71.59821319580078,44.675941467285156,146.16322326660156,86.18588256835938,135.7986297607422,33.896392822265625,82.9828109741211,47.09177780151367,16569.400390625,37.49335861206055,9.579999923706055
2017-12-09,,,,,,,,,,,,,,,,,15178.2001953125,,
2017-12-10,,,,,,,,,,,,,,,,,15455.400390625,,
2017-12-11,232.60569763183594,24.98320770263672,24.124990463256836,23.707714080810547,64.37068176269531,29.455596923828125,44.70191955566406,21.346757888793945,71.90008544921875,44.772403717041016,147.2969970703125,86.2630615234375,135.74484252929688,34.127052307128906,82.13253021240234,46.718482971191406,16936.80078125,37.681068420410156,9.34000015258789
2017-12-12,233.01625061035156,24.98740577697754,24.05929946899414,23.945302963256836,64.43976593017578,29.446414947509766,44.709815979003906,20.982179641723633,72.18473052978516,44.79079055786133,147.09866333007812,86.27165985107422,135.32327270507812,34.63447570800781,80.7680892944336,47.123573303222656,17415.400390625,37.42806625366211,9.920000076293945
2017-12-13,232.989990234375,25.054576873779297,24.024728775024414,23.6483211517334,64.6902084350586,29.455596923828125,44.96263885498047,21.03914451599121,72.43486785888672,44.82754135131836,147.3820343017578,86.19446563720703,136.1304473876953,34.68982696533203,81.98419952392578,46.615234375,16408.19921875,37.87693786621094,10.180000305175781
2017-12-14,232.03799438476562,24.777502059936523,23.938295364379883,23.495582580566406,64.24978637695312,29.418861389160156,44.76512145996094,21.01255989074707,71.70172119140625,44.96536636352539,147.2781524658203,85.67141723632812,134.6236572265625,34.66215515136719,80.40228271484375,46.13072967529297,16564.0,37.59946060180664,10.489999771118164
2017-12-15,233.97024536132812,24.924314498901367,23.916725158691406,23.706998825073242,64.7030029296875,29.75438690185547,45.27293395996094,21.089603424072266,72.49060821533203,45.15988540649414,148.95045471191406,86.43637084960938,136.54302978515625,35.47404479980469,80.93145751953125,47.11661911010742,17706.900390625,37.681068420410156,9.420000076293945
2017-12-16,,,,,,,,,,,,,,,,,19497.400390625,,
2017-12-17,,,,,,,,,,,,,,,,,19140.80078125,,
2017-12-18,235.45391845703125,25.291336059570312,24.10117530822754,23.920108795166016,65.1631851196289,30.017087936401367,45.24905776977539,20.85578155517578,72.51659393310547,45.56553268432617,150.1992645263672,87.09104919433594,138.3906707763672,36.848724365234375,80.93145751953125,47.74674606323242,19114.19921875,38.105464935302734,9.529999732971191
2017-12-19,234.54969787597656,25.261808395385742,24.1359806060791,23.817813873291016,65.18055725097656,29.83274269104004,45.30476760864258,20.476306915283203,72.43001556396484,45.50559997558594,149.30931091308594,86.79817199707031,137.29638671875,36.06450653076172,80.67427062988281,47.555320739746094,17776.69921875,37.904136657714844,10.029999732971191
2017-12-20,234.42674255371094,25.27025032043457,24.47705078125,23.77519416809082,65.39762878417969,29.82352066040039,45.22517395019531,20.315324783325195,72.1961898803711,45.41801452636719,149.1483154296875,86.8067855834961,137.56549072265625,35.36333084106445,81.24797821044922,47.363895416259766,16624.599609375,37.95383834838867,9.720000267028809
2017-12-21,234.90957641601562,25.358842849731445,24.995615005493164,23.979785919189453,65.44973754882812,29.763607025146484,45.193336486816406,20.07383918762207,72.03164672851562,45.71302032470703,149.16725158691406,86.97909545898438,138.16778564453125,34.828224182128906,82.17778778076172,47.994022369384766,15802.900390625,38.20240020751953,9.619999885559082
2017-12-22,234.84812927246094,25.455869674682617,25.047821044921875,23.911582946777344,65.46710968017578,29.745168685913086,45.264976501464844,20.104503631591797,71.7978515625,45.62545394897461,148.9967803955078,87.06521606445312,137.91567993164062,34.828224182128906,83.67137908935547,47.818546295166016,13831.7998046875,38.5255126953125,9.899999618530273
2017-12-23,,,,,,,,,,,,,,,,,14699.2001953125,,
2017-12-24,,,,,,,,,,,,,,,,,13925.7998046875,,
2017-12-25,,,,,,,,,,,,,,,,,14026.599609375,,
2017-12-26,234.5672149658203,25.434776306152344,25.267086029052734,23.843387603759766,65.53653717041016,29.546995162963867,45.368446350097656,19.985681533813477,71.81517028808594,45.72686004638672,148.19203186035156,87.16859436035156,137.99673461914062,35.29874801635742,84.24505615234375,47.37983322143555,16099.7998046875,38.49237060546875,10.25
2017-12-27,234.68128967285156,25.46853256225586,25.183555603027344,23.86896324157715,65.69285583496094,29.57925796508789,45.36049270629883,20.070003509521484,71.9363784790039,45.63466262817383,148.2110137939453,87.16859436035156,137.8616943359375,35.09128952026367,84.94737243652344,47.164466857910156,15838.5,38.591793060302734,10.470000267028809
2017-12-28,235.16421508789062,25.58243179321289,25.221839904785156,23.962736129760742,65.82305908203125,29.629947662353516,45.28885269165039,20.18116569519043,72.04034423828125,45.75912857055664,148.3909149169922,87.38395690917969,138.40182495117188,34.988487243652344,85.26388549804688,47.41971969604492,14606.5,38.856910705566406,10.180000305175781
2017-12-29,234.2774658203125,25.536029815673828,25.148752212524414,23.792240142822266,65.7015151977539,29.473249435424805,45.28089141845703,20.19266700744629,71.59867095947266,45.49177551269531,147.47250366210938,87.03076934814453,137.25852966308594,34.652061462402344,83.94835662841797,46.941139221191406,14656.2001953125,39.039180755615234,11.039999961853027
2017-12-30,,,,,,,,,,,,,,,,,12952.2001953125,,
2017-12-31,,,,,,,,,,,,,,,,,14156.400390625,,
2018-01-01,,,,,,,,,,,,,,,,,13657.2001953125,,
2018-01-02,235.95423889160156,25.898839950561523,25.562910079956055,23.800764083862305,66.09222412109375,29.837345123291016,45.0023307800293,20.004844665527344,72.40403747558594,46.18320846557617,150.0572509765625,87.67684173583984,138.55490112304688,36.0538444519043,86.2629165649414,47.06078338623047,14982.099609375,39.77655029296875,9.770000457763672
2018-01-03,237.44668579101562,26.080242156982422,25.945737838745117,23.92863655090332,66.44821166992188,30.086210250854492,44.986392974853516,19.847688674926758,73.09681701660156,46.39524459838867,151.5153045654297,88.1247787475586,138.69894409179688,36.203369140625,87.41031646728516,47.14851760864258,15201.0,40.15767288208008,9.149999618530273
2018-01-04,238.44754028320312,26.308061599731445,26.102354049682617,24.15027618408203,66.9344482421875,30.238304138183594,45.11375045776367,19.6828670501709,73.20071411132812,46.54736328125,151.78045654296875,88.42628479003906,139.06805419921875,36.324851989746094,86.4013900756836,47.40376663208008,15599.2001953125,40.356510162353516,9.220000267028809
2018-01-05,240.03660583496094,26.518991470336914,26.091909408569336,24.218469619750977,67.39463806152344,30.55631446838379,45.31272888183594,19.67519760131836,73.82422637939453,46.916133880615234,153.3047637939453,88.84837341308594,139.35614013671875,36.913604736328125,86.09477996826172,47.71484375,17429.5,40.70448684692383,9.220000267028809
2018-01-06,,,,,,,,,,,,,,,,,17527.0,,
2018-01-07,,,,,,,,,,,,,,,,,16477.599609375,,
2018-01-08,240.47549438476562,26.556962966918945,26.24853515625,24.184377670288086,67.67247772216797,30.67153549194336,45.424163818359375,19.859189987182617,73.55574798583984,46.97144317626953,153.9012451171875,89.14128875732422,139.57223510742188,36.661285400390625,84.383544921875,47.62710952758789,15170.099609375,40.70448684692383,9.520000457763672
2018-01-09,241.01979064941406,26.5147705078125,26.182403564453125,24.37191390991211,68.10662078857422,30.593183517456055,45.36049270629883,19.663700103759766,74.4217529296875,47.06364440917969,153.91073608398438,89.18433380126953,139.38314819335938,36.736045837402344,86.53987884521484,48.273193359375,14595.400390625,40.63820266723633,10.079999923706055
2018-01-10,240.65110778808594,26.354459762573242,26.151084899902344,24.576507568359375,68.0979232788086,30.4871883392334,45.13761901855469,19.44904327392578,74.2918472290039,47.031375885009766,153.55096435546875,88.91728973388672,139.4011993408203,36.82949447631836,87.62793731689453,48.86344909667969,14973.2998046875,40.38136291503906,9.819999694824219
2018-01-11,242.40689086914062,26.700397491455078,26.687047958374023,24.695852279663086,68.96617889404297,30.61161994934082,45.07395935058594,19.376216888427734,74.61226654052734,47.79655456542969,154.60186767578125,89.77009582519531,141.7959442138672,36.922950744628906,88.1719741821289,49.629180908203125,13405.7998046875,40.62990951538086,9.880000114440918
2018-01-12,243.98715209960938,26.74258804321289,26.94459342956543,24.917491912841797,69.60870361328125,30.79136848449707,45.08987045288086,19.265058517456055,75.18379974365234,48.41423797607422,155.73800659179688,90.3472900390625,142.39013671875,37.10985565185547,88.64675903320312,49.94026565551758,13980.599609375,41.01931381225586,10.15999984741211
2018-01-13,,,,,,,,,,,,,,,,,14360.2001953125,,
2018-01-14,,,,,,,,,,,,,,,,,13772.0,,
2018-01-15,,,,,,,,,,,,,,,,,13819.7998046875,,
2018-01-16,243.15309143066406,26.43039894104004,26.6035213470459,24.849294662475586,68.98355865478516,30.67153549194336,45.29680633544922,19.222890853881836,75.55615234375,48.06850814819336,155.29302978515625,89.73564147949219,140.57154846191406,36.27812194824219,85.89692687988281,49.46167755126953,11490.5,40.861900329589844,11.65999984741211
2018-01-17,245.4707794189453,26.55274200439453,26.83670425415039,25.036834716796875,69.36558532714844,31.13241195678711,45.814170837402344,19.341718673706055,76.28357696533203,48.29899978637695,156.9688262939453,90.48512268066406,141.9040069580078,37.1285400390625,87.06411743164062,49.76479721069336,11188.599609375,41.400421142578125,11.90999984741211
2018-01-18,245.05813598632812,26.535873413085938,26.61743927001953,25.00273895263672,68.99222564697266,31.18772315979004,45.678871154785156,19.21906089782715,76.30091094970703,48.25751495361328,156.99722290039062,90.23530578613281,140.9316864013672,37.259376525878906,86.935546875,49.485599517822266,11474.900390625,41.450130462646484,12.220000267028809
2018-01-19,246.17312622070312,26.696182250976562,26.5826358795166,25.18175506591797,69.19194793701172,31.247634887695312,46.188262939453125,19.16156578063965,76.5866928100586,48.67698287963867,157.4895782470703,90.82968139648438,142.7862548828125,37.324790954589844,87.95435333251953,50.27527618408203,11607.400390625,41.789833068847656,11.270000457763672
2018-01-20,,,,,,,,,,,,,,,,,12899.2001953125,,
2018-01-21,,,,,,,,,,,,,,,,,11600.099609375,,
2018-01-22,248.17474365234375,26.63290023803711,27.15689468383789,25.3863468170166,69.19194793701172,31.551822662353516,46.53847122192383,19.188396453857422,77.08895111083984,49.21630096435547,159.17486572265625,91.47576141357422,143.551513671875,38.36210632324219,92.87037658691406,50.41086959838867,10931.400390625,42.030086517333984,11.029999732971191
2018-01-23,248.7014923095703,26.62868309020996,27.115131378173828,25.41192626953125,69.22666931152344,31.690080642700195,46.387245178222656,19.372385025024414,76.71656036376953,49.631160736083984,160.49090576171875,91.72555541992188,144.01068115234375,38.84806442260742,94.7794418334961,50.53849411010742,10868.400390625,42.228939056396484,11.100000381469727
2018-01-24,248.60487365722656,26.74258804321289,27.04204750061035,25.582412719726562,69.1658935546875,31.445823669433594,46.48276901245117,19.253557205200195,76.94174194335938,49.843196868896484,159.44940185546875,91.7686538696289,143.11935424804688,38.61443328857422,93.31549835205078,50.514564514160156,11359.400390625,42.58518600463867,11.470000267028809
2018-01-25,248.7102508544922,26.919780731201172,26.829734802246094,25.531267166137695,69.23534393310547,31.390514373779297,46.50663375854492,19.552541732788086,77.59986114501953,49.75562286376953,159.3926239013672,91.69112396240234,143.1733856201172,38.58639907836914,94.3738784790039,50.17158126831055,11259.400390625,42.56032943725586,11.579999923706055
2018-01-26,251.5897979736328,27.03789520263672,26.975919723510742,25.718812942504883,70.0341567993164,31.888259887695312,46.7294921875,19.564044952392578,79.27120971679688,50.24423599243164,161.83531188964844,92.54393005371094,143.6865997314453,39.296630859375,95.14540100097656,50.2992057800293,11171.400390625,43.1485710144043,11.079999923706055
2018-01-27,,,,,,,,,,,,,,,,,11440.7001953125,,
2018-01-28,,,,,,,,,,,,,,,,,11786.2998046875,,
2018-01-29,249.92169189453125,26.72992706298828,26.5687198638916,25.61650848388672,69.56529235839844,31.5979061126709,46.54644012451172,19.314884185791016,79.0546875,50.10594940185547,161.0494842529297,91.8806381225586,142.8762969970703,39.55830001831055,95.97627258300781,50.09181594848633,11296.400390625,42.49405288696289,13.84000015258789
2018-01-30,247.3582305908203,26.535873413085938,26.032752990722656,25.284053802490234,69.01828002929688,31.31217384338379,46.23602294921875,19.349384307861328,77.39202880859375,49.857025146484375,159.72402954101562,90.8641128540039,141.5078887939453,38.8760986328125,93.99798583984375,49.70096206665039,10106.2998046875,41.91409683227539,14.789999961853027
2018-01-31,247.48118591308594,26.556962966918945,26.05014991760254,25.352251052856445,69.22666931152344,31.547208786010742,46.021114349365234,19.564044952392578,76.29222106933594,49.69569396972656,160.3866729736328,90.84693145751953,140.76963806152344,38.539669036865234,92.35603332519531,49.69298553466797,10221.099609375,42.27864074707031,13.539999961853027
2018-02-01,247.20016479492188,26.194150924682617,26.31813621520996,25.590940475463867,69.1051025390625,31.574865341186523,45.82212829589844,19.25739288330078,76.31822967529297,49.142547607421875,159.0233612060547,90.63156127929688,141.21075439453125,38.08176040649414,92.59342193603516,50.42683029174805,9170.5400390625,41.70698165893555,13.470000267028809
2018-02-02,241.8186798095703,25.506498336791992,25.21835708618164,25.02831268310547,67.71589660644531,30.6392765045166,44.946598052978516,19.119407653808594,75.2444076538086,48.6723747253418,155.8516082763672,88.7708511352539,138.4918975830078,37.19395446777344,90.89208221435547,49.964195251464844,8830.75,40.63820266723633,17.309999465942383
2018-02-03,,,,,,,,,,,,,,,,,9174.91015625,,
2018-02-04,,,,,,,,,,,,,,,,,8277.009765625,,
2018-02-05,231.70523071289062,24.53196144104004,24.160337448120117,23.76667022705078,64.64225006103516,29.358034133911133,43.314918518066406,18.805089950561523,71.910400390625,47.031375885009766,149.70692443847656,85.48017883300781,133.171142578125,35.876285552978516,87.38065338134766,47.922237396240234,6955.27001953125,39.21316909790039,37.31999969482422
2018-02-06,236.27032470703125,25.33353042602539,24.351760864257812,24.201419830322266,65.82305908203125,30.201448440551758,43.7924919128418,18.52527618408203,72.7071304321289,48.23446273803711,153.6740264892578,86.6517105102539,134.76467895507812,36.71735382080078,90.06121063232422,48.408790588378906,7754.0,40.48906326293945,29.979999542236328
2018-02-07,234.98863220214844,25.1057186126709,23.94456672668457,24.218469619750977,65.94463348388672,29.81431007385254,43.60145950317383,18.437108993530273,72.62051391601562,48.08696365356445,151.68572998046875,86.41915893554688,134.89968872070312,37.23134231567383,90.42720031738281,48.743804931640625,7621.2998046875,39.21316909790039,27.729999542236328
2018-02-08,226.17442321777344,24.2239990234375,23.220659255981445,23.15288734436035,63.400604248046875,28.579147338867188,42.662254333496094,18.230134963989258,70.10054016113281,46.16937255859375,145.28541564941406,83.37825775146484,130.9384307861328,35.60527420043945,85.87716674804688,47.020904541015625,8265.58984375,37.85442352294922,33.459999084472656
2018-02-09,229.5719451904297,24.6458740234375,23.20326042175293,23.596176147460938,64.08655548095703,29.279682159423828,42.749820709228516,18.61343002319336,71.09640502929688,46.47822570800781,147.7943878173828,84.52396392822266,132.13584899902344,35.85759353637695,86.07498931884766,47.89830780029297,8736.98046875,38.459232330322266,29.059999465942383
2018-02-10,,,,,,,,,,,,,,,,,8621.900390625,,
2018-02-11,,,,,,,,,,,,,,,,,8129.97021484375,,
2018-02-12,232.9430694580078,25.143686294555664,23.582605361938477,23.92863655090332,65.11975860595703,29.805084228515625,43.18757247924805,18.755260467529297,71.7632064819336,47.10973358154297,150.41705322265625,85.56631469726562,133.38720703125,36.27812194824219,87.82576751708984,48.28117370605469,8926.5703125,39.06403732299805,25.610000610351562
2018-02-13,233.52252197265625,25.080402374267578,23.48516082763672,24.03093719482422,65.26737213134766,29.878826141357422,43.38656234741211,18.839588165283203,71.81517028808594,47.35403823852539,151.1934051513672,85.77305603027344,133.67535400390625,36.70052719116211,88.34011840820312,48.448673248291016,8598.3095703125,39.36229705810547,24.969999313354492
2018-02-14,236.67420959472656,25.41790008544922,23.82623291015625,24.602083206176758,66.09222412109375,30.427274703979492,43.3626823425293,18.62876319885254,72.6291732788086,48.11000442504883,154.02432250976562,87.07381439208984,136.0791015625,37.64252853393555,90.65470886230469,49.780731201171875,9494.6298828125,40.348228454589844,19.260000228881836
2018-02-15,239.6941680908203,25.60774803161621,23.767066955566406,24.73847198486328,67.09075927734375,31.007984161376953,44.07902526855469,19.042736053466797,73.43453216552734,48.53868865966797,156.88360595703125,87.97831726074219,137.56460571289062,38.39948654174805,91.72297668457031,50.01205062866211,10166.400390625,41.176727294921875,19.1299991607666
2018-02-16,239.7643585205078,25.514934539794922,23.707902908325195,24.704376220703125,67.10811614990234,30.961894989013672,44.25414276123047,19.211397171020508,73.96278381347656,48.30359649658203,156.18299865722656,88.02142333984375,138.05072021484375,38.371456146240234,91.46580505371094,50.33110427856445,10233.900390625,41.044166564941406,19.459999084472656
2018-02-17,,,,,,,,,,,,,,,,,11112.7001953125,,
2018-02-18,,,,,,,,,,,,,,,,,10551.7998046875,,
2018-02-19,,,,,,,,,,,,,,,,,11225.2998046875,,
2018-02-20,238.2631072998047,25.401025772094727,23.579132080078125,24.627653121948242,66.43084716796875,30.98955726623535,43.251251220703125,18.962249755859375,73.14876556396484,48.15611267089844,156.49542236328125,87.46147155761719,136.91635131835938,38.334075927734375,89.84359741210938,49.932281494140625,11403.7001953125,40.48078918457031,20.600000381469727
2018-02-21,237.07797241210938,25.31243324279785,23.182373046875,24.661754608154297,66.44821166992188,30.79136848449707,42.733882904052734,18.713090896606445,72.8456802368164,48.08696365356445,156.05044555664062,86.93597412109375,137.06040954589844,38.38079833984375,90.06121063232422,50.38694381713867,10690.400390625,40.44763946533203,20.020000457763672
2018-02-22,237.38525390625,25.481182098388672,23.43643569946289,24.457164764404297,66.89102935791016,30.828229904174805,42.84532928466797,18.80891990661621,72.73310089111328,48.146873474121094,156.031494140625,86.97909545898438,136.8444061279297,38.3060417175293,90.1799087524414,49.45370101928711,10005.0,40.472503662109375,18.719999313354492
2018-02-23,241.16900634765625,25.856653213500977,23.94456672668457,24.823726654052734,67.44670867919922,31.473472595214844,43.25920867919922,19.299558639526367,73.89350891113281,48.81988525390625,159.22222900390625,88.30567932128906,138.62693786621094,38.791988372802734,91.53504180908203,50.21944046020508,10301.099609375,41.193302154541016,16.489999771118164
2018-02-24,,,,,,,,,,,,,,,,,9813.0703125,,
2018-02-25,,,,,,,,,,,,,,,,,9664.73046875,,
2018-02-26,243.9695281982422,25.970563888549805,24.087251663208008,25.19881248474121,68.3757553100586,31.966602325439453,43.52982711791992,19.242061614990234,74.82876586914062,49.230140686035156,161.33355712890625,88.968994140625,139.53622436523438,39.586334228515625,92.177978515625,50.4826545715332,10366.7001953125,41.57441329956055,15.800000190734863
2018-02-27,240.9232635498047,25.611967086791992,23.77402687072754,24.960115432739258,67.51618194580078,31.643997192382812,42.95676040649414,18.935415267944336,74.04935455322266,48.18836975097656,159.3358154296875,87.81464385986328,137.52857971191406,38.960205078125,91.08992767333984,49.820621490478516,10725.599609375,40.36479187011719,18.59000015258789
2018-02-28,238.48268127441406,25.15633773803711,23.227615356445312,24.610605239868164,66.55241394042969,31.41815948486328,42.511024475097656,18.805089950561523,72.86299896240234,47.97171401977539,158.31324768066406,86.85846710205078,135.35887145996094,38.23127746582031,89.37870788574219,49.07084655761719,10397.900390625,39.78483963012695,19.850000381469727
2018-03-01,235.01499938964844,24.899002075195312,23.19281005859375,24.184377670288086,65.25003814697266,30.897371292114258,42.41551208496094,18.80891990661621,71.70258331298828,47.455448150634766,155.7285614013672,85.92811584472656,134.99874877929688,38.10044479370117,88.5478286743164,49.102745056152344,10951.0,39.710269927978516,22.469999313354492
2018-03-02,236.2263946533203,24.873687744140625,23.300704956054688,24.244050979614258,65.23265075683594,31.192338943481445,42.7736930847168,18.75908851623535,72.43001556396484,47.501548767089844,157.15817260742188,86.49665832519531,137.1595001220703,38.97889709472656,90.96133422851562,49.9003791809082,11086.400390625,39.875972747802734,19.59000015258789
2018-03-03,,,,,,,,,,,,,,,,,11489.7001953125,,
2018-03-04,,,,,,,,,,,,,,,,,11512.599609375,,
2018-03-05,238.956787109375,25.202747344970703,23.547805786132812,24.585037231445312,66.01409912109375,31.51033592224121,43.14777755737305,19.142396926879883,73.08815002441406,48.06850814819336,158.90032958984375,87.53900146484375,138.3838653564453,39.77323913574219,92.36592864990234,50.498619079589844,11573.2998046875,39.933982849121094,18.729999542236328
2018-03-06,239.56248474121094,25.481182098388672,23.561725616455078,24.687326431274414,66.3093032836914,31.579465866088867,43.179622650146484,18.885583877563477,72.9842300415039,48.40041732788086,159.572509765625,87.92665100097656,139.87832641601562,40.14704895019531,92.63299560546875,51.192562103271484,10779.900390625,40.306800842285156,18.360000610351562
2018-03-07,239.47471618652344,25.38837432861328,23.38423728942871,24.64470672607422,66.30061340332031,31.754608154296875,42.78960037231445,18.74376106262207,73.35658264160156,48.073116302490234,159.9417724609375,87.84911346435547,141.11167907714844,40.754486083984375,93.80016326904297,51.431854248046875,9965.5703125,40.348228454589844,17.760000228881836
2018-03-08,240.63356018066406,25.409465789794922,23.377273559570312,24.72142791748047,66.64793395996094,31.892866134643555,43.179622650146484,18.881744384765625,73.85018920898438,48.225257873535156,160.8223114013672,88.150634765625,140.82366943359375,41.11894607543945,93.95841217041016,51.02505874633789,9395.009765625,40.356510162353516,16.540000915527344
2018-03-09,244.82119750976562,25.869308471679688,23.8227481842041,25.318145751953125,68.11528015136719,32.49660873413086,43.45818328857422,18.935415267944336,74.91534423828125,48.97199249267578,163.94668579101562,89.52031707763672,143.0743865966797,41.9506721496582,95.4025650024414,51.87055206298828,9337.5498046875,41.21815872192383,14.640000343322754
2018-03-10,,,,,,,,,,,,,,,,,8866.0,,
2018-03-11,,,,,,,,,,,,,,,,,9578.6298828125,,
2018-03-12,244.5138397216797,25.8060245513916,23.815792083740234,25.23290252685547,67.27307891845703,32.598026275634766,43.37860107421875,19.015905380249023,74.59491729736328,49.13331604003906,164.81773376464844,89.39969635009766,143.32643127441406,42.0347785949707,95.92682647705078,51.774837493896484,9205.1201171875,41.31758499145508,15.779999732971191
2018-03-13,242.93362426757812,25.700559616088867,23.645261764526367,24.95159149169922,66.94313049316406,32.22470474243164,43.34675979614258,19.058073043823242,74.69020080566406,48.787601470947266,162.57386779785156,89.02066040039062,142.66026306152344,41.53013610839844,94.89812469482422,51.42387390136719,9194.849609375,40.94474411010742,16.350000381469727
2018-03-14,241.68695068359375,25.384151458740234,23.506044387817383,24.670278549194336,66.21380615234375,32.19704818725586,42.909000396728516,19.253557205200195,74.32647705078125,48.72768783569336,162.54542541503906,88.48657989501953,141.98500061035156,41.24043655395508,94.48265838623047,50.6740837097168,8269.8095703125,41.01103210449219,17.229999542236328
2018-03-15,241.42364501953125,25.050872802734375,23.38423728942871,24.67880630493164,66.4048080444336,32.21549987792969,42.60654067993164,19.242061614990234,74.20526123046875,48.67698287963867,162.4034423828125,88.25397491455078,141.27377319335938,40.77317810058594,93.00886535644531,50.88147735595703,8300.8603515625,40.861900329589844,16.59000015258789
2018-03-16,241.6854248046875,25.049175262451172,23.592784881591797,24.7001895904541,66.7596206665039,32.18220901489258,42.621761322021484,19.410865783691406,74.20526123046875,48.626121520996094,161.92056274414062,88.61647033691406,142.0660858154297,40.576927185058594,92.61196899414062,51.1727409362793,8338.349609375,40.770755767822266,15.800000190734863
2018-03-17,,,,,,,,,,,,,,,,,7916.8798828125,,
2018-03-18,,,,,,,,,,,,,,,,,8223.6796875,,
2018-03-19,238.4153289794922,24.68922233581543,23.228248596191406,24.520523071289062,66.24526977539062,31.54420280456543,42.205528259277344,19.29111671447754,73.0060043334961,48.020503997802734,158.46575927734375,87.62165069580078,140.6975860595703,39.81061935424805,90.94916534423828,50.80466842651367,8630.650390625,40.33165740966797,19.020000457763672
2018-03-20,238.82083129882812,24.663803100585938,23.424543380737305,24.580408096313477,66.47193908691406,31.530317306518555,42.085472106933594,19.202268600463867,73.11030578613281,48.307125091552734,158.98736572265625,87.71678924560547,140.66159057617188,39.88538360595703,91.16692352294922,50.6046142578125,8913.4697265625,40.779052734375,18.200000762939453
2018-03-21,238.36244201660156,24.94330596923828,24.037935256958008,24.571855545043945,66.55037689208984,31.340763092041016,41.565208435058594,19.13660430908203,72.79742431640625,48.2701416015625,158.2950897216797,87.74274444580078,141.4808807373047,39.87603759765625,92.08738708496094,50.68464279174805,8929.2802734375,41.01931381225586,17.860000610351562
2018-03-22,232.40408325195312,24.197969436645508,23.54722023010254,23.664958953857422,64.35355377197266,30.531713485717773,41.22102737426758,19.22158432006836,70.70311737060547,47.24380874633789,154.3879852294922,85.7963638305664,138.37852478027344,38.74526596069336,89.33586120605469,48.84416961669922,8728.4697265625,39.65228271484375,23.34000015258789
2018-03-23,227.45040893554688,23.723669052124023,23.40351104736328,22.94628143310547,63.41204071044922,29.718027114868164,40.70877456665039,18.951190948486328,69.23448181152344,46.3145637512207,150.3196563720703,84.16140747070312,135.4006805419922,37.988304138183594,87.69285583496094,47.13973617553711,8879.6201171875,38.8486328125,24.8700008392334
2018-03-24,,,,,,,,,,,,,,,,,8668.1201171875,,
2018-03-25,,,,,,,,,,,,,,,,,8495.7802734375,,
2018-03-26,233.67332458496094,24.210678100585938,23.82412338256836,23.690624237060547,64.94635009765625,30.846084594726562,41.29307556152344,19.148193359375,70.66835021972656,47.683006286621094,155.9053192138672,86.09912872314453,138.36044311523438,38.791988372802734,90.11775970458984,48.67613220214844,8209.400390625,40.10795974731445,21.030000686645508
2018-03-27,229.69808959960938,23.96505355834961,23.59980010986328,23.228612899780273,64.04843139648438,29.856719970703125,41.269065856933594,19.42245864868164,69.8341064453125,46.74912643432617,150.86019897460938,85.07836151123047,135.68038940429688,36.8108024597168,86.26759338378906,47.603858947753906,7833.0400390625,39.37887191772461,22.5
2018-03-28,229.0193634033203,23.660140991210938,23.140626907348633,23.27140235900879,63.830509185791016,29.657920837402344,41.83734893798828,19.414730072021484,70.20777893066406,46.18050003051758,149.12478637695312,84.97457122802734,135.63528442382812,35.876285552978516,86.119140625,47.91593551635742,7954.47998046875,39.18003845214844,22.8700008392334
2018-03-29,231.9457244873047,24.113279342651367,23.62783432006836,23.58795738220215,64.76325988769531,30.245075225830078,42.12549591064453,19.519023895263672,70.73787689208984,46.82772445678711,151.85598754882812,86.0558853149414,137.0068817138672,36.511756896972656,86.83177947998047,48.32404327392578,7165.7001953125,40.00025939941406,19.969999313354492
2018-03-30,,,,,,,,,,,,,,,,,6890.52001953125,,
2018-03-31,,,,,,,,,,,,,,,,,6973.52978515625,,
2018-04-01,,,,,,,,,,,,,,,,,6844.22998046875,,
2018-04-02,226.93923950195312,23.588153839111328,23.154645919799805,23.06606101989746,63.42949295043945,29.523845672607422,41.09296417236328,19.368371963500977,69.13021087646484,45.50550842285156,147.474609375,84.1700668334961,133.66815185546875,35.33426284790039,82.9914779663086,47.379798889160156,7083.7998046875,39.279449462890625,23.6200008392334
2018-04-03,229.8479461669922,23.922704696655273,23.64887046813965,23.38262176513672,64.30997467041016,29.81511116027832,41.63725280761719,19.434038162231445,70.18170166015625,46.08340072631836,149.13421630859375,85.18220520019531,135.5811767578125,35.838905334472656,83.48637390136719,48.04397201538086,7456.10986328125,39.66884994506836,21.100000381469727
2018-04-04,232.30711364746094,24.07939910888672,23.61731719970703,23.6307315826416,64.58890533447266,30.231201171875,42.285587310791016,19.47653579711914,71.18109130859375,46.929443359375,151.48611450195312,86.17698669433594,137.30467224121094,36.69866180419922,86.32698822021484,48.596099853515625,6853.83984375,39.685420989990234,20.059999465942383
2018-04-05,234.14047241210938,24.528287887573242,24.041439056396484,23.81896209716797,65.24274444580078,30.35603141784668,42.389617919921875,19.63105010986328,71.12891387939453,47.55818176269531,152.3490447998047,86.73063659667969,138.4417266845703,36.94163513183594,84.59490203857422,48.90818786621094,6811.47021484375,39.78483963012695,18.940000534057617
2018-04-06,228.92247009277344,23.931171417236328,23.606807708740234,23.245729446411133,63.43821716308594,29.6116886138916,41.9574089050293,19.47653579711914,69.4169692993164,46.54571533203125,148.53680419921875,84.8967056274414,135.68038940429688,35.92300796508789,82.05120086669922,47.53184127807617,6636.31982421875,39.00605392456055,21.489999771118164
2018-04-07,,,,,,,,,,,,,,,,,6911.08984375,,
2018-04-08,,,,,,,,,,,,,,,,,7023.52001953125,,
2018-04-09,230.0506591796875,24.06245231628418,23.71896743774414,23.374067306518555,63.246421813964844,29.842851638793945,41.93339538574219,19.515165328979492,70.1034927368164,46.43476486206055,149.5799560546875,85.06969451904297,135.84286499023438,36.14729309082031,84.23857116699219,47.50783157348633,6770.72998046875,39.047462463378906,21.770000457763672
2018-04-10,233.7086181640625,24.55794334411621,24.504114151000977,23.724849700927734,64.2140884399414,30.57793617248535,42.029449462890625,19.364521026611328,71.28535461425781,46.99878692626953,152.8801727294922,86.28079223632812,138.40557861328125,37.30610275268555,87.5641860961914,48.4040641784668,6834.759765625,39.8096923828125,20.469999313354492
2018-04-11,232.48341369628906,24.375831604003906,24.759984970092773,23.442514419555664,63.743316650390625,30.39763832092285,41.94940185546875,19.33747100830078,70.70311737060547,46.85546112060547,151.9981689453125,85.97804260253906,138.70338439941406,37.46497344970703,88.23722839355469,48.1720085144043,6968.31982421875,39.82626724243164,20.239999771118164
2018-04-12,234.3960723876953,24.6341609954834,24.75647735595703,23.853185653686523,64.65869903564453,30.76287078857422,41.885372161865234,19.082517623901367,71.18109130859375,47.05887985229492,153.8284912109375,86.3846206665039,139.6508026123047,37.866817474365234,89.52389526367188,49.05221939086914,7889.25,39.8096923828125,18.489999771118164
2018-04-13,233.7086181640625,24.60875701904297,25.029870986938477,23.49384307861328,64.50176239013672,30.661161422729492,42.09347152709961,19.233177185058594,71.14631652832031,46.79536437988281,153.03187561035156,86.20294952392578,138.91990661621094,37.60515213012695,88.66282653808594,48.29203796386719,7895.9599609375,39.41201400756836,17.40999984741211
2018-04-14,,,,,,,,,,,,,,,,,7986.240234375,,
2018-04-15,,,,,,,,,,,,,,,,,8329.1103515625,,
2018-04-16,235.63006591796875,24.93907356262207,25.28574562072754,23.596513748168945,65.1468734741211,30.896936416625977,42.54969787597656,19.495845794677734,71.711181640625,47.14672088623047,154.1983184814453,87.03337860107422,140.20127868652344,37.58646011352539,87.98979187011719,48.51609420776367,8058.669921875,39.461727142333984,16.559999465942383
2018-04-17,238.1509246826172,25.222803115844727,25.38389015197754,23.596513748168945,65.69606018066406,31.470226287841797,42.6457633972168,19.692853927612305,72.26734924316406,48.025115966796875,157.51744079589844,87.74274444580078,141.72628784179688,38.67050552368164,90.1870346069336,47.86792755126953,7902.08984375,39.544578552246094,15.25
2018-04-18,238.32720947265625,25.404909133911133,25.783470153808594,23.485288619995117,66.37602996826172,31.387006759643555,42.32559585571289,19.61946678161621,72.32817077636719,48.25165557861328,157.83987426757812,87.97631072998047,142.10525512695312,38.93217086791992,89.81092834472656,47.667869567871094,8163.419921875,39.88426971435547,15.600000381469727
2018-04-19,237.00506591796875,25.121166229248047,25.815011978149414,23.84463119506836,66.1929702758789,31.040260314941406,41.10097122192383,19.60787010192871,71.71985626220703,48.09909439086914,156.38894653320312,87.36212158203125,141.12168884277344,38.53032302856445,88.29661560058594,48.54008865356445,8294.3095703125,39.65228271484375,15.960000038146973
2018-04-20,234.99546813964844,24.98566246032715,25.692333221435547,23.853185653686523,65.90528106689453,30.610305786132812,40.41262435913086,19.430177688598633,71.33750915527344,47.60904312133789,153.913818359375,86.74791717529297,140.36370849609375,38.19389724731445,88.01946258544922,48.964195251464844,8845.830078125,39.15517807006836,16.8799991607666
2018-04-21,,,,,,,,,,,,,,,,,8895.580078125,,
2018-04-22,,,,,,,,,,,,,,,,,8802.4599609375,,
2018-04-23,234.96017456054688,24.913663864135742,25.85007095336914,23.827512741088867,65.82684326171875,30.49934959411621,40.36458969116211,19.441770553588867,71.61557006835938,47.71075439453125,153.52500915527344,86.8603744506836,140.15618896484375,37.567771911621094,87.15837097167969,49.388301849365234,8930.8798828125,38.840354919433594,16.34000015258789
2018-04-24,231.7959442138672,24.240320205688477,25.573163986206055,23.67350959777832,63.987396240234375,29.96767234802246,40.10847473144531,19.573108673095703,71.07678985595703,46.95717239379883,150.272216796875,86.02993774414062,139.35305786132812,37.035091400146484,85.56485748291016,49.71638488769531,9697.5,38.658077239990234,18.020000457763672
2018-04-25,232.36883544921875,24.37160301208496,25.776460647583008,23.656400680541992,64.17048645019531,29.97230339050293,40.180503845214844,19.576969146728516,71.39833068847656,47.15134811401367,150.45240783691406,86.27215576171875,139.14556884765625,36.31550598144531,85.46588897705078,49.724388122558594,8845.740234375,38.35980987548828,17.84000015258789
2018-04-26,234.7310028076172,24.52405548095703,26.151508331298828,23.664958953857422,63.935096740722656,30.517845153808594,40.42063522338867,19.773971557617188,72.3021011352539,47.91416549682617,153.6198272705078,86.93821716308594,139.78622436523438,36.950984954833984,86.94061279296875,49.732391357421875,9281.509765625,38.914913177490234,16.239999771118164
2018-04-27,234.95130920410156,24.460533142089844,25.874601364135742,23.69917869567871,63.804359436035156,30.46236801147461,40.63673400878906,19.974843978881836,72.59757232666016,48.13145065307617,153.71466064453125,87.17180633544922,139.58773803710938,36.801456451416016,87.51469421386719,50.12448501586914,8987.0498046875,39.15517807006836,15.40999984741211
2018-04-28,,,,,,,,,,,,,,,,,9348.48046875,,
2018-04-29,,,,,,,,,,,,,,,,,9419.080078125,,
2018-04-30,233.1444549560547,24.142921447753906,25.87109375,23.485288619995117,62.95874786376953,30.263565063476562,40.3806037902832,19.916902542114258,71.48523712158203,47.94190216064453,152.62405395507812,86.37593841552734,138.35140991210938,36.530452728271484,86.08943939208984,49.32429122924805,9240.5498046875,38.87348175048828,15.930000305175781
2018-05-01,233.55873107910156,24.121746063232422,25.713367462158203,23.49384307861328,62.671043395996094,30.642671585083008,40.02842330932617,19.8550968170166,71.45049285888672,48.006622314453125,154.36900329589844,86.41055297851562,139.0282440185547,36.97901916503906,87.00992584228516,49.69237518310547,9119.009765625,38.68292999267578,15.489999771118164
2018-05-02,231.9898223876953,24.066692352294922,25.818519592285156,23.228612899780273,62.12184524536133,30.610305786132812,39.24403381347656,19.835783004760742,70.468505859375,47.67839050292969,153.45860290527344,85.69256591796875,139.5515594482422,36.960323333740234,86.55462646484375,49.588356018066406,9235.919921875,38.37638473510742,15.970000267028809
2018-05-03,231.4785919189453,24.176803588867188,25.758935928344727,23.03183937072754,62.27001190185547,30.679651260375977,39.204010009765625,19.808748245239258,69.8341064453125,47.465721130371094,153.43963623046875,85.40709686279297,138.79359436035156,36.71735382080078,85.040283203125,49.10023498535156,9743.8603515625,38.29353332519531,15.899999618530273
2018-05-04,234.4754180908203,24.47747230529785,25.885112762451172,23.331281661987305,62.99359893798828,31.262168884277344,39.77229690551758,19.8975887298584,70.3902816772461,48.08984375,156.35101318359375,86.3586654663086,140.52613830566406,37.296756744384766,86.47543334960938,49.732391357421875,9700.759765625,38.4675178527832,14.770000457763672
2018-05-05,,,,,,,,,,,,,,,,,9858.150390625,,
2018-05-06,,,,,,,,,,,,,,,,,9654.7998046875,,
2018-05-07,235.26866149902344,24.46900177001953,25.920162200927734,23.485288619995117,63.41204071044922,31.479467391967773,39.524173736572266,19.79328727722168,70.28597259521484,48.25165557861328,157.65020751953125,86.50570678710938,141.71730041503906,38.26866149902344,87.59388732910156,49.95645523071289,9373.009765625,38.24382781982422,14.75
2018-05-08,235.26866149902344,24.41818618774414,26.12346649169922,23.647844314575195,63.865360260009766,31.54881477355957,39.36408233642578,19.298847198486328,69.7558822631836,48.04823303222656,157.48904418945312,86.44514465332031,142.42112731933594,38.58639907836914,87.16827392578125,50.40455627441406,9234.8203125,38.459232330322266,14.710000038146973
2018-05-09,237.5426788330078,24.76968002319336,26.656232833862305,23.998628616333008,64.55406188964844,31.93716812133789,39.42010498046875,19.16364860534668,70.15563201904297,48.21466064453125,159.20553588867188,87.14584350585938,143.18812561035156,39.56764221191406,88.88057708740234,50.88468551635742,9325.1796875,38.5338020324707,13.420000076293945
2018-05-10,239.76397705078125,24.947540283203125,26.856027603149414,24.19540786743164,64.98994445800781,32.35326385498047,39.652225494384766,19.434038162231445,71.09415435791016,48.390350341796875,160.85557556152344,87.90711975097656,143.95518493652344,39.87603759765625,88.12834167480469,51.00471115112305,9043.9404296875,39.33744812011719,13.229999542236328
2018-05-11,240.49554443359375,24.93907356262207,26.894580841064453,24.178298950195312,65.12940979003906,32.30702209472656,39.652225494384766,19.46108627319336,72.15436553955078,48.49205780029297,160.7038116455078,87.99360656738281,144.2349090576172,40.06947708129883,90.71163177490234,51.0127067565918,8441.490234375,39.27116775512695,12.649999618530273
2018-05-12,,,,,,,,,,,,,,,,,8504.8896484375,,
2018-05-13,,,,,,,,,,,,,,,,,8723.9404296875,,
2018-05-14,240.61004638671875,25.036474227905273,27.080358505249023,24.161182403564453,65.01611328125,32.302398681640625,39.636226654052734,19.387691497802734,72.63233184814453,48.58450698852539,160.9788818359375,88.02821350097656,143.6844482421875,40.1377067565918,91.86962890625,50.82866668701172,8716.7900390625,39.320884704589844,12.930000305175781
2018-05-15,238.9530487060547,24.960247039794922,27.087366104125977,24.118406295776367,64.79816436767578,31.997268676757812,39.48414993286133,19.22545051574707,71.69377899169922,48.30250930786133,159.19598388671875,87.58702850341797,143.71148681640625,39.932106018066406,91.33516693115234,51.16474533081055,8510.3798828125,38.508941650390625,14.630000114440918
2018-05-16,239.9578399658203,25.256685256958008,27.1820068359375,24.161182403564453,65.03353881835938,32.140586853027344,39.76430130004883,19.074798583984375,72.09354400634766,48.704715728759766,160.24862670898438,88.07147216796875,145.20944213867188,40.24985122680664,92.50308990478516,51.40481185913086,8368.830078125,39.08890151977539,13.420000076293945
2018-05-17,239.75511169433594,25.31597328186035,27.592100143432617,24.109848022460938,65.28633117675781,31.974153518676758,39.900352478027344,18.92028045654297,72.1196060180664,48.54290008544922,159.63226318359375,88.18391418457031,145.877197265625,40.3059196472168,92.81983184814453,51.5888557434082,8094.31982421875,38.49237060546875,13.430000305175781
2018-05-18,239.15577697753906,25.349851608276367,27.378292083740234,23.913070678710938,65.66993713378906,31.840089797973633,39.652225494384766,18.92414665222168,72.3021011352539,48.48280715942383,158.8071746826172,88.00225830078125,146.06666564941406,39.829307556152344,92.61196899414062,51.16474533081055,8250.9697265625,38.169254302978516,13.420000076293945
2018-05-19,,,,,,,,,,,,,,,,,8247.1796875,,
2018-05-20,,,,,,,,,,,,,,,,,8513.25,,
2018-05-21,240.95382690429688,25.48537254333496,27.6586971282959,24.084182739257812,66.66371154785156,32.117469787597656,39.82033157348633,19.02071762084961,72.37163543701172,48.75094985961914,159.69863891601562,88.5732192993164,147.03224182128906,39.94145584106445,90.84027862548828,51.73290252685547,8418.990234375,38.40122985839844,13.079999923706055
2018-05-22,240.2839813232422,25.273624420166016,27.290664672851562,24.24674415588379,65.84426879882812,32.07125473022461,39.74828338623047,19.090248107910156,72.23258972167969,48.533668518066406,159.48995971679688,88.23583984375,145.96743774414062,40.06293869018555,91.26588439941406,52.03696823120117,8041.77978515625,38.5338020324707,13.220000267028809
2018-05-23,240.9449920654297,25.214338302612305,27.287158966064453,24.092737197875977,65.78324890136719,32.30702209472656,39.892356872558594,19.264076232910156,72.46723175048828,48.8850212097168,160.83663940429688,88.40017700195312,146.1569366455078,40.502166748046875,91.49353790283203,51.660858154296875,7557.81982421875,38.5172233581543,12.579999923706055
2018-05-24,240.45140075683594,25.12540626525879,26.838499069213867,23.904512405395508,66.1058120727539,32.270042419433594,39.8603515625,19.42245864868164,72.18043518066406,48.99135208129883,160.7891845703125,88.38289642333984,146.21109008789062,40.418060302734375,91.78056335449219,51.55685043334961,7587.33984375,38.310096740722656,12.529999732971191
2018-05-25,239.8784942626953,24.989892959594727,26.140989303588867,23.827512741088867,65.98374938964844,32.24692153930664,39.92436599731445,19.507434844970703,72.076171875,49.0653190612793,160.9503936767578,88.19257354736328,145.94937133789062,40.36198425292969,92.04779815673828,51.38080978393555,7480.14013671875,38.4675178527832,13.220000267028809
2018-05-26,,,,,,,,,,,,,,,,,7355.8798828125,,
2018-05-27,,,,,,,,,,,,,,,,,7368.22021484375,,
2018-05-28,,,,,,,,,,,,,,,,,7135.990234375,,
2018-05-29,237.11962890625,24.55794334411621,26.060375213623047,23.03183937072754,64.9289321899414,32.07125473022461,39.83631896972656,19.507434844970703,71.33750915527344,48.686222076416016,160.2391357421875,87.25830078125,145.75088500976562,40.24985122680664,91.52323150634766,50.14049530029297,7472.58984375,37.57273483276367,17.020000457763672
2018-05-30,240.2839813232422,24.845901489257812,26.84902000427246,23.451065063476562,65.84426879882812,32.30702209472656,40.3966178894043,19.665817260742188,72.40635681152344,49.130043029785156,161.38665771484375,88.41748809814453,148.06094360351562,40.81055450439453,93.19593048095703,50.940704345703125,7406.52001953125,37.87099838256836,14.9399995803833
2018-05-31,238.8119354248047,24.638395309448242,26.645719528198242,23.25428581237793,64.89404296875,32.31627655029297,39.74828338623047,19.696720123291016,71.61557006835938,48.89426803588867,161.28236389160156,87.63030242919922,146.8788299560547,40.632999420166016,93.70069122314453,50.55659484863281,7494.169921875,37.85442352294922,15.430000305175781
2018-06-01,241.15664672851562,25.015296936035156,26.771900177001953,23.510953903198242,65.60890197753906,32.866432189941406,39.74828338623047,19.395418167114258,72.44114685058594,49.254878997802734,163.8143768310547,88.37425994873047,147.8444061279297,40.90401077270508,95.6604232788086,51.08473587036133,7541.4501953125,38.38466262817383,13.460000038146973
2018-06-02,,,,,,,,,,,,,,,,,7643.4501953125,,
2018-06-03,,,,,,,,,,,,,,,,,7720.25,,
2018-06-04,242.3024139404297,25.159286499023438,26.540569305419922,23.58795738220215,65.51300811767578,33.12996292114258,40.07645797729492,19.24090576171875,72.71053314208984,49.805023193359375,165.29376220703125,88.677001953125,148.62939453125,41.59555435180664,95.45259094238281,51.61286926269531,7514.47021484375,38.77406692504883,12.739999771118164
2018-06-05,242.47865295410156,25.349851608276367,26.477481842041016,23.485288619995117,65.59146881103516,33.245540618896484,39.892356872558594,19.140466690063477,72.56282043457031,50.09628677368164,165.80584716796875,88.84135437011719,149.54986572265625,42.13758087158203,96.17510986328125,51.46883010864258,7633.759765625,38.475799560546875,12.399999618530273
2018-06-06,244.50599670410156,25.81991958618164,26.603666305541992,23.913070678710938,66.14067077636719,33.46282958984375,39.94038009643555,18.68464469909668,73.37967681884766,50.563232421875,166.7731475830078,89.51611328125,150.63267517089844,42.86650466918945,96.76897430419922,52.40507507324219,7653.97998046875,39.055747985839844,11.640000343322754
2018-06-07,244.47946166992188,25.68863868713379,27.006750106811523,23.99007225036621,66.4196548461914,33.19468307495117,40.18850326538086,18.81598663330078,73.47526550292969,50.7111701965332,165.4170379638672,89.55937194824219,149.81153869628906,42.455318450927734,95.56144714355469,52.42105484008789,7678.240234375,38.459232330322266,12.130000114440918
2018-06-08,245.20233154296875,25.760635375976562,26.954172134399414,24.0242919921875,66.63756561279297,33.13920211791992,40.68476486206055,18.808258056640625,73.90110778808594,50.81748962402344,165.42654418945312,89.98322296142578,150.26272583007812,42.707637786865234,95.31400299072266,52.60511016845703,7624.919921875,38.38466262817383,12.180000305175781
2018-06-09,,,,,,,,,,,,,,,,,7531.97998046875,,
2018-06-10,,,,,,,,,,,,,,,,,6786.02001953125,,
2018-06-11,245.52838134765625,25.798748016357422,27.09436798095703,23.97296714782715,66.76834106445312,33.17619323730469,41.020938873291016,18.769628524780273,74.04013061523438,51.02090072631836,165.87225341796875,90.1735610961914,150.48831176757812,42.78240203857422,94.93789672851562,51.97294616699219,6906.919921875,38.38466262817383,12.350000381469727
2018-06-12,245.84573364257812,25.83262825012207,26.887569427490234,23.913070678710938,66.69860076904297,33.33800506591797,41.10097122192383,18.985950469970703,73.9966812133789,51.26593780517578,166.74468994140625,90.4330825805664,151.17408752441406,43.14685821533203,95.93756103515625,51.6768798828125,6582.35986328125,38.28524398803711,12.34000015258789
2018-06-13,245.0612335205078,25.553133010864258,26.785921096801758,23.827512741088867,66.16682434082031,33.16693878173828,40.972904205322266,18.935728073120117,74.0140609741211,51.344539642333984,166.73521423339844,89.98322296142578,150.5785675048828,43.36180114746094,96.18500518798828,51.47682571411133,6349.89990234375,38.02840805053711,12.9399995803833
2018-06-14,245.6782684326172,25.59124183654785,26.74736785888672,23.605066299438477,65.91402435302734,33.402732849121094,41.0449333190918,19.171369552612305,74.39645385742188,51.88081359863281,168.4232635498047,90.21680450439453,151.3816375732422,44.174835205078125,96.59080505371094,51.260765075683594,6675.35009765625,37.77157211303711,12.119999885559082
2018-06-15,245.36483764648438,25.412553787231445,26.172893524169922,23.604204177856445,65.74946594238281,33.275146484375,41.57246017456055,19.307775497436523,74.54122161865234,51.96609878540039,167.83526611328125,90.21855163574219,151.42678833007812,44.184181213378906,96.24220275878906,51.093711853027344,6456.580078125,37.47331237792969,11.979999542236328
2018-06-16,,,,,,,,,,,,,,,,,6550.16015625,,
2018-06-17,,,,,,,,,,,,,,,,,6499.27001953125,,
2018-06-18,244.86024475097656,25.348730087280273,26.434017181396484,23.561243057250977,65.47811889648438,33.312252044677734,40.96751403808594,19.370134353637695,73.82597351074219,51.878028869628906,167.73837280273438,90.05354309082031,152.1396484375,44.716861724853516,96.50959777832031,51.1177978515625,6734.81982421875,37.01763916015625,12.3100004196167
2018-06-19,243.92164611816406,24.884981155395508,26.374025344848633,23.501096725463867,64.09522247314453,33.14059066772461,41.185298919677734,19.561107635498047,74.01787567138672,51.813140869140625,167.26316833496094,89.68883514404297,152.14871215820312,44.31501388549805,97.89608764648438,51.487281799316406,6769.93994140625,36.6090202331543,13.350000381469727
2018-06-20,244.3378448486328,24.804149627685547,26.49047088623047,23.44094467163086,64.13899230957031,33.21017837524414,41.22563171386719,19.57670021057129,74.17487335205078,52.058815002441406,168.45111083984375,89.94066619873047,153.37588500976562,45.20280838012695,100.17388916015625,51.58367919921875,6776.5498046875,36.7674560546875,12.789999961853027
2018-06-21,242.8061065673828,24.540359497070312,25.99997329711914,23.372209548950195,63.33376693725586,32.95500564575195,41.306278228759766,19.642963409423828,73.74748992919922,51.68798828125,166.987548828125,89.41961669921875,151.941162109375,44.12811279296875,98.10404968261719,51.479244232177734,6729.740234375,36.25043487548828,14.640000343322754
2018-06-22,243.24879455566406,24.897743225097656,26.518705368041992,23.260501861572266,63.55256271362305,32.848289489746094,41.64506912231445,19.77937126159668,74.07892608642578,51.59992218017578,166.61692810058594,89.65408325195312,151.4358367919922,43.55805206298828,98.12388610839844,50.97321319580078,6083.68994140625,36.62568664550781,13.770000457763672
2018-06-23,,,,,,,,,,,,,,,,,6162.47998046875,,
2018-06-24,,,,,,,,,,,,,,,,,6173.22998046875,,
2018-06-25,239.93743896484375,24.510581970214844,25.985855102539062,23.011310577392578,62.747314453125,32.16628646850586,41.85477066040039,20.10674285888672,73.39860534667969,50.47819137573242,162.86297607421875,88.67277526855469,148.96331787109375,42.324485778808594,95.46971893310547,50.491275787353516,6249.18017578125,36.13368606567383,17.329999923706055
2018-06-26,240.4687042236328,24.604177474975586,26.314035415649414,22.93398094177246,62.9836540222168,32.29619216918945,41.67732620239258,20.130130767822266,73.17181396484375,50.839717864990234,163.5282745361328,88.7596206665039,149.82958984375,42.77305603027344,95.79654693603516,50.250308990478516,6093.669921875,35.991912841796875,15.920000076293945
2018-06-27,238.47662353515625,24.52760124206543,26.666919708251953,22.65041732788086,62.475975036621094,31.855426788330078,41.5886116027832,20.227567672729492,72.5525131225586,50.18152618408203,161.3043670654297,87.96939086914062,147.42929077148438,41.53948211669922,92.716552734375,49.30249786376953,6157.1298828125,35.29975891113281,17.90999984741211
2018-06-28,239.83999633789062,24.621200561523438,26.631628036499023,22.848052978515625,62.56351852416992,32.24515151977539,41.5886116027832,20.219764709472656,72.64846801757812,50.575523376464844,162.69195556640625,88.32543182373047,147.88046264648438,42.02543640136719,93.26124572753906,49.350677490234375,5903.43994140625,35.5999755859375,16.850000381469727
2018-06-29,240.18548583984375,24.706289291381836,26.7974853515625,22.848052978515625,62.69479751586914,32.23122787475586,41.56439208984375,20.250959396362305,72.79676055908203,50.663597106933594,163.12911987304688,88.48171997070312,147.78123474121094,42.0347785949707,94.27140808105469,48.99726867675781,6218.2998046875,36.13368606567383,16.09000015258789
2018-06-30,,,,,,,,,,,,,,,,,6404.0,,
2018-07-01,,,,,,,,,,,,,,,,,6385.81982421875,,
2018-07-02,240.69891357421875,24.574398040771484,26.402252197265625,22.959754943847656,62.8348388671875,32.51887893676758,41.32242202758789,20.395151138305664,73.0235366821289,50.733131408691406,164.2220001220703,88.44696044921875,148.80091857910156,42.61418533325195,95.36079406738281,49.41494369506836,6614.18017578125,35.77508544921875,15.600000381469727
2018-07-03,239.84889221191406,24.53185272216797,26.5681095123291,22.75353240966797,62.63353729248047,32.13380432128906,41.41921615600586,20.45362091064453,73.19796752929688,50.47819137573242,162.32130432128906,88.40354919433594,149.39407348632812,42.19365310668945,96.07384490966797,49.24626159667969,6529.58984375,35.800106048583984,16.139999389648438
2018-07-04,,,,,,,,,,,,,,,,,6597.5498046875,,
2018-07-05,241.80552673339844,24.74458122253418,26.539873123168945,22.80508804321289,62.93988037109375,32.588478088378906,41.991912841796875,20.5627498626709,73.95681762695312,50.728485107421875,164.33604431152344,89.06356811523438,151.09669494628906,42.77305603027344,96.5492172241211,49.32658767700195,6639.14013671875,35.7083854675293,14.970000267028809
2018-07-06,243.8507843017578,24.867961883544922,26.70220184326172,22.91678810119629,63.15870666503906,32.96891784667969,42.120967864990234,20.722543716430664,75.02095794677734,51.12712097167969,166.892578125,89.74091339111328,152.37362670898438,43.64215850830078,99.28257751464844,49.76033401489258,6673.5,36.20038986206055,13.369999885559082
2018-07-07,,,,,,,,,,,,,,,,,6856.93017578125,,
2018-07-08,,,,,,,,,,,,,,,,,6773.8798828125,,
2018-07-09,246.04660034179688,25.089200973510742,27.1009578704834,23.44094467163086,64.33155822753906,33.21946716308594,41.95964431762695,20.083362579345703,75.57044219970703,51.738983154296875,168.39413452148438,90.42696380615234,153.33355712890625,44.081382751464844,99.12410736083984,50.796504974365234,6741.75,36.850852966308594,12.6899995803833
2018-07-10,246.93203735351562,25.301931381225586,27.30208969116211,23.355018615722656,64.53284454345703,33.298336029052734,42.45973587036133,20.274333953857422,75.85832214355469,51.85021209716797,168.51763916015625,90.66142272949219,152.63624572753906,43.8851318359375,98.678466796875,50.2342414855957,6329.9501953125,36.7674560546875,12.640000343322754
2018-07-11,245.12576293945312,24.876474380493164,26.723371505737305,23.24331283569336,63.4737663269043,33.16844177246094,42.322608947753906,20.457515716552734,75.25646209716797,51.729698181152344,167.66233825683594,89.94934844970703,151.34121704101562,43.847747802734375,98.76761627197266,50.00129699707031,6394.7099609375,36.05029296875,13.630000114440918
2018-07-12,247.34814453125,24.936033248901367,26.76924705505371,23.28628158569336,64.21775817871094,33.69270706176758,42.26614761352539,20.473106384277344,76.09378051757812,52.072715759277344,170.55142211914062,90.45301818847656,152.0747528076172,44.623409271240234,99.86688995361328,49.39888000488281,6228.81005859375,36.542301177978516,12.579999923706055
2018-07-13,247.54281616210938,24.92327117919922,26.910400390625,23.183164596557617,64.55035400390625,33.65559005737305,42.5403938293457,20.476999282836914,76.23335266113281,52.1885986328125,170.69393920898438,90.53984832763672,151.6219482421875,44.61406326293945,99.58958435058594,48.87678146362305,6238.0498046875,36.567317962646484,12.180000305175781
2018-07-14,,,,,,,,,,,,,,,,,6276.1201171875,,
2018-07-15,,,,,,,,,,,,,,,,,6359.64013671875,,
2018-07-16,247.32154846191406,24.723310470581055,26.599872589111328,23.59561538696289,64.28778839111328,33.57671356201172,42.3387451171875,20.457515716552734,75.77108001708984,52.31837844848633,170.28530883789062,90.2706298828125,151.03329467773438,43.8664436340332,97.96540069580078,49.43904495239258,6741.75,36.36717987060547,12.829999923706055
2018-07-17,248.32196044921875,25.046655654907227,26.494007110595703,23.621395111083984,64.54159545898438,33.82725524902344,42.70171356201172,20.441923141479492,76.18974304199219,52.36937713623047,171.3212127685547,90.55723571777344,151.7034149169922,44.34305191040039,99.38160705566406,49.471168518066406,7321.0400390625,36.6340217590332,12.0600004196167
2018-07-18,248.84437561035156,24.812652587890625,26.51164436340332,23.999475479125977,65.25055694580078,33.771568298339844,42.354881286621094,20.336692810058594,76.25080108642578,52.3369255065918,170.9980926513672,90.76563262939453,152.12908935546875,44.21221923828125,99.16374206542969,50.0334358215332,7370.77978515625,36.59233093261719,12.100000381469727
2018-07-19,247.90591430664062,24.902002334594727,26.518705368041992,23.638582229614258,65.22429656982422,33.65093994140625,42.379066467285156,20.52376937866211,75.82339477539062,52.216407775878906,170.1427764892578,90.74825286865234,153.20681762695312,44.41781234741211,99.4311294555664,49.91295623779297,7466.85986328125,36.14201354980469,12.869999885559082
2018-07-20,247.62255859375,24.79989242553711,26.42694664001465,23.681537628173828,65.1542739868164,33.66022491455078,42.63719177246094,20.379568099975586,75.67512512207031,51.98463439941406,170.104736328125,90.45301818847656,152.5819549560547,44.174835205078125,99.16374206542969,50.1860466003418,7354.1298828125,36.65904998779297,12.859999656677246
2018-07-21,,,,,,,,,,,,,,,,,7419.2900390625,,
2018-07-22,,,,,,,,,,,,,,,,,7418.490234375,,
2018-07-23,248.0830078125,24.663745880126953,26.310508728027344,24.00806427001953,64.75165557861328,33.83189010620117,42.37099838256836,20.2353572845459,75.83213806152344,51.92902374267578,170.64646911621094,90.4616928100586,152.7721405029297,44.02531433105469,98.84680938720703,50.8366584777832,7711.10986328125,36.417205810546875,12.619999885559082
2018-07-24,249.331298828125,24.982837677001953,26.642210006713867,24.076814651489258,65.02298736572266,34.017478942871094,42.4516716003418,20.30551528930664,76.52120208740234,51.77605438232422,171.3497314453125,90.41827392578125,151.14193725585938,42.8758544921875,96.80670166015625,50.282432556152344,8424.26953125,36.95092010498047,12.40999984741211
2018-07-25,251.45631408691406,25.178552627563477,26.864521026611328,24.12836265563965,66.01203918457031,34.44431686401367,42.77431106567383,20.363975524902344,77.49810791015625,52.15613555908203,173.74461364746094,91.21720886230469,151.69436645507812,43.791683197021484,96.7769775390625,49.74427032470703,8181.39013671875,37.55133819580078,12.289999961853027
2018-07-26,250.8629913330078,25.323209762573242,27.15741729736328,24.11977195739746,66.5196762084961,33.91541290283203,43.000179290771484,20.582231521606445,77.28006744384766,51.882659912109375,171.1121368408203,91.53852844238281,152.50949096679688,43.45524978637695,96.69774627685547,49.99327087402344,7951.580078125,37.13438034057617,12.140000343322754
2018-07-27,249.1630859375,25.22960090637207,27.04096031188965,24.171327590942383,66.52842712402344,33.33545684814453,43.05662155151367,20.51597785949707,76.7218017578125,51.74824905395508,168.80279541015625,91.00009155273438,149.6657257080078,41.791805267333984,94.05352020263672,49.91295623779297,8165.009765625,37.267799377441406,13.029999732971191
2018-07-28,,,,,,,,,,,,,,,,,8192.150390625,,
2018-07-29,,,,,,,,,,,,,,,,,8218.4599609375,,
2018-07-30,247.86167907714844,25.18280029296875,27.26327133178711,24.188512802124023,65.87200164794922,32.815834045410156,43.00823211669922,20.391263961791992,76.76539611816406,51.33570098876953,166.4173583984375,90.60932159423828,148.70579528808594,40.74513626098633,92.51849365234375,49.60771179199219,8180.47998046875,37.20943069458008,14.260000228881836
2018-07-31,249.08343505859375,25.412553787231445,27.21387481689453,24.01665687561035,67.32491302490234,32.903968811035156,43.209877014160156,20.574438095092773,77.56787109375,51.57672882080078,167.6908416748047,91.22589111328125,150.21823120117188,41.6329345703125,94.37044525146484,49.40691375732422,7780.43994140625,37.409576416015625,12.829999923706055
2018-08-01,248.66725158691406,25.15302085876465,26.836286544799805,24.01665687561035,66.41466522216797,33.200897216796875,42.84690856933594,20.441923141479492,77.5853500366211,51.32179260253906,168.3275909423828,90.63538360595703,150.1185760498047,41.8011474609375,94.44966888427734,49.920982360839844,7624.91015625,37.076011657714844,13.149999618530273
2018-08-02,250.0218963623047,24.987092971801758,26.68808937072754,24.025253295898438,66.32713317871094,33.61846160888672,43.282474517822266,20.54326057434082,77.87316131591797,51.67409133911133,170.61793518066406,91.00009155273438,151.21441650390625,42.86650466918945,95.05379486083984,50.386863708496094,7567.14990234375,36.5839958190918,12.1899995803833
2018-08-03,251.09327697753906,25.2253475189209,26.55046272277832,24.162734985351562,66.38838958740234,33.739105224609375,43.79063034057617,20.773204803466797,78.33544921875,51.85021209716797,171.14064025878906,91.46035766601562,150.68911743164062,42.49270248413086,93.7960205078125,49.92900848388672,7434.39013671875,36.86753463745117,11.640000343322754
2018-08-04,,,,,,,,,,,,,,,,,7032.85009765625,,
2018-08-05,,,,,,,,,,,,,,,,,7068.47998046875,,
2018-08-06,252.0140380859375,25.216840744018555,26.64926528930664,24.2916316986084,66.48466491699219,33.920047760009766,43.830963134765625,20.788793563842773,78.47502136230469,52.197853088378906,172.14801025390625,91.67744445800781,151.5313720703125,42.93191909790039,93.97430419921875,50.02539825439453,6951.7998046875,36.5839958190918,11.270000457763672
2018-08-07,252.8462371826172,25.301931381225586,26.84688949584961,24.403331756591797,66.95730590820312,34.049949645996094,43.56477737426758,20.757612228393555,78.48372650146484,52.43888854980469,172.77528381347656,91.85980224609375,151.89364624023438,43.548702239990234,95.0240707397461,50.121788024902344,6753.1201171875,36.95925521850586,10.930000305175781
2018-08-08,252.73995971679688,25.195566177368164,26.652799606323242,24.463478088378906,66.65972900390625,34.142738342285156,43.234073638916016,20.64849090576172,78.60582733154297,52.49452590942383,172.9843292236328,91.69483184814453,151.75775146484375,43.59543228149414,94.48927307128906,50.523406982421875,6305.7998046875,36.90922164916992,10.850000381469727
2018-08-09,252.3946990966797,25.331708908081055,26.405784606933594,24.317407608032227,66.29212188720703,34.156654357910156,43.10502243041992,20.74203109741211,78.51860046386719,52.689208984375,172.8797607421875,91.59062957763672,152.14718627929688,43.75429916381836,94.33082580566406,50.298492431640625,6568.22998046875,36.800811767578125,11.270000457763672
2018-08-10,250.70362854003906,24.96581268310547,26.5681095123291,24.03384017944336,65.7057113647461,33.88292694091797,42.94369888305664,20.652387619018555,78.178466796875,52.24884796142578,171.5587921142578,90.97406005859375,151.72158813476562,43.857093811035156,94.03372192382812,50.057533264160156,6184.7099609375,36.016929626464844,13.15999984741211
2018-08-11,,,,,,,,,,,,,,,,,6295.72998046875,,
2018-08-12,,,,,,,,,,,,,,,,,6322.68994140625,,
2018-08-13,249.7650909423828,24.714801788330078,26.22934913635254,23.80183982849121,65.39060974121094,33.83652877807617,42.94369888305664,20.679668426513672,78.20459747314453,51.98463439941406,171.36874389648438,90.505126953125,150.83404541015625,43.55805206298828,93.58807373046875,49.76033401489258,6297.56982421875,35.424842834472656,14.779999732971191
2018-08-14,251.35882568359375,24.92327117919922,26.29286766052246,24.025253295898438,65.84574890136719,34.04531478881836,43.24214172363281,20.722543716430664,78.5709228515625,52.489891052246094,172.44265747070312,91.26930236816406,152.3283233642578,43.81037139892578,93.97430419921875,50.555538177490234,6199.7099609375,35.641666412353516,13.3100004196167
2018-08-15,249.4818878173828,24.52760124206543,25.375383377075195,23.836214065551758,65.5306396484375,33.739105224609375,43.41959762573242,20.91350746154785,78.44011688232422,51.85021209716797,170.33279418945312,90.66142272949219,150.41741943359375,42.913230895996094,92.18177795410156,49.985225677490234,6308.52001953125,34.61595153808594,14.640000343322754
2018-08-16,251.50051879882812,24.676511764526367,25.558879852294922,24.154150009155273,66.36214447021484,33.887569427490234,44.04066848754883,21.13956642150879,79.20767211914062,52.10515594482422,170.89358520507812,91.38220977783203,151.8121337890625,43.36180114746094,93.013671875,50.796504974365234,6334.72998046875,34.832767486572266,13.449999809265137
2018-08-17,252.3858184814453,24.859460830688477,25.622392654418945,24.205699920654297,66.76476287841797,33.9386100769043,44.379459381103516,21.248687744140625,79.451904296875,52.15151596069336,170.93157958984375,91.8685073852539,152.46417236328125,42.82912826538086,93.08297729492188,50.933048248291016,6580.6298828125,35.19969177246094,12.640000343322754
2018-08-18,,,,,,,,,,,,,,,,,6423.759765625,,
2018-08-19,,,,,,,,,,,,,,,,,6506.06982421875,,
2018-08-20,252.9259796142578,25.033893585205078,25.795307159423828,24.283035278320312,67.21112060546875,33.887569427490234,44.355255126953125,21.174638748168945,79.71356964111328,52.5223274230957,170.77952575683594,92.30271911621094,152.88983154296875,43.34311294555664,92.399658203125,51.061561584472656,6308.52978515625,35.35812759399414,12.489999771118164
2018-08-21,253.51925659179688,25.131742477416992,25.92586898803711,24.377561569213867,67.71004486083984,33.94324493408203,44.04066848754883,21.02263641357422,79.71356964111328,52.939510345458984,171.40672302246094,92.53717803955078,154.6467742919922,44.26828384399414,94.21197509765625,51.631874084472656,6488.759765625,35.80845642089844,12.859999656677246
2018-08-22,253.36868286132812,25.004112243652344,26.236404418945312,24.2916316986084,67.05361938476562,34.04531478881836,43.76642608642578,20.866750717163086,79.79207611083984,52.99513244628906,172.0719451904297,92.33745574951172,155.02716064453125,44.305667877197266,95.76683807373047,51.479244232177734,6376.7099609375,36.09197998046875,12.25
2018-08-23,253.03221130371094,24.83392906188965,26.112892150878906,24.179916381835938,66.86104583740234,34.11954879760742,43.66156768798828,20.851154327392578,79.76590728759766,52.94414138793945,171.82489013671875,92.1116714477539,154.5561981201172,44.24024963378906,95.10330200195312,51.14189529418945,6534.8798828125,35.508243560791016,12.40999984741211
2018-08-24,254.5551300048828,25.157278060913086,26.30345344543457,24.26584815979004,67.14988708496094,34.46287536621094,43.60512161254883,20.940793991088867,80.14968872070312,53.25471878051758,173.42149353027344,92.6066665649414,155.39849853515625,44.913108825683594,95.46971893310547,50.941078186035156,6719.9599609375,36.16702651977539,11.989999771118164
2018-08-25,,,,,,,,,,,,,,,,,6763.18994140625,,
2018-08-26,,,,,,,,,,,,,,,,,6707.259765625,,
2018-08-27,256.5649108886719,25.501893997192383,26.49752426147461,24.59237289428711,67.9988784790039,34.77836608886719,43.62931823730469,20.812177658081055,80.43753814697266,53.59772872924805,175.1891632080078,93.12770080566406,155.6248779296875,45.67941665649414,97.05428314208984,50.941078186035156,6884.64013671875,36.68406295776367,12.15999984741211
2018-08-28,256.6888732910156,25.404037475585938,26.384611129760742,24.56659698486328,67.85884094238281,34.838680267333984,43.484127044677734,20.76931381225586,80.48113250732422,53.704341888427734,175.4457550048828,93.21453857421875,155.76976013183594,45.78221130371094,97.70793151855469,50.74831008911133,7096.27978515625,36.550636291503906,12.5
2018-08-29,258.0700378417969,25.59549331665039,26.54693603515625,24.55800437927246,67.91134643554688,35.15416717529297,43.53251647949219,20.921308517456055,81.00447082519531,54.306922912597656,177.47003173828125,93.57926940917969,156.22256469726562,46.380306243896484,98.5893325805664,50.62782669067383,7047.16015625,36.77579116821289,12.25
2018-08-30,257.0252380371094,25.29342269897461,26.472835540771484,24.36896324157715,67.43870544433594,35.04746627807617,43.39539337158203,20.929101943969727,80.94343566894531,53.996360778808594,177.15640258789062,92.98005676269531,156.09584045410156,46.35226821899414,98.96565246582031,50.42702102661133,6978.22998046875,35.8167839050293,13.529999732971191
2018-08-31,257.0341491699219,25.216840744018555,26.268163681030273,24.343183517456055,67.48246765136719,35.07529830932617,43.379249572753906,20.839458465576172,80.92599487304688,54.20956802368164,177.3844757080078,93.01478576660156,156.69351196289062,46.44572448730469,99.17363739013672,50.724212646484375,7037.580078125,36.000247955322266,12.859999656677246
2018-09-01,,,,,,,,,,,,,,,,,7193.25,,
2018-09-02,,,,,,,,,,,,,,,,,7272.72021484375,,
2018-09-03,,,,,,,,,,,,,,,,,7260.06005859375,,
2018-09-04,256.5913391113281,25.042400360107422,26.211700439453125,24.463478088378906,67.42992401123047,34.940757751464844,43.322811126708984,20.932998657226562,80.28054809570312,54.31154251098633,176.62420654296875,92.92794036865234,155.99620056152344,45.95042419433594,99.04489135742188,50.981239318847656,7361.66015625,35.29975891113281,13.15999984741211
2018-09-05,255.9008026123047,25.208324432373047,26.176420211791992,24.480663299560547,67.91134643554688,34.5046272277832,43.82289123535156,21.22530174255371,80.60326385498047,53.72751235961914,174.34336853027344,92.97137451171875,155.57955932617188,44.847694396972656,98.2823257446289,51.08566665649414,6792.830078125,34.79106903076172,13.90999984741211
2018-09-06,255.1305389404297,25.259384155273438,25.692974090576172,24.36896324157715,68.12142181396484,34.254093170166016,43.94388961791992,21.346128463745117,80.60326385498047,53.57917022705078,172.78472900390625,92.79771423339844,154.52906799316406,43.959896087646484,95.7569351196289,50.724212646484375,6529.169921875,34.82442855834961,14.649999618530273
2018-09-07,254.63479614257812,25.093454360961914,25.689443588256836,24.343183517456055,67.91134643554688,34.13810348510742,43.85516357421875,21.084999084472656,80.72540283203125,53.574546813964844,172.11956787109375,92.46770477294922,154.4475555419922,43.670196533203125,95.47962951660156,50.86880874633789,6467.06982421875,34.64930725097656,14.880000114440918
2018-09-08,,,,,,,,,,,,,,,,,6225.97998046875,,
2018-09-09,,,,,,,,,,,,,,,,,6300.85986328125,,
2018-09-10,255.07742309570312,25.12323760986328,25.67885971069336,24.317407608032227,68.26144409179688,34.24481964111328,44.00841522216797,21.190235137939453,80.51602172851562,53.77386474609375,172.69923400878906,92.81507873535156,154.6377410888672,43.791683197021484,95.62818908691406,50.74831008911133,6329.7001953125,34.30739974975586,14.15999984741211
2018-09-11,255.9185333251953,25.17428970336914,25.922351837158203,24.343183517456055,68.24396514892578,34.53710174560547,43.84708786010742,21.135662078857422,80.44625854492188,54.20494079589844,174.0296630859375,92.88456726074219,154.89126586914062,44.32435989379883,95.60838317871094,50.8366584777832,6321.2001953125,34.3824577331543,13.220000267028809
2018-09-12,255.9805145263672,25.187061309814453,26.05643653869629,24.11977195739746,68.45403289794922,34.393280029296875,44.355255126953125,21.116178512573242,80.84747314453125,54.306922912597656,173.5165252685547,93.0495376586914,154.52000427246094,44.46453857421875,95.30137634277344,49.88081741333008,6351.7998046875,34.55757141113281,13.140000343322754
2018-09-13,257.49456787109375,25.284915924072266,26.067020416259766,24.085403442382812,68.86539459228516,34.79692077636719,44.29072570800781,21.275968551635742,81.8505630493164,54.39962387084961,175.3696746826172,93.44032287597656,154.5561981201172,44.80096435546875,94.97455596923828,49.31855010986328,6517.31005859375,35.024566650390625,12.369999885559082
2018-09-14,257.538818359375,25.27640151977539,26.204654693603516,24.257259368896484,69.20673370361328,34.769081115722656,44.16972732543945,21.16294288635254,81.58016967773438,54.1956672668457,174.85650634765625,93.5619125366211,155.20826721191406,45.081321716308594,94.90522003173828,49.816558837890625,6512.7099609375,34.991207122802734,12.069999694824219
2018-09-15,,,,,,,,,,,,,,,,,6543.2001953125,,
2018-09-16,,,,,,,,,,,,,,,,,6517.18017578125,,
2018-09-17,256.1752624511719,25.365745544433594,26.24698829650879,24.154150009155273,69.23297882080078,34.33296203613281,44.331050872802734,21.23309898376465,81.2835922241211,53.5235595703125,172.33810424804688,93.249267578125,153.56004333496094,44.184181213378906,93.38998413085938,49.41494369506836,6281.2001953125,34.6743278503418,13.680000305175781
2018-09-18,257.56536865234375,25.391273498535156,26.419898986816406,24.27444076538086,69.86315155029297,34.55103302001953,44.145538330078125,21.194129943847656,81.75462341308594,54.20494079589844,173.76365661621094,93.68345642089844,154.2030029296875,44.98786926269531,94.52889251708984,49.21413040161133,6371.2998046875,35.00788116455078,12.789999961853027
2018-09-19,257.8397521972656,25.66781997680664,26.501068115234375,24.686887741088867,69.8019027709961,34.46287536621094,44.064884185791016,20.73422622680664,81.6412124633789,54.228118896484375,173.63058471679688,93.64006042480469,153.64149475097656,44.959835052490234,94.64773559570312,49.86475372314453,6398.5400390625,35.49156188964844,11.75
2018-09-20,259.9292297363281,25.944374084472656,26.50812339782715,24.90170669555664,69.90696716308594,34.87117004394531,44.621437072753906,20.777099609375,82.43494415283203,54.59894561767578,175.5503692626953,94.23056030273438,155.06338500976562,45.16543197631836,96.22239685058594,50.515380859375,6519.669921875,35.883506774902344,11.800000190734863
2018-09-21,259.6918029785156,25.88837432861328,26.68328094482422,24.805044174194336,70.3590087890625,34.73336410522461,44.692928314208984,20.86558723449707,82.54615783691406,54.35765075683594,174.59046936035156,94.29136657714844,154.3207244873047,44.07204055786133,94.68917083740234,50.246673583984375,6734.9501953125,36.05029296875,11.680000305175781
2018-09-22,,,,,,,,,,,,,,,,,6721.97998046875,,
2018-09-23,,,,,,,,,,,,,,,,,6710.6298828125,,
2018-09-24,258.8291015625,25.52501106262207,27.074119567871094,24.528858184814453,69.15409088134766,34.90560531616211,44.010589599609375,20.680757522583008,82.71253967285156,54.00431442260742,175.07601928710938,93.6249008178711,153.75018310546875,44.23090744018555,95.75955200195312,49.45589065551758,6595.41015625,35.641666412353516,12.199999809265137
2018-09-25,258.5889587402344,25.39249038696289,27.24821662902832,24.433914184570312,68.94302368164062,34.86370849609375,43.750648498535156,20.397619247436523,82.4585952758789,54.23212432861328,175.31396484375,93.3719711303711,153.98565673828125,44.64209747314453,96.03705596923828,49.407474517822266,6446.47021484375,35.7834358215332,12.420000076293945
2018-09-26,257.81524658203125,25.140275955200195,26.985280990600586,24.140464782714844,68.89905548095703,34.73336410522461,43.79937744140625,20.197067260742188,82.64247131347656,54.35765075683594,175.43780517578125,93.01429748535156,152.5782012939453,44.67947769165039,95.26399230957031,48.41495895385742,6495.0,35.85848617553711,12.890000343322754
2018-09-27,258.53558349609375,24.92226219177246,26.985280990600586,24.05416488647461,68.99579620361328,34.938201904296875,43.742515563964844,20.405487060546875,83.06277465820312,54.543609619140625,176.92298889160156,93.02304077148438,152.5872802734375,45.05328369140625,95.13516235351562,48.01150894165039,6676.75,36.03360366821289,12.40999984741211
2018-09-28,258.5624084472656,24.764087677001953,26.910675048828125,23.803871154785156,68.95182800292969,35.06855392456055,43.80751419067383,20.7043514251709,83.31671905517578,54.49713134765625,176.88494873046875,93.17129516601562,153.05038452148438,44.24024963378906,95.01622772216797,47.94696044921875,6644.1298828125,35.791770935058594,12.119999885559082
2018-09-29,,,,,,,,,,,,,,,,,6601.9599609375,,
2018-09-30,,,,,,,,,,,,,,,,,6625.56005859375,,
2018-10-01,259.46063232421875,25.01203155517578,27.283750534057617,23.898807525634766,69.55867004394531,35.23613357543945,43.77501678466797,20.633569717407227,83.7282485961914,54.32976150512695,177.24676513671875,93.17129516601562,151.03451538085938,44.305667877197266,93.74761962890625,47.47087097167969,6589.6201171875,35.800106048583984,12.0
2018-10-02,259.3094787597656,25.1189022064209,27.312171936035156,23.898807525634766,69.71695709228516,35.24080276489258,44.02682876586914,20.912769317626953,83.6319580078125,53.59519577026367,176.8468475341797,93.04045104980469,149.40008544921875,43.165550231933594,92.37001037597656,47.29336166381836,6556.10009765625,35.34979248046875,12.050000190734863
2018-10-03,259.45172119140625,24.93935775756836,27.5324649810791,24.123205184936523,70.0072021484375,35.347869873046875,43.55570602416992,20.661096572875977,83.47432708740234,53.413883209228516,177.03726196289062,93.0491714477539,150.70765686035156,43.24966049194336,94.05486297607422,48.439170837402344,6502.58984375,35.05792236328125,11.609999656677246
2018-10-04,257.4239196777344,24.823938369750977,27.418766021728516,24.287189483642578,69.7785415649414,34.710079193115234,43.45010757446289,20.77120018005371,82.65998840332031,52.5770378112793,173.63839721679688,92.4036865234375,148.5918731689453,41.89460372924805,91.02210235595703,48.5360107421875,6576.68994140625,34.182315826416016,14.220000267028809
2018-10-05,255.98309326171875,24.640121459960938,27.415206909179688,24.166362762451172,69.41793823242188,34.27248764038086,43.409481048583984,21.089731216430664,82.56368255615234,52.18185043334961,171.51524353027344,91.95008850097656,147.24798583984375,41.100257873535156,89.64450073242188,48.14868927001953,6622.47998046875,34.05721664428711,14.819999694824219
2018-10-06,,,,,,,,,,,,,,,,,6588.31005859375,,
2018-10-07,,,,,,,,,,,,,,,,,6602.9501953125,,
2018-10-08,255.98309326171875,24.62729835510254,27.393888473510742,24.33034896850586,69.59386444091797,33.88608932495117,44.010589599609375,21.266693115234375,82.52862548828125,52.31667709350586,170.4679718017578,92.0634765625,146.93930053710938,40.33395004272461,88.70296478271484,48.495662689208984,6652.22998046875,34.10725402832031,15.6899995803833
2018-10-09,255.60964965820312,23.81080436706543,27.639049530029297,24.235408782958984,68.5208740234375,34.00712585449219,43.91310501098633,21.35320472717285,82.66873931884766,52.16325759887695,171.02017211914062,91.62733459472656,146.3671875,40.52085876464844,87.6226577758789,48.29392623901367,6642.64013671875,33.9821662902832,15.949999809265137
2018-10-10,247.51612854003906,23.186677932739258,26.772111892700195,23.48452377319336,66.3133544921875,32.35913848876953,43.38510513305664,21.235227584838867,80.71605682373047,50.4058837890625,163.4988250732422,89.0016860961914,142.16297912597656,38.408836364746094,84.67911529541016,47.599979400634766,6585.52978515625,32.97312545776367,22.959999084472656
2018-10-11,242.0642852783203,22.9173641204834,25.866086959838867,22.785429000854492,64.56316375732422,31.949481964111328,42.312862396240234,20.845916748046875,78.53575134277344,49.517906188964844,161.47091674804688,87.03025817871094,139.4479217529297,38.035030364990234,83.65828704833984,46.16366958618164,6256.240234375,32.639564514160156,24.979999542236328
2018-10-12,245.4261016845703,22.98148536682129,25.93714714050293,22.811315536499023,64.99412536621094,32.97364044189453,42.548423767089844,20.82232093811035,79.74410247802734,50.43378448486328,165.96470642089844,87.7891845703125,139.47512817382812,39.26859664916992,85.33323669433594,45.23572540283203,6274.580078125,33.598567962646484,21.309999465942383
2018-10-13,,,,,,,,,,,,,,,,,6285.990234375,,
2018-10-14,,,,,,,,,,,,,,,,,6290.93017578125,,
2018-10-15,244.0475311279297,22.904542922973633,25.720415115356445,22.707752227783203,65.11725616455078,32.43363571166992,42.808372497558594,20.920637130737305,79.19247436523438,50.317562103271484,163.95582580566406,87.75426483154297,139.99276733398438,38.91347885131836,84.18357849121094,45.356746673583984,6596.5400390625,33.239986419677734,21.299999237060547
2018-10-16,249.38385009765625,23.27216911315918,25.933591842651367,23.087505340576172,66.21661376953125,33.4112434387207,43.28763198852539,21.136920928955078,81.36404418945312,51.32642364501953,168.7256622314453,89.51634216308594,144.0516815185547,40.77317810058594,88.65338897705078,45.45357894897461,6596.10986328125,34.07390594482422,17.6200008392334
2018-10-17,249.4283905029297,23.1225528717041,25.770156860351562,23.320539474487305,65.73291015625,33.25762176513672,43.49070739746094,21.09760093688965,81.79312133789062,50.90333557128906,168.79234313964844,89.3331527709961,143.43421936035156,40.53020095825195,88.5047378540039,45.68758773803711,6544.43017578125,33.65694046020508,17.399999618530273
2018-10-18,245.82627868652344,22.861787796020508,25.642248153686523,22.93214988708496,64.59837341308594,32.605865478515625,43.43384552001953,21.12906265258789,80.86493682861328,49.927032470703125,164.8793182373047,88.19042205810547,140.7463836669922,39.34335708618164,86.76041412353516,44.87261199951172,6476.7099609375,32.772987365722656,20.059999465942383
2018-10-19,245.69284057617188,22.699344635009766,25.414846420288086,23.01845359802246,64.36090850830078,32.59192657470703,44.42485046386719,21.459381103515625,80.12938690185547,49.43886947631836,164.7269744873047,87.92874908447266,139.2572479248047,38.61443328857422,84.6592788696289,44.1463737487793,6465.41015625,33.08153533935547,19.889999389648438
2018-10-20,,,,,,,,,,,,,,,,,6489.18994140625,,
2018-10-21,,,,,,,,,,,,,,,,,6482.35009765625,,
2018-10-22,244.5900421142578,22.519804000854492,25.134164810180664,22.526504516601562,64.1410140991211,32.861907958984375,44.0918083190918,21.321744918823242,79.4726791381836,49.6387825012207,165.57437133789062,87.34427642822266,138.95755004882812,38.7265739440918,82.7464828491211,42.79076385498047,6487.16015625,33.44012451171875,19.639999389648438
2018-10-23,243.3448944091797,22.29751205444336,24.47684669494629,22.345256805419922,63.08563232421875,32.736228942871094,44.286766052246094,21.203771591186523,79.0436019897461,49.6480827331543,164.96499633789062,86.7860107421875,137.71356201171875,39.02561950683594,82.67710876464844,42.84724044799805,6475.740234375,33.07320022583008,20.709999084472656
2018-10-24,235.9719696044922,21.592161178588867,23.510419845581055,21.78424644470215,60.94846725463867,31.269805908203125,44.47360610961914,21.718923568725586,76.4342041015625,48.165000915527344,157.41510009765625,84.4831314086914,132.5286407470703,36.8108024597168,76.5917739868164,41.007476806640625,6495.83984375,32.00578689575195,25.229999542236328
2018-10-25,240.2053680419922,21.870031356811523,23.798221588134766,22.120849609375,61.379425048828125,32.34518814086914,44.57920455932617,21.380733489990234,77.42369079589844,49.62017059326172,162.8609619140625,85.5909652709961,135.3980255126953,38.53032302856445,79.72364044189453,42.08067321777344,6476.2900390625,32.62288284301758,24.219999313354492
2018-10-26,235.98081970214844,21.741783142089844,23.620573043823242,21.801511764526367,60.772586822509766,31.69808578491211,43.726280212402344,20.987483978271484,76.54805755615234,48.07667541503906,158.6717987060547,84.25630187988281,133.91793823242188,38.22193908691406,79.70381164550781,41.89509201049805,6474.75,32.247623443603516,24.15999984741211
2018-10-27,,,,,,,,,,,,,,,,,6480.3798828125,,
2018-10-28,,,,,,,,,,,,,,,,,6486.39013671875,,
2018-10-29,234.67335510253906,21.690488815307617,23.17999267578125,21.99138832092285,59.76116180419922,31.162729263305664,44.22990417480469,21.282421112060547,76.74067687988281,47.653594970703125,155.40621948242188,84.29119873046875,133.18240356445312,37.838775634765625,77.22608184814453,42.734283447265625,6332.6298828125,31.68889617919922,24.700000762939453
2018-10-30,238.15087890625,22.186370849609375,23.716506958007812,22.371145248413086,60.99245071411133,31.51187515258789,45.10719680786133,21.365007400512695,77.56378173828125,48.36957931518555,157.96734619140625,85.92242431640625,135.96104431152344,38.801334381103516,77.66217041015625,43.194217681884766,6334.27001953125,32.30599594116211,23.350000381469727
2018-10-31,240.694580078125,22.489883422851562,23.862171173095703,22.681856155395508,61.45859909057617,32.26138687133789,44.68479919433594,21.113330841064453,77.66883087158203,48.99256134033203,161.6803741455078,86.41963958740234,136.2334747314453,39.79193115234375,78.40547180175781,43.56539535522461,6317.60986328125,32.6562385559082,21.229999542236328
2018-11-01,243.2559814453125,23.1225528717041,24.064701080322266,22.785429000854492,62.540367126464844,32.63846206665039,45.001590728759766,21.01894760131836,78.64958953857422,49.99211883544922,163.81300354003906,87.6757583618164,139.37527465820312,41.791805267333984,82.99425506591797,43.993064880371094,6377.77978515625,33.82372283935547,19.34000015258789
2018-11-02,241.81521606445312,23.066980361938477,24.004297256469727,22.76816749572754,62.43480682373047,32.00069046020508,44.766021728515625,20.90097999572754,78.15921020507812,50.196678161621094,161.261474609375,87.3617172241211,139.83834838867188,42.502044677734375,83.2123031616211,44.138309478759766,6388.43994140625,34.04054641723633,19.510000228881836
2018-11-03,,,,,,,,,,,,,,,,,6361.259765625,,
2018-11-04,,,,,,,,,,,,,,,,,6376.1298828125,,
2018-11-05,243.1492462158203,23.1353816986084,24.405784606933594,23.130659103393555,62.760223388671875,31.96810531616211,45.32651138305664,21.195913314819336,78.85095977783203,50.266414642333984,160.861572265625,88.01596069335938,139.7294158935547,41.88525390625,82.76630401611328,44.32390213012695,6419.66015625,34.13227844238281,19.959999084472656
2018-11-06,244.68788146972656,23.51584243774414,24.519485473632812,23.251487731933594,63.419822692871094,32.16828536987305,45.60270690917969,21.33747673034668,79.2537841796875,50.48956298828125,162.08030700683594,88.62660217285156,140.41954040527344,41.89460372924805,82.49871063232422,44.61439514160156,6461.009765625,34.07390594482422,19.90999984741211
2018-11-07,249.92640686035156,23.93904685974121,24.920978546142578,23.553571701049805,64.44882202148438,33.113304138183594,45.862632751464844,21.581287384033203,81.58296966552734,51.85641098022461,167.16433715820312,89.98738098144531,142.93479919433594,42.95061111450195,84.58000183105469,44.783836364746094,6530.14013671875,34.71602249145508,16.360000610351562
2018-11-08,249.4727783203125,23.836454391479492,24.380916595458984,23.62261962890625,64.34330749511719,33.08537292480469,45.88699722290039,21.5458927154541,81.62674713134766,51.87035369873047,166.09796142578125,89.9176025390625,142.55340576171875,42.27775955200195,83.46005249023438,45.00171661376953,6453.72021484375,33.81538009643555,16.719999313354492
2018-11-09,247.03587341308594,23.503015518188477,24.33827781677246,23.406850814819336,63.69249725341797,32.51277542114258,46.155067443847656,21.577356338500977,81.39033508300781,51.14974594116211,163.29888916015625,89.12381744384766,139.9110107421875,41.470333099365234,80.06060791015625,44.75157165527344,6385.6201171875,33.18994903564453,17.360000610351562
2018-11-10,,,,,,,,,,,,,,,,,6409.22021484375,,
2018-11-11,,,,,,,,,,,,,,,,,6411.27001953125,,
2018-11-12,242.41995239257812,23.15675163269043,23.83375358581543,22.940776824951172,62.43480682373047,31.367563247680664,45.9113655090332,21.56555938720703,80.2870101928711,50.122283935546875,158.35768127441406,87.76298522949219,137.1414794921875,39.960140228271484,76.96839904785156,44.2109375,6371.27001953125,32.722957611083984,20.450000762939453
2018-11-13,241.96636962890625,23.088356018066406,23.286582946777344,23.070240020751953,62.71626281738281,31.40480613708496,45.80576705932617,21.656005859375,79.72662353515625,50.099056243896484,158.49095153808594,87.72808837890625,136.7056121826172,40.287227630615234,76.5917739868164,44.45301055908203,6359.490234375,33.09821319580078,20.020000457763672
2018-11-14,240.3120880126953,23.062707901000977,23.247495651245117,22.759532928466797,62.50517272949219,31.027729034423828,45.49710464477539,21.431856155395508,79.08739471435547,49.72244644165039,157.28179931640625,87.16981506347656,135.706787109375,39.801273345947266,74.26268768310547,43.62188720703125,5738.35009765625,33.29836654663086,21.25
2018-11-15,242.82012939453125,23.379043579101562,23.58859634399414,23.096132278442383,63.331886291503906,31.80517578125,45.42399215698242,21.25489616394043,79.78788757324219,49.6480827331543,160.03329467773438,87.91129302978516,137.64097595214844,40.969425201416016,76.859375,44.42072677612305,5648.02978515625,34.04054641723633,19.979999542236328
2018-11-16,243.45164489746094,23.61416244506836,23.869281768798828,23.122026443481445,63.31428527832031,31.753965377807617,45.53771209716797,21.581287384033203,80.593505859375,49.45281982421875,159.47158813476562,88.19042205810547,137.96778869628906,40.81055450439453,78.81182861328125,44.38039016723633,5575.5498046875,34.10725402832031,18.139999389648438
2018-11-17,,,,,,,,,,,,,,,,,5554.330078125,,
2018-11-18,,,,,,,,,,,,,,,,,5623.5400390625,,
2018-11-19,239.33384704589844,23.276447296142578,23.862171173095703,23.1133975982666,62.31168746948242,30.54356575012207,45.46461868286133,21.67566680908203,79.56900024414062,48.244041442871094,154.29232788085938,87.03897857666016,135.17103576660156,38.8574104309082,76.2250747680664,44.29969787597656,4871.490234375,33.64860534667969,20.100000381469727
2018-11-20,234.90463256835938,22.853239059448242,23.080509185791016,22.60418128967285,61.01883316040039,29.88716697692871,44.70916748046875,21.58521842956543,78.8246841430664,47.15149688720703,151.5313262939453,85.51244354248047,132.56495666503906,38.14717102050781,75.7691650390625,43.46857452392578,4451.8701171875,32.92308807373047,22.479999542236328
2018-11-21,235.70509338378906,23.037057876586914,23.442920684814453,22.621440887451172,61.449798583984375,30.10596466064453,44.35174560546875,21.266693115234375,78.37812805175781,47.644309997558594,152.6833038330078,86.04457092285156,134.41737365722656,39.00693130493164,77.17654418945312,43.62995910644531,4602.169921875,33.53185272216797,20.799999237060547
2018-11-22,,,,,,,,,,,,,,,,,4365.93994140625,,
2018-11-23,234.13092041015625,22.789121627807617,22.707439422607422,22.440187454223633,61.32666015625,29.83130645751953,44.50608825683594,21.278488159179688,78.4919662475586,47.43043899536133,151.5789337158203,85.79157257080078,134.29019165039062,38.97889709472656,77.39456939697266,43.53312683105469,4347.10986328125,33.139915466308594,21.520000457763672
2018-11-24,,,,,,,,,,,,,,,,,3880.760009765625,,
2018-11-25,,,,,,,,,,,,,,,,,4009.969970703125,,
2018-11-26,237.9107208251953,23.049880981445312,23.04853057861328,22.897628784179688,61.775203704833984,30.506324768066406,44.562950134277344,21.404327392578125,79.2537841796875,48.495094299316406,155.08255004882812,86.95175170898438,136.03367614746094,40.1377067565918,79.17853546142578,44.372310638427734,3779.1298828125,33.54853820800781,18.899999618530273
2018-11-27,238.71119689941406,22.767744064331055,22.984575271606445,22.914886474609375,61.669677734375,30.566844940185547,44.96098327636719,21.56555938720703,80.07685852050781,48.63921356201172,155.60617065429688,86.99536895751953,134.90771484375,39.745201110839844,77.27562713623047,44.13024139404297,3820.719970703125,33.78202819824219,19.020000457763672
2018-11-28,244.2076873779297,23.1182804107666,23.378963470458984,23.35506248474121,63.1472053527832,31.6375732421875,45.33464050292969,21.54983139038086,82.00326538085938,50.07579803466797,160.6140594482422,88.58296203613281,138.240234375,41.287166595458984,80.20927429199219,44.55791091918945,4257.419921875,34.59093475341797,18.489999771118164
2018-11-29,243.67398071289062,23.285003662109375,23.531740188598633,23.15654754638672,63.18239212036133,31.330318450927734,45.407737731933594,21.541961669921875,82.27471160888672,49.843345642089844,160.09042358398438,88.32127380371094,137.867919921875,41.165672302246094,79.7335433959961,44.41265869140625,4278.8466796875,34.290714263916016,18.790000915527344
2018-11-30,245.1592559814453,23.3448486328125,23.489107131958008,23.27738380432129,63.79802322387695,31.628271102905273,45.700172424316406,21.860498428344727,83.94718933105469,50.20597457885742,161.25192260742188,88.67891693115234,138.58526611328125,41.53948211669922,80.92285919189453,44.9936408996582,4017.2685546875,34.25735855102539,18.06999969482422
2018-12-01,,,,,,,,,,,,,,,,,4214.671875,,
2018-12-02,,,,,,,,,,,,,,,,,4139.8779296875,,
2018-12-03,248.40553283691406,23.755231857299805,24.011402130126953,23.424114227294922,64.53677368164062,32.326560974121094,45.74079132080078,22.080707550048828,83.54440307617188,51.14509582519531,164.07003784179688,89.7518539428711,139.9110107421875,42.54876708984375,83.87633514404297,44.92910385131836,3894.130859375,34.94950866699219,16.440000534057617
2018-12-04,240.3565673828125,23.049880981445312,23.322118759155273,22.405672073364258,61.79280090332031,31.102205276489258,44.9691047668457,22.096437454223633,81.67928314208984,49.30406188964844,157.7769317626953,87.05644226074219,133.95425415039062,40.4367561340332,79.74346160888672,42.46799850463867,3956.893798828125,34.20732116699219,20.739999771118164
2018-12-05,,,,,,,,,,,,,,,,,3753.994873046875,,
2018-12-06,239.991943359375,22.737812042236328,22.892200469970703,22.094955444335938,61.449798583984375,31.17203712463379,45.01783752441406,22.12003517150879,81.372802734375,49.5411491394043,158.8907928466797,86.79474639892578,133.66368103027344,40.68906784057617,79.9813232421875,42.129093170166016,3521.101806640625,33.89043426513672,21.190000534057617
2018-12-07,234.41549682617188,22.190641403198242,22.7642879486084,21.67205238342285,59.83152770996094,30.073381423950195,44.449222564697266,22.20261001586914,79.29752349853516,48.058067321777344,153.64495849609375,84.9105453491211,130.77615356445312,39.34335708618164,77.49368286132812,41.74983596801758,3419.937255859375,33.25666427612305,23.229999542236328
2018-12-08,,,,,,,,,,,,,,,,,3476.11474609375,,
2018-12-09,,,,,,,,,,,,,,,,,3614.234375,,
2018-12-10,234.86021423339844,22.250492095947266,22.40898323059082,21.369970321655273,59.98103713989258,30.487709045410156,44.449222564697266,22.245868682861328,79.60403442382812,48.09526443481445,155.25390625,84.7535400390625,130.394775390625,39.754554748535156,78.42530059814453,40.926788330078125,3502.656005859375,32.90641784667969,22.639999389648438
2018-12-11,234.91348266601562,22.177820205688477,22.416095733642578,21.162826538085938,59.62925720214844,30.52495002746582,44.81476593017578,22.336315155029297,79.84919738769531,48.11387252807617,155.7679901123047,84.69246673583984,130.258544921875,39.67978286743164,78.1676254272461,40.507179260253906,3424.588134765625,33.156593322753906,21.760000228881836
2018-12-12,236.09640502929688,22.37018585205078,22.504919052124023,21.283653259277344,59.96344757080078,30.762372970581055,44.75790786743164,22.194746017456055,80.53219604492188,48.62061309814453,157.1389923095703,85.11988830566406,131.5025634765625,40.4741325378418,79.3668441772461,41.007476806640625,3486.9501953125,33.69863510131836,21.459999084472656
2018-12-13,236.01637268066406,22.10942268371582,22.57597541809082,21.128305435180664,59.796348571777344,30.813581466674805,45.034080505371094,22.387439727783203,80.61100769042969,48.37887191772461,157.18658447265625,84.71863555908203,129.64111328125,39.84800338745117,77.17654418945312,39.90201187133789,3313.67724609375,33.69029235839844,20.649999618530273
2018-12-14,231.65841674804688,21.938432693481445,22.0607852935791,20.92116355895996,58.96963119506836,30.05942153930664,44.2705192565918,22.344181060791016,77.89653778076172,47.57456970214844,153.3592987060547,83.51484680175781,127.67970275878906,39.03496551513672,76.10615539550781,39.13543701171875,3242.48486328125,33.214969635009766,21.6299991607666
2018-12-15,,,,,,,,,,,,,,,,,3236.76171875,,
2018-12-16,,,,,,,,,,,,,,,,,3252.839111328125,,
2018-12-17,227.1136016845703,21.562240600585938,21.659292221069336,20.714025497436523,58.0022087097168,29.4216365814209,43.24702453613281,21.624549865722656,76.34664154052734,46.36579132080078,149.88426208496094,81.70917510986328,124.83617401123047,37.30610275268555,74.38166046142578,38.90949630737305,3545.86474609375,32.90641784667969,24.520000457763672
2018-12-18,226.86465454101562,21.68193817138672,21.14765739440918,20.636350631713867,58.29243087768555,29.65440559387207,42.735267639160156,21.479045867919922,75.68118286132812,46.72842788696289,150.8268280029297,81.59577941894531,124.68135070800781,37.27806854248047,72.9941177368164,38.30430603027344,3696.05908203125,33.129878997802734,25.579999923706055
2018-12-19,223.4671173095703,21.38697624206543,20.898944854736328,20.377424240112305,57.19308090209961,29.06783103942871,42.32099533081055,21.443649291992188,74.69173431396484,45.8032341003418,147.12326049804688,80.31348419189453,122.08473205566406,36.7080078125,70.52629089355469,37.16654586791992,3745.95068359375,32.57969284057617,25.579999923706055
2018-12-20,219.82952880859375,21.10055923461914,20.319801330566406,20.196176528930664,56.146488189697266,28.546438217163086,41.56555938720703,21.431856155395508,73.64093017578125,44.775787353515625,144.9906005859375,79.04862976074219,120.0712661743164,35.34360885620117,68.04854583740234,37.17462921142578,4134.44140625,32.833621978759766,28.3799991607666
2018-12-21,215.32533264160156,20.910812377929688,20.1225528717041,19.79233169555664,55.08634567260742,27.67913055419922,41.13438034057617,21.34024429321289,72.72616577148438,43.76111602783203,140.49684143066406,77.64421844482422,116.95538330078125,33.502601623535156,65.16593933105469,36.62128448486328,3896.543701171875,32.605079650878906,30.110000610351562
2018-12-22,,,,,,,,,,,,,,,,,4014.1826171875,,
2018-12-23,,,,,,,,,,,,,,,,,3998.980224609375,,
2018-12-24,209.6358184814453,20.368682861328125,19.308473587036133,19.375473022460938,53.396141052246094,26.940401077270508,39.94575500488281,20.44792366027832,70.98452758789062,42.9303092956543,137.01283264160156,75.6363754272461,114.6867904663086,33.0259895324707,64.84873962402344,35.93062210083008,4078.59912109375,32.30035400390625,36.06999969482422
2018-12-25,,,,,,,,,,,,,,,,,3815.49072265625,,
2018-12-26,220.22764587402344,21.280841827392578,20.509868621826172,20.252622604370117,55.882774353027344,28.567472457885742,41.06058883666992,20.725536346435547,74.08074951171875,45.47403335571289,145.5677490234375,79.05882263183594,120.19882202148438,35.06325149536133,69.646484375,37.726341247558594,3857.297607421875,32.94365692138672,30.40999984741211
2018-12-27,221.9184112548828,21.672386169433594,20.617464065551758,20.495798110961914,56.58186721801758,28.773197174072266,41.45407485961914,20.900033950805664,74.8987808227539,45.71672821044922,146.13113403320312,79.7696533203125,120.69989013671875,35.10955047607422,68.972412109375,37.482582092285156,3654.83349609375,32.90134048461914,29.959999084472656
2018-12-28,221.63214111328125,21.556211471557617,20.45966339111328,20.48710823059082,56.431427001953125,28.707748413085938,41.45407485961914,20.95159149169922,74.98675537109375,45.721397399902344,146.0546875,79.56780242919922,121.04613494873047,35.4664306640625,69.47795104980469,37.80760192871094,3923.918701171875,33.21452713012695,28.34000015258789
2018-12-29,,,,,,,,,,,,,,,,,3820.40869140625,,
2018-12-30,,,,,,,,,,,,,,,,,3865.95263671875,,
2018-12-31,223.57339477539062,21.73691749572754,20.5672550201416,20.686851501464844,56.99778366088867,28.97892189025879,41.62621307373047,20.98728370666504,76.09505462646484,46.211456298828125,147.286376953125,80.20842742919922,121.99366760253906,35.87154006958008,71.12345886230469,38.018856048583984,3742.700439453125,33.062156677246094,25.420000076293945
2019-01-01,,,,,,,,,,,,,,,,,3843.52001953125,,
2019-01-02,223.8059539794922,21.84878921508789,20.972503662109375,20.86054801940918,57.289798736572266,28.997621536254883,41.380287170410156,20.62639045715332,74.94275665283203,46.561527252197266,147.87832641601562,80.25228881835938,122.68603515625,36.093387603759766,72.2237548828125,38.652645111083984,3943.409423828125,33.14680480957031,23.219999313354492
2019-01-03,218.46531677246094,21.22921371459961,20.76449966430664,20.391578674316406,55.54649353027344,27.5341854095459,41.14257049560547,20.622425079345703,73.42105102539062,45.553375244140625,143.047119140625,78.69902038574219,120.49037170410156,34.90699005126953,70.58818054199219,38.49826431274414,3836.7412109375,32.545833587646484,25.450000762939453
2019-01-04,225.78302001953125,22.063920974731445,21.470993041992188,21.068979263305664,57.65262222290039,28.754499435424805,42.01968765258789,20.927791595458984,75.61127471923828,47.06092834472656,149.16729736328125,81.31414031982422,124.9911117553711,37.06758117675781,74.36491394042969,39.7252082824707,3857.717529296875,33.59541702270508,21.3799991607666
2019-01-05,,,,,,,,,,,,,,,,,3845.194580078125,,
2019-01-06,,,,,,,,,,,,,,,,,4076.632568359375,,
2019-01-07,227.56320190429688,22.141366958618164,21.79016876220703,21.095033645629883,58.12162780761719,29.011655807495117,41.9622917175293,20.78502082824707,75.90155792236328,48.12507247924805,150.9432373046875,82.16535949707031,127.1777114868164,38.678375244140625,78.80579376220703,39.98521041870117,4025.248291015625,33.67159652709961,21.399999618530273
2019-01-08,229.7012481689453,22.373706817626953,21.958723068237305,21.112398147583008,58.918052673339844,29.254777908325195,42.34757995605469,21.042808532714844,76.4908676147461,48.657161712646484,152.30857849121094,83.05169677734375,129.12741088867188,38.794124603271484,79.77722930908203,40.32648849487305,4030.847900390625,33.79857635498047,20.469999313354492
2019-01-09,230.77476501464844,22.3823184967041,22.30659294128418,21.21661949157715,59.3162727355957,29.633495330810547,41.9541130065918,20.915897369384766,76.83393859863281,48.90452575683594,153.5498504638672,83.63966369628906,130.19337463378906,40.00945281982422,80.11425018310547,40.62711715698242,4035.29638671875,34.399539947509766,19.979999542236328
2019-01-10,231.5887908935547,22.58023452758789,22.37114715576172,21.22530746459961,60.12153625488281,29.764413833618164,42.20003128051758,21.189542770385742,76.98345947265625,48.76451110839844,153.98907470703125,84.14863586425781,130.8675994873047,40.21200942993164,81.44255828857422,40.488990783691406,3678.924560546875,34.645015716552734,19.5
2019-01-11,231.67828369140625,22.489883422851562,22.23845100402832,21.277406692504883,60.05960464477539,29.708301544189453,42.322998046875,21.110225677490234,77.23854064941406,48.81117630004883,153.42567443847656,84.2100601196289,130.904052734375,40.2988166809082,81.2839584350586,40.610870361328125,3687.365478515625,34.4757194519043,18.190000534057617
2019-01-12,,,,,,,,,,,,,,,,,3661.301025390625,,
2019-01-13,,,,,,,,,,,,,,,,,3552.953125,,
2019-01-14,230.2648162841797,22.317777633666992,22.18465805053711,21.425050735473633,60.050743103027344,29.432449340820312,42.11804962158203,20.634326934814453,76.38532257080078,48.51246643066406,152.0699005126953,83.75373840332031,129.6011505126953,39.575408935546875,79.4203872680664,40.80588150024414,3706.05224609375,34.18793487548828,19.06999969482422
2019-01-15,232.90380859375,22.17148208618164,22.263553619384766,21.616117477416992,59.86491394042969,29.876625061035156,42.53611373901367,20.888137817382812,77.75751495361328,48.95120620727539,155.039306640625,84.39434814453125,130.69442749023438,40.78108596801758,81.48220825195312,41.082149505615234,3630.67529296875,34.42494201660156,18.600000381469727
2019-01-16,233.4674072265625,22.257537841796875,22.2348690032959,22.076404571533203,59.92686462402344,29.90467643737793,42.30659484863281,20.963491439819336,77.61679077148438,48.83917236328125,155.01065063476562,84.60498046875,131.66932678222656,40.81002426147461,81.19474029541016,42.146575927734375,3655.0068359375,34.84815216064453,19.040000915527344
2019-01-17,235.23863220214844,22.64907455444336,22.439285278320312,22.19799041748047,60.953365325927734,30.09637451171875,42.486942291259766,21.050739288330078,78.30286407470703,49.17057418823242,156.23280334472656,85.39478302001953,132.86282348632812,41.12833023071289,81.68046569824219,42.41470718383789,3678.56396484375,35.00051498413086,18.059999465942383
2019-01-18,238.3696746826172,23.023406982421875,22.894744873046875,22.580110549926758,62.112632751464844,30.554576873779297,42.99518585205078,21.07452964782715,79.2352523803711,49.85200500488281,157.77952575683594,86.69355010986328,134.22946166992188,41.28265380859375,82.65189361572266,43.26787185668945,3657.83935546875,35.1698112487793,17.799999237060547
2019-01-19,,,,,,,,,,,,,,,,,3728.568359375,,
2019-01-20,,,,,,,,,,,,,,,,,3601.013671875,,
2019-01-21,,,,,,,,,,,,,,,,,3576.032470703125,,
2019-01-22,235.14918518066406,22.705018997192383,22.396251678466797,22.319568634033203,60.82948303222656,30.040267944335938,42.60169982910156,21.114192962646484,78.68989562988281,49.10523223876953,154.61917114257812,85.53518676757812,132.1066436767578,39.65257263183594,80.1539077758789,42.983489990234375,3604.5771484375,34.56037521362305,20.799999237060547
2019-01-23,235.64125061035156,22.55011558532715,22.16672706604004,22.34562873840332,60.917964935302734,30.14312744140625,43.10992431640625,21.32834243774414,78.77789306640625,49.2032356262207,154.8196563720703,85.4649658203125,131.74220275878906,39.25710678100586,79.08332061767578,42.910369873046875,3585.123046875,34.91587829589844,19.520000457763672
2019-01-24,235.76649475097656,22.429645538330078,22.285078048706055,22.397737503051758,61.22771072387695,30.39560890197754,42.57710647583008,21.439393997192383,78.1181640625,49.40861129760742,155.8222198486328,85.85987091064453,132.53489685058594,40.10591125488281,79.84663391113281,42.93473815917969,3600.865478515625,35.254459381103516,18.889999389648438
2019-01-25,237.76141357421875,22.855606079101562,22.56839370727539,22.580110549926758,62.00642776489258,30.825756072998047,42.404964447021484,21.145917892456055,78.21491241455078,49.954681396484375,157.68405151367188,86.77252960205078,134.2385711669922,41.060813903808594,81.65071868896484,43.4466438293457,3599.765869140625,35.720008850097656,17.420000076293945
2019-01-26,,,,,,,,,,,,,,,,,3602.46044921875,,
2019-01-27,,,,,,,,,,,,,,,,,3583.9658203125,,
2019-01-28,235.95436096191406,22.821178436279297,22.342456817626953,22.510631561279297,61.413536071777344,30.414308547973633,42.58531188964844,21.046770095825195,77.3265380859375,49.665313720703125,155.7362823486328,86.43029022216797,133.51878356933594,40.202362060546875,79.33114624023438,43.81228256225586,3470.450439453125,35.347564697265625,18.8700008392334
2019-01-29,235.64125061035156,23.057830810546875,22.410598754882812,22.432472229003906,62.263038635253906,30.087020874023438,42.683677673339844,21.106260299682617,77.70475769042969,49.343257904052734,154.2659149169922,86.5794906616211,133.1999053955078,39.78761291503906,79.37081909179688,43.706661224365234,3448.116943359375,35.406822204589844,19.1299991607666
2019-01-30,239.37161254882812,23.303075790405273,22.726184844970703,22.562740325927734,63.23645782470703,31.022130966186523,42.9705810546875,21.26885986328125,78.76905822753906,50.314064025878906,158.19007873535156,87.50090026855469,134.6576690673828,40.771446228027344,81.57142639160156,43.51976013183594,3486.181640625,36.17707443237305,17.65999984741211
2019-01-31,241.47390747070312,22.954565048217773,22.87322235107422,22.52800178527832,63.51081085205078,30.989402770996094,43.765724182128906,21.71700096130371,79.75421905517578,50.771480560302734,160.55799865722656,88.08011627197266,135.8056640625,41.5237922668457,82.86997985839844,43.032249450683594,3457.792724609375,36.48180389404297,16.56999969482422
2019-02-01,241.59030151367188,23.023406982421875,23.271297454833984,22.623537063598633,63.60811996459961,31.1717472076416,43.62636947631836,21.63372039794922,79.82461547851562,50.029361724853516,159.8800811767578,88.29947662353516,135.9149932861328,41.5816650390625,83.25656127929688,43.406005859375,3487.9453125,36.19401168823242,16.139999389648438
2019-02-02,,,,,,,,,,,,,,,,,3521.060791015625,,
2019-02-03,,,,,,,,,,,,,,,,,3464.013427734375,,
2019-02-04,243.2899627685547,22.984683990478516,23.325092315673828,22.719066619873047,64.43112182617188,31.672029495239258,43.90507888793945,21.66940689086914,79.59590148925781,50.356075286865234,161.86605834960938,88.78213500976562,137.5366668701172,42.2472038269043,83.603515625,43.901668548583984,3459.154052734375,36.25326156616211,15.729999542236328
2019-02-05,244.3097381591797,23.152488708496094,23.360958099365234,22.658273696899414,64.9886245727539,31.938526153564453,43.91328048706055,21.713027954101562,79.48155975341797,50.82748794555664,163.2982177734375,89.12437438964844,137.68246459960938,42.36294937133789,83.0682373046875,43.714786529541016,3466.357421875,36.752662658691406,15.569999694824219
2019-02-06,243.9876708984375,23.014801025390625,23.188819885253906,22.632219314575195,65.00633239746094,32.04607009887695,43.92148208618164,21.70113182067871,79.8421859741211,50.61743927001953,162.81129455566406,89.04541778564453,137.5093231201172,42.40153121948242,83.54402923583984,43.77978515625,3413.767822265625,36.25326156616211,15.380000114440918
2019-02-07,241.6618194580078,22.696407318115234,22.67597770690918,22.40641975402832,64.56385803222656,31.606578826904297,43.88868713378906,21.986679077148438,78.96257019042969,50.202049255371094,160.62486267089844,88.40476989746094,136.3795928955078,40.98365020751953,81.27403259277344,44.429813385009766,3399.4716796875,35.889286041259766,16.3700008392334
2019-02-08,241.9569854736328,22.674896240234375,22.57197380065918,22.293519973754883,64.66118621826172,31.788917541503906,44.0936164855957,22.081851959228516,79.1120834350586,50.00136184692383,160.9398956298828,88.57151794433594,136.525390625,41.465919494628906,81.95801544189453,43.99917984008789,3666.7802734375,35.686134338378906,15.720000267028809
2019-02-09,,,,,,,,,,,,,,,,,3671.20361328125,,
2019-02-10,,,,,,,,,,,,,,,,,3690.188232421875,,
2019-02-11,242.0911865234375,22.709318161010742,22.6795654296875,22.363000869750977,65.00633239746094,31.774885177612305,44.20838928222656,22.07392692565918,79.01534271240234,50.09003448486328,160.7871551513672,88.81722259521484,137.6642303466797,41.88067626953125,82.35452270507812,44.454185485839844,3648.4306640625,35.56764221191406,15.970000267028809
2019-02-12,245.2042999267578,23.217031478881836,22.966463088989258,22.693010330200195,66.01512145996094,32.19569396972656,44.55267333984375,22.1254825592041,80.0972671508789,50.86015319824219,163.16455078125,89.91416931152344,139.38612365722656,42.681251525878906,83.68282318115234,44.91735076904297,3653.528564453125,35.8638916015625,15.430000305175781
2019-02-13,246.00050354003906,23.247146606445312,23.253368377685547,22.75380516052246,66.40448760986328,32.23775863647461,44.6346435546875,22.062030792236328,80.27320861816406,51.20553970336914,163.27915954589844,90.30909729003906,139.77793884277344,42.960968017578125,83.6927261352539,45.031089782714844,3632.070556640625,35.609962463378906,15.649999618530273
2019-02-14,245.45474243164062,23.126672744750977,23.33585548400879,22.475894927978516,66.09475708007812,32.29387664794922,44.13459777832031,22.026336669921875,80.45793151855469,51.01884841918945,163.47967529296875,90.09846496582031,140.0968017578125,43.076717376708984,84.03970336914062,44.56794738769531,3616.880859375,35.67768478393555,16.219999313354492
2019-02-15,248.12950134277344,23.440763473510742,23.712413787841797,22.953556060791016,66.97969055175781,32.551021575927734,44.55267333984375,22.093753814697266,81.6717758178711,51.36888122558594,164.1671142578125,91.1076431274414,142.32891845703125,43.587928771972656,85.83385467529297,45.534881591796875,3620.810791015625,35.626888275146484,14.90999984741211
2019-02-16,,,,,,,,,,,,,,,,,3629.78759765625,,
2019-02-17,,,,,,,,,,,,,,,,,3673.836181640625,,
2019-02-18,,,,,,,,,,,,,,,,,3915.71435546875,,
2019-02-19,248.5589599609375,23.587053298950195,23.784137725830078,22.98829460144043,66.95313262939453,32.56037139892578,44.7822151184082,22.224626541137695,81.47826385498047,51.578922271728516,164.49169921875,91.27439880371094,142.720703125,43.61686325073242,84.89215850830078,45.97365951538086,3947.094482421875,35.90621566772461,14.880000114440918
2019-02-20,249.05996704101562,23.99150276184082,23.88454818725586,23.135923385620117,67.27169799804688,32.5977783203125,44.70022201538086,22.323772430419922,81.38151550292969,51.681610107421875,164.463134765625,91.59906005859375,143.39486694335938,43.9737434387207,84.5551528930664,46.48554992675781,3999.820556640625,36.109371185302734,14.020000457763672
2019-02-21,248.17431640625,23.89684295654297,23.51516342163086,23.014345169067383,66.99738311767578,32.6118049621582,44.83137512207031,22.486377716064453,80.66902923583984,51.578922271728516,163.86154174804688,91.24807739257812,142.84828186035156,43.11529541015625,83.35569763183594,46.2011604309082,3954.1181640625,36.03318405151367,14.460000038146973
2019-02-22,249.7129364013672,24.000102996826172,23.583301544189453,22.979604721069336,67.43985748291016,33.02792739868164,44.618255615234375,22.625181198120117,81.4079360961914,51.85896301269531,165.07415771484375,91.730712890625,144.08734130859375,44.147361755371094,84.99129486083984,46.33928680419922,4005.526611328125,36.43101501464844,13.510000228881836
2019-02-23,,,,,,,,,,,,,,,,,4142.52685546875,,
2019-02-24,,,,,,,,,,,,,,,,,3810.427490234375,,
2019-02-25,250.0529327392578,24.15500259399414,23.62275505065918,23.075138092041016,67.70529174804688,33.1869010925293,44.37232971191406,22.478445053100586,81.52227020263672,51.6862678527832,165.67572021484375,91.74825286865234,144.12380981445312,44.74538040161133,88.74819946289062,46.152400970458984,3882.6962890625,36.837310791015625,14.850000381469727
2019-02-26,249.87399291992188,24.01732063293457,23.54744529724121,23.005657196044922,67.51948547363281,33.25702667236328,44.39691162109375,22.450681686401367,81.23197174072266,51.75628662109375,165.84754943847656,91.50254821777344,143.13072204589844,44.40779113769531,88.0543212890625,45.63237762451172,3854.35791015625,36.71033477783203,15.170000076293945
2019-02-27,249.76657104492188,23.978588104248047,23.637100219726562,23.092512130737305,67.78496551513672,33.224300384521484,44.33134078979492,22.478445053100586,80.85374450683594,51.71894454956055,165.74249267578125,91.52886199951172,143.3311309814453,45.06368637084961,89.49164581298828,46.12803649902344,3851.04736328125,36.397159576416016,14.699999809265137
2019-02-28,249.30142211914062,23.68601417541504,23.400405883789062,23.031713485717773,67.5549087524414,33.13078689575195,44.54447555541992,22.609317779541016,80.61625671386719,51.438899993896484,165.36056518554688,91.30948638916016,142.8391571044922,44.90936279296875,88.3615951538086,45.998023986816406,3854.785400390625,35.92313766479492,14.779999732971191
2019-03-01,250.85806274414062,23.65589714050293,23.83075714111328,23.17935562133789,67.61683654785156,33.3552131652832,44.46250915527344,22.65691375732422,81.75975036621094,51.85429382324219,166.50634765625,91.92378997802734,144.16934204101562,45.140846252441406,91.0082778930664,46.17677307128906,3859.583740234375,35.96546173095703,13.569999694824219
2019-03-02,,,,,,,,,,,,,,,,,3864.4150390625,,
2019-03-03,,,,,,,,,,,,,,,,,3847.17578125,,
2019-03-04,249.9456024169922,23.763460159301758,23.873794555664062,23.031713485717773,67.31595611572266,33.228981018066406,44.38871383666992,22.696563720703125,80.65142059326172,51.69093322753906,166.5349884033203,91.4850082397461,142.8665313720703,44.59105682373047,90.1062240600586,45.957393646240234,3761.55712890625,36.01625061035156,14.630000114440918
2019-03-05,249.60565185546875,23.651596069335938,23.794893264770508,22.944873809814453,66.88233947753906,33.13078689575195,44.355934143066406,22.668804168701172,80.60745239257812,51.82162857055664,166.6591339111328,91.20419311523438,142.20140075683594,44.71644592285156,89.43216705322266,45.868019104003906,3896.375,36.371761322021484,14.739999771118164
2019-03-06,248.09385681152344,23.703224182128906,23.493650436401367,22.79722785949707,66.25404357910156,32.957801818847656,44.29035949707031,22.668804168701172,79.42877960205078,51.578922271728516,165.71385192871094,90.40560913085938,139.41348266601562,43.751895904541016,85.77440643310547,44.746707916259766,3903.942626953125,36.168617248535156,15.739999771118164
2019-03-07,246.01840209960938,23.509611129760742,23.353784561157227,22.562740325927734,65.85582733154297,32.644535064697266,44.00345993041992,22.744157791137695,78.80424499511719,50.953495025634766,163.68016052246094,89.70356750488281,138.1926727294922,42.989906311035156,85.80413055419922,43.974796295166016,3911.484375,35.49992752075195,16.59000015258789
2019-03-08,245.52635192871094,23.548337936401367,22.916259765625,22.554058074951172,65.72309875488281,32.639862060546875,44.02804946899414,22.823467254638672,78.63713836669922,50.598777770996094,163.431884765625,89.42273712158203,138.1562042236328,43.26962661743164,85.70500946044922,44.064170837402344,3901.131591796875,35.245994567871094,16.049999237060547
2019-03-09,,,,,,,,,,,,,,,,,3963.313720703125,,
2019-03-10,,,,,,,,,,,,,,,,,3951.599853515625,,
2019-03-11,249.08680725097656,23.88393211364746,23.274887084960938,22.788545608520508,66.28060150146484,33.34117889404297,44.60186004638672,22.986072540283203,79.53431701660156,51.29420852661133,166.8309783935547,90.58110809326172,140.57061767578125,44.77431869506836,88.2624740600586,44.41356658935547,3905.227294921875,35.90621566772461,14.329999923706055
2019-03-12,250.02610778808594,23.974292755126953,23.425506591796875,22.84065055847168,65.73196411132812,33.53757095336914,44.618255615234375,23.144710540771484,80.11485290527344,51.438899993896484,167.74755859375,90.87947845458984,140.6434326171875,44.89970779418945,89.18436431884766,44.31606674194336,3909.15625,36.092437744140625,13.770000457763672
2019-03-13,251.68099975585938,24.090463638305664,23.662206649780273,22.996976852416992,66.30714416503906,33.75731658935547,44.87237548828125,23.16849708557129,80.97689819335938,51.62092971801758,169.0078887939453,91.4235610961914,141.19918823242188,45.27588653564453,90.88933563232422,44.65733337402344,3906.71728515625,36.13475799560547,13.40999984741211
2019-03-14,251.5200653076172,23.909753799438477,23.68731117248535,23.08382225036621,66.08589935302734,33.827449798583984,44.83137512207031,23.164533615112305,80.84495544433594,51.46690368652344,168.72149658203125,91.29190826416016,140.62525939941406,44.98651885986328,89.77912139892578,44.771080017089844,3924.369140625,35.940067291259766,13.5
2019-03-15,252.7626953125,23.939573287963867,23.67791175842285,23.245304107666016,65.85272979736328,34.2369499206543,45.085243225097656,23.248437881469727,81.21664428710938,51.79707717895508,170.287353515625,91.62541198730469,140.99876403808594,45.32411193847656,90.4729995727539,44.74577713012695,3960.9111328125,36.464874267578125,12.880000114440918
2019-03-16,,,,,,,,,,,,,,,,,4048.725830078125,,
2019-03-17,,,,,,,,,,,,,,,,,4025.22900390625,,
2019-03-18,253.67919921875,23.995742797851562,24.006820678710938,23.48099136352539,66.4935531616211,34.382347106933594,45.151180267333984,23.160541534423828,81.09302520751953,52.298187255859375,170.69287109375,92.0565185546875,141.9007568359375,45.18907165527344,90.76045989990234,45.39887619018555,4032.50732421875,36.87116622924805,13.100000381469727
2019-03-19,253.74203491210938,23.96548843383789,23.94175910949707,23.297683715820312,66.25324249267578,34.45270919799805,45.11821365356445,22.896846771240234,81.73754119873047,52.560455322265625,171.26681518554688,91.89781951904297,141.1809844970703,45.31446838378906,90.44328308105469,44.26410675048828,4071.190185546875,36.88809585571289,13.5600004196167
2019-03-20,252.97833251953125,23.943891525268555,24.151391983032227,22.817588806152344,65.79934692382812,34.35889434814453,44.92863845825195,22.95677375793457,81.17249298095703,52.6353874206543,171.94593811035156,91.2542495727539,140.00440979003906,45.43021011352539,89.54121398925781,42.75381088256836,4087.476318359375,36.94734191894531,13.90999984741211
2019-03-21,255.83563232421875,24.19883918762207,24.321269989013672,22.747756958007812,66.43124389648438,35.221961975097656,45.456146240234375,23.200496673583984,81.49032592773438,53.35661315917969,174.63380432128906,92.4267807006836,141.8404998779297,46.36582565307617,91.1173324584961,42.15785598754883,4029.326904296875,36.998130798339844,13.630000114440918
2019-03-22,250.91180419921875,23.47719955444336,23.663450241088867,22.1192684173584,64.92711639404297,34.391719818115234,45.39845275878906,23.368297576904297,80.00709533691406,52.298187255859375,170.7980499267578,90.53134155273438,136.67918395996094,44.41743469238281,87.09278106689453,40.32917022705078,4023.96826171875,35.91468811035156,16.479999542236328
2019-03-23,,,,,,,,,,,,,,,,,4035.826416015625,,
2019-03-24,,,,,,,,,,,,,,,,,4022.168212890625,,
2019-03-25,250.7230682373047,23.43398666381836,23.674291610717773,22.023250579833984,65.07840728759766,34.24162292480469,45.489112854003906,23.38827133178711,79.96296691894531,52.607295989990234,170.47291564941406,90.55776977539062,137.2821502685547,44.32098388671875,87.22164916992188,40.38631057739258,3963.070556640625,35.99932098388672,16.329999923706055
2019-03-26,252.59202575683594,23.57659149169922,24.014047622680664,22.285120010375977,65.51449584960938,34.42925262451172,45.87649917602539,23.556068420410156,80.51034545898438,52.832088470458984,171.26681518554688,91.31597900390625,138.72547912597656,44.51389694213867,88.93653869628906,41.3741340637207,3985.080810546875,36.109371185302734,14.680000305175781
2019-03-27,251.2711944580078,23.54633903503418,23.844173431396484,22.189104080200195,65.58572387695312,34.23225021362305,45.71990203857422,23.39226722717285,79.83935546875,52.724365234375,170.16680908203125,91.01622772216797,138.1865234375,44.03162384033203,86.99365234375,41.463932037353516,4087.066162109375,35.720008850097656,15.149999618530273
2019-03-28,252.2236328125,23.77536392211914,23.934534072875977,22.381135940551758,66.06635284423828,34.372955322265625,45.94244384765625,23.11659049987793,80.04241180419922,53.042823791503906,170.55897521972656,91.52754974365234,139.4197540283203,44.50424575805664,88.11378479003906,42.010894775390625,4069.107177734375,35.957000732421875,14.430000305175781
2019-03-29,253.81396484375,23.98278045654297,23.89838981628418,22.442241668701172,66.77835083007812,34.710697174072266,46.24740219116211,23.240446090698242,81.0047607421875,53.31914520263672,171.8502960205078,92.07414245605469,139.84909057617188,45.073333740234375,89.7493667602539,41.912933349609375,4098.37451171875,36.329437255859375,13.710000038146973
2019-03-30,,,,,,,,,,,,,,,,,4106.66015625,,
2019-03-31,,,,,,,,,,,,,,,,,4105.404296875,,
2019-04-01,256.823974609375,24.341445922851562,24.212839126586914,22.99216651916504,68.15787506103516,35.18444061279297,46.090797424316406,23.080636978149414,81.12834930419922,53.90454864501953,174.12684631347656,93.24665069580078,141.37461853027344,45.748512268066406,89.6403579711914,43.12934875488281,4158.18310546875,36.930419921875,13.399999618530273
2019-04-02,256.9498291015625,24.423542022705078,24.046573638916016,22.974712371826172,68.13121032714844,35.306396484375,45.711647033691406,23.112592697143555,80.94293975830078,53.89518737792969,174.78684997558594,93.17613983154297,141.00927734375,46.11503982543945,90.92899322509766,43.12934875488281,4879.8779296875,36.811912536621094,13.359999656677246
2019-04-03,257.35406494140625,24.743314743041992,23.81525230407715,23.04454231262207,67.92648315429688,35.592525482177734,45.489112854003906,23.076637268066406,80.83698272705078,54.27452850341797,175.7912139892578,93.43180847167969,141.74008178710938,47.05065155029297,91.8707046508789,43.2273063659668,4973.02197265625,37.065853118896484,13.739999771118164
2019-04-04,258.0369873046875,24.993947982788086,24.014047622680664,23.184206008911133,68.34477996826172,35.442440032958984,45.662200927734375,22.996732711791992,80.66926574707031,54.714759826660156,175.72427368164062,93.74036407470703,142.434326171875,46.423702239990234,91.10741424560547,43.83960723876953,4922.798828125,37.29438400268555,13.579999923706055
2019-04-05,259.2859191894531,24.985307693481445,24.436931610107422,23.21912384033203,68.54058074951172,35.611297607421875,45.81880569458008,23.212480545043945,81.22547149658203,55.03791427612305,176.6329345703125,94.34867095947266,143.76806640625,47.17604064941406,92.98091888427734,44.035526275634766,5036.68115234375,37.582176208496094,12.819999694824219
2019-04-06,,,,,,,,,,,,,,,,,5059.8173828125,,
2019-04-07,,,,,,,,,,,,,,,,,5198.89697265625,,
2019-04-08,259.4836120605469,24.993947982788086,24.545366287231445,23.245304107666016,68.24689483642578,35.74732208251953,46.00837707519531,23.048677444458008,81.20783233642578,55.23461151123047,177.08251953125,94.41036987304688,143.53053283691406,47.07958984375,92.35640716552734,44.035526275634766,5289.77099609375,37.582176208496094,13.180000305175781
2019-04-09,258.1537780761719,24.812456130981445,24.245370864868164,23.053266525268555,67.32127380371094,35.57846450805664,45.950687408447266,23.1046085357666,80.99591827392578,54.738182067871094,176.4607391357422,93.66981506347656,141.77659606933594,46.58767318725586,90.65142822265625,43.259971618652344,5204.95849609375,37.506004333496094,14.279999732971191
2019-04-10,259.03436279296875,24.799489974975586,24.335731506347656,23.12310028076172,67.303466796875,35.82706832885742,46.08255386352539,23.032695770263672,81.02239990234375,55.00043869018555,177.40774536132812,94.12824249267578,143.70411682128906,47.24356460571289,91.98965454101562,43.65999221801758,5324.5517578125,37.68375778198242,13.300000190734863
2019-04-11,258.96246337890625,24.786527633666992,24.35379981994629,23.262765884399414,67.88194274902344,35.780155181884766,46.173221588134766,23.1485538482666,80.02474212646484,55.0706901550293,176.9868621826172,94.25169372558594,143.52139282226562,46.63589859008789,90.0566635131836,43.84775924682617,5064.48779296875,37.27745056152344,13.020000457763672
2019-04-12,260.7145690917969,25.114938735961914,24.418859481811523,23.690486907958984,68.78089904785156,36.02876281738281,46.32158660888672,23.256425857543945,79.29196166992188,55.412567138671875,177.7520751953125,95.00985717773438,144.04208374023438,46.74199676513672,89.11498260498047,44.77027130126953,5089.5390625,37.54832458496094,12.010000228881836
2019-04-13,,,,,,,,,,,,,,,,,5096.58642578125,,
2019-04-14,,,,,,,,,,,,,,,,,5167.72216796875,,
2019-04-15,260.5438537597656,24.998266220092773,24.274282455444336,23.542095184326172,68.39820098876953,36.014686584472656,46.593589782714844,23.2524356842041,79.60979461669922,55.524959564208984,177.78074645996094,94.74537658691406,143.5762176513672,46.25008010864258,88.32194519042969,44.02737045288086,5067.1083984375,37.353633880615234,12.319999694824219
2019-04-16,260.7145690917969,25.11062240600586,24.43332290649414,23.873798370361328,68.81649780273438,36.1976203918457,46.60183334350586,22.964771270751953,77.97643280029297,55.76850509643555,178.39297485351562,94.7806396484375,143.91415405273438,46.56837463378906,88.21290588378906,44.85190200805664,5235.5595703125,37.632972717285156,12.180000305175781
2019-04-17,260.0766296386719,24.955059051513672,24.400793075561523,23.93489646911621,68.9054946899414,36.399322509765625,46.83260726928711,22.876873016357422,75.73391723632812,55.876224517822266,179.0147247314453,94.22525024414062,142.59881591796875,45.38198471069336,84.0892562866211,44.86823272705078,5251.93798828125,37.74300765991211,12.600000381469727
2019-04-18,260.5888366699219,24.985307693481445,24.285123825073242,23.865066528320312,69.69762420654297,36.50251388549805,46.87381362915039,22.888864517211914,75.85755157470703,55.85748291015625,179.2442626953125,94.4456558227539,142.17855834960938,45.420570373535156,83.89099884033203,44.313087463378906,5298.3857421875,37.71761703491211,12.09000015258789
2019-04-19,,,,,,,,,,,,,,,,,5303.8125,,
2019-04-20,,,,,,,,,,,,,,,,,5337.88623046875,,
2019-04-21,,,,,,,,,,,,,,,,,5314.53125,,
2019-04-22,260.8134460449219,24.816774368286133,24.798376083374023,23.79524040222168,69.48402404785156,36.58694839477539,46.89030456542969,22.86888313293457,75.90169525146484,55.64673614501953,179.75119018554688,94.20759582519531,141.8040008544922,45.57489776611328,83.78193664550781,43.94572067260742,5399.365234375,37.472137451171875,12.420000076293945
2019-04-23,263.1585388183594,24.92912483215332,24.758609771728516,23.943626403808594,70.08921813964844,36.98565673828125,46.741939544677734,22.93280792236328,77.10240173339844,56.3117561340332,182.037353515625,95.08039855957031,143.94161987304688,46.71306228637695,86.16097259521484,44.88456344604492,5572.3623046875,37.556793212890625,12.279999732971191
2019-04-24,262.57452392578125,24.773563385009766,24.32488441467285,23.917444229125977,69.8844985961914,36.999717712402344,46.84084701538086,23.080636978149414,77.01412200927734,56.3632698059082,181.46343994140625,95.0539321899414,144.3892822265625,46.30794906616211,85.11024475097656,44.88456344604492,5464.86669921875,37.04892349243164,13.140000343322754
2019-04-25,262.4127502441406,24.458114624023438,24.24898338317871,23.961088180541992,68.47827911376953,36.99033737182617,46.544124603271484,23.17652130126953,77.80870056152344,56.06822967529297,182.19996643066406,94.49855041503906,143.1925506591797,45.89319610595703,85.4968490600586,44.71311569213867,5210.515625,36.998130798339844,13.25
2019-04-26,263.634765625,24.661211013793945,23.934534072875977,24.179311752319336,68.99449920654297,36.84962844848633,46.9644775390625,23.212480545043945,78.58566284179688,56.51313400268555,182.36257934570312,95.0715560913086,144.58108520507812,45.999298095703125,86.47821044921875,45.1702995300293,5279.34814453125,37.14202880859375,12.729999542236328
2019-04-27,,,,,,,,,,,,,,,,,5268.291015625,,
2019-04-28,,,,,,,,,,,,,,,,,5285.13916015625,,
2019-04-29,264.0480041503906,24.613679885864258,23.91284942626953,24.423721313476562,69.15469360351562,36.8589973449707,47.02219009399414,23.076637268066406,78.44438171386719,56.316444396972656,182.71644592285156,95.06275939941406,145.27537536621094,46.09575271606445,85.92308044433594,45.766258239746094,5247.3525390625,37.21820831298828,13.109999656677246
2019-04-30,264.1829528808594,24.825420379638672,23.894771575927734,24.458642959594727,69.43063354492188,36.919986724853516,47.56616973876953,23.456192016601562,78.80635833740234,56.232139587402344,181.30081176757812,95.38013458251953,144.599365234375,45.545963287353516,84.45600891113281,45.55399703979492,5350.7265625,37.18434524536133,13.119999885559082
2019-05-01,262.1971130371094,24.376014709472656,23.417675018310547,24.25787353515625,68.97669982910156,36.826175689697266,46.98096466064453,23.216474533081055,78.66510009765625,55.54838943481445,180.71734619140625,94.41917419433594,143.2290802001953,45.121559143066406,82.90962982177734,44.99884796142578,5402.697265625,36.90502166748047,14.800000190734863
2019-05-02,261.631103515625,24.25069808959961,23.009246826171875,24.284059524536133,68.94109344482422,36.63385772705078,46.9644775390625,23.164533615112305,79.00059509277344,55.59054946899414,179.93296813964844,94.4280014038086,143.89596557617188,45.34340286254883,83.84143829345703,45.578487396240234,5505.28369140625,36.98967361450195,14.420000076293945
2019-05-03,264.1918640136719,24.48836898803711,23.222492218017578,24.502283096313477,69.77772521972656,36.98095703125,47.31889343261719,23.29238510131836,79.6009521484375,56.246192932128906,182.8026123046875,95.27435302734375,146.6455841064453,46.674476623535156,85.45719146728516,46.23976516723633,5768.28955078125,37.4298210144043,12.869999885559082
2019-05-04,,,,,,,,,,,,,,,,,5831.16748046875,,
2019-05-05,,,,,,,,,,,,,,,,,5795.70849609375,,
2019-05-06,263.1047058105469,24.138343811035156,23.24418067932129,24.336437225341797,69.11021423339844,36.69483184814453,47.244728088378906,23.164533615112305,80.00709533691406,55.90431213378906,181.68345642089844,94.82471466064453,146.81002807617188,47.089237213134766,86.89453125,46.166282653808594,5746.80712890625,36.65955352783203,15.4399995803833
2019-05-07,258.7109375,23.71486473083496,23.041776657104492,23.93489646911621,67.71286010742188,35.90679931640625,46.774906158447266,23.09261703491211,78.47086334228516,55.056644439697266,178.14427185058594,93.299560546875,143.9050750732422,45.62311935424805,84.02976989746094,45.35807418823242,5829.50146484375,35.940067291259766,19.31999969482422
2019-05-08,258.3515319824219,23.693262100219727,23.041776657104492,23.882524490356445,67.71286010742188,35.86457824707031,46.76667404174805,22.77699851989746,78.63863372802734,55.07536697387695,177.69468688964844,93.14971923828125,143.20167541503906,44.78396987915039,83.752197265625,44.86823272705078,5982.45751953125,35.889286041259766,19.399999618530273
2019-05-09,257.56976318359375,23.507448196411133,23.041776657104492,23.830156326293945,67.61497497558594,35.62067794799805,46.66777038574219,22.749027252197266,78.47086334228516,54.850582122802734,176.73818969726562,93.03507232666016,142.68099975585938,44.39814758300781,83.58369445800781,44.85190200805664,6174.52880859375,35.322166442871094,19.100000381469727
2019-05-10,258.8636169433594,23.82721519470215,23.150209426879883,23.98727035522461,67.88194274902344,35.73324203491211,47.23648452758789,23.156545639038086,78.49736785888672,54.930198669433594,176.9581756591797,93.44062805175781,143.0737762451172,44.60070037841797,83.18717956542969,44.97435760498047,6378.84912109375,35.53377151489258,16.040000915527344
2019-05-11,,,,,,,,,,,,,,,,,7204.771484375,,
2019-05-12,,,,,,,,,,,,,,,,,6972.37158203125,,
2019-05-13,252.3582763671875,23.291385650634766,22.75262451171875,23.28895378112793,65.95064544677734,34.38704299926758,46.7913932800293,23.404254913330078,77.0229263305664,53.29571533203125,170.81724548339844,91.11320495605469,138.515380859375,42.1411018371582,79.70784759521484,43.137516021728516,7814.9150390625,34.3487548828125,20.549999237060547
2019-05-14,254.64064025878906,23.49015998840332,23.030925750732422,23.472265243530273,66.63597106933594,34.94053268432617,47.013938903808594,23.248437881469727,77.41142272949219,53.83429718017578,172.6920166015625,92.01242065429688,140.26014709472656,42.951324462890625,81.05596160888672,43.75796127319336,7994.416015625,34.83122634887695,18.059999465942383
2019-05-15,256.1321716308594,23.429662704467773,23.150209426879883,23.384971618652344,66.72494506835938,35.320472717285156,47.38483810424805,23.208486557006836,77.6409683227539,54.1995964050293,175.13124084472656,92.30335998535156,140.71693420410156,43.4721794128418,81.73992919921875,43.21099090576172,8205.16796875,34.89895248413086,16.440000534057617
2019-05-16,258.5041809082031,23.758075714111328,23.276716232299805,23.620655059814453,67.33908081054688,35.64413070678711,47.7557373046875,23.364301681518555,78.25013732910156,54.70071029663086,176.89122009277344,92.92930603027344,141.5938720703125,43.67473220825195,82.76094818115234,43.67632293701172,7884.9091796875,34.72966003417969,15.289999961853027
2019-05-17,256.83294677734375,23.615478515625,23.041776657104492,23.46353530883789,66.59144592285156,35.35800552368164,47.599143981933594,23.48415756225586,78.08240509033203,54.283905029296875,175.08335876464844,92.31217193603516,139.62074279785156,42.40153121948242,81.83908081054688,43.30895233154297,7343.8955078125,34.10329055786133,15.960000038146973
2019-05-18,,,,,,,,,,,,,,,,,7271.2080078125,,
2019-05-19,,,,,,,,,,,,,,,,,8197.689453125,,
2019-05-20,255.13475036621094,23.278423309326172,23.0526180267334,23.489723205566406,66.42234802246094,34.7435188293457,47.483741760253906,23.51612091064453,78.04708099365234,53.899871826171875,172.12771606445312,91.73033142089844,138.65240478515625,41.408050537109375,80.06468200683594,43.529380798339844,7978.30908203125,33.959388732910156,16.309999465942383
2019-05-21,257.43499755859375,23.6370849609375,23.32008171081543,23.7341365814209,67.2055435180664,35.17037582397461,47.38483810424805,23.560068130493164,78.77987670898438,54.27452850341797,173.92596435546875,92.71770477294922,140.5159912109375,42.343658447265625,82.5428695678711,43.83143997192383,7963.32763671875,34.391082763671875,14.949999809265137
2019-05-22,256.6443176269531,23.472875595092773,22.95864486694336,23.594465255737305,66.65375518798828,34.98743438720703,47.599143981933594,23.735855102539062,79.23014831542969,53.717220306396484,173.15121459960938,92.25045776367188,139.33753967285156,41.69741439819336,81.95801544189453,43.34160232543945,7680.06640625,34.22178268432617,14.75
2019-05-23,253.5084228515625,23.114213943481445,22.18877601623535,23.262765884399414,65.63912200927734,34.372955322265625,47.582664489746094,23.939617156982422,78.95645904541016,53.05220413208008,170.50160217285156,91.09557342529297,136.4691162109375,40.54960250854492,81.13526153564453,42.34563064575195,7881.8466796875,33.781639099121094,16.920000076293945
2019-05-24,254.08355712890625,23.24385643005371,22.27191162109375,23.446077346801758,65.66581726074219,34.382347106933594,47.409568786621094,23.903654098510742,79.07125854492188,53.12245178222656,170.41551208496094,91.2630615234375,137.74798583984375,40.646053314208984,82.18600463867188,42.92525863647461,7987.37158203125,33.815494537353516,15.850000381469727
2019-05-25,,,,,,,,,,,,,,,,,8052.5439453125,,
2019-05-26,,,,,,,,,,,,,,,,,8673.2158203125,,
2019-05-27,,,,,,,,,,,,,,,,,8805.7783203125,,
2019-05-28,251.7204132080078,23.010501861572266,22.04058837890625,23.175474166870117,65.06057739257812,34.28384017944336,46.63479232788086,23.512123107910156,77.9411392211914,52.77120590209961,169.774658203125,90.26686096191406,136.6517791748047,40.40491485595703,81.31369018554688,42.34563064575195,8719.9619140625,33.933998107910156,17.5
2019-05-29,250.03115844726562,23.014827728271484,21.899629592895508,23.131832122802734,64.76691436767578,34.0821418762207,46.296852111816406,23.200496673583984,77.19068908691406,52.30287170410156,168.3780975341797,89.64973449707031,135.50991821289062,40.04803466796875,80.5603256225586,42.59870147705078,8659.4873046875,34.154075622558594,17.899999618530273
2019-05-30,250.7140655517578,23.05371856689453,21.621315002441406,23.053266525268555,65.01611328125,34.293216705322266,46.494667053222656,23.164533615112305,77.61449432373047,52.644752502441406,169.08595275878906,89.790771484375,135.1353759765625,40.327754974365234,80.12417602539062,41.872135162353516,8319.47265625,34.34029006958008,17.299999237060547
2019-05-31,247.33563232421875,22.794448852539062,21.24180793762207,22.704111099243164,64.12606811523438,33.72096252441406,45.835289001464844,23.27240753173828,77.05825805664062,51.9563102722168,166.38853454589844,88.76814270019531,133.24444580078125,39.28604507446289,78.7463150024414,40.99860382080078,8574.501953125,34.45879364013672,18.709999084472656
2019-06-01,,,,,,,,,,,,,,,,,8564.0166015625,,
2019-06-02,,,,,,,,,,,,,,,,,8742.9580078125,,
2019-06-03,246.70669555664062,23.511762619018555,21.512889862060547,22.85250473022461,64.5622329711914,33.12993240356445,46.412254333496094,23.504135131835938,77.24366760253906,51.520751953125,162.72496032714844,89.27947998046875,133.7102813720703,38.716957092285156,79.65829467773438,41.463932037353516,8208.9951171875,34.77198028564453,18.860000610351562
2019-06-04,252.0618438720703,24.172914505004883,21.885169982910156,23.472265243530273,66.1019287109375,34.2369499206543,46.83260726928711,23.52410888671875,78.5238265991211,52.916385650634766,167.30677795410156,91.28069305419922,137.1725311279297,40.31810760498047,81.8192367553711,42.933414459228516,7707.77099609375,34.84815216064453,16.969999313354492
2019-06-05,254.24517822265625,24.350080490112305,21.64300537109375,23.620655059814453,66.74275970458984,34.682552337646484,47.368350982666016,24.027511596679688,79.11537170410156,53.17864227294922,168.55029296875,92.00360107421875,137.19993591308594,40.61711883544922,81.89855194091797,42.72931671142578,7824.2314453125,34.56882858276367,16.09000015258789
2019-06-06,255.8986053466797,24.639610290527344,22.04420280456543,23.70795249938965,66.85844421386719,35.08594512939453,47.86288833618164,24.175338745117188,79.52152252197266,53.45026397705078,169.88937377929688,92.46205139160156,136.84365844726562,40.636409759521484,80.64952850341797,42.61501693725586,7822.0234375,34.58576583862305,15.930000305175781
2019-06-07,258.4593505859375,24.859987258911133,22.145408630371094,23.67303466796875,67.39244842529297,35.737945556640625,48.324462890625,23.995553970336914,80.35140991210938,54.223018646240234,173.17031860351562,93.06151580810547,137.8119659423828,41.67811965942383,82.11661529541016,42.32928466796875,8043.951171875,34.85662841796875,16.299999237060547
2019-06-08,,,,,,,,,,,,,,,,,7954.1279296875,,
2019-06-09,,,,,,,,,,,,,,,,,7688.0771484375,,
2019-06-10,259.6453552246094,24.903200149536133,22.210468292236328,23.873798370361328,67.48147583007812,36.10380935668945,48.3409538269043,23.831743240356445,80.58979034423828,54.68197250366211,175.1885986328125,93.35245513916016,138.62498474121094,42.073585510253906,81.37318420410156,42.68850326538086,8000.32958984375,35.22059631347656,15.9399995803833
2019-06-11,259.5824890136719,24.88591766357422,22.25383949279785,23.882524490356445,66.90294647216797,36.10380935668945,48.497535705566406,23.68791389465332,80.45736694335938,54.89270782470703,175.42770385742188,93.25544738769531,138.21392822265625,41.764930725097656,80.47110748291016,42.917091369628906,7927.71435546875,35.6184196472168,15.989999771118164
2019-06-12,259.1241455078125,24.968015670776367,21.93938446044922,23.646841049194336,67.04534149169922,35.90211486816406,48.57172393798828,23.995553970336914,80.8458023071289,54.87868118286133,174.41375732421875,93.14087677001953,138.36924743652344,41.6202507019043,81.00640869140625,42.67217254638672,8145.857421875,35.237525939941406,15.90999984741211
2019-06-13,260.19342041015625,25.114938735961914,22.196006774902344,23.725404739379883,67.38357543945312,36.00999069213867,48.67887878417969,24.043493270874023,80.74870300292969,55.37042999267578,175.4468536376953,93.68746948242188,139.830810546875,42.1314582824707,82.2950439453125,42.80279541015625,8230.923828125,35.17827224731445,15.819999694824219
2019-06-14,259.9059143066406,25.00690460205078,22.05143165588379,23.77777671813965,67.11656951904297,35.69572830200195,48.703609466552734,24.29520034790039,80.56330871582031,55.4921760559082,174.7007598876953,93.43180847167969,138.6067352294922,41.5430908203125,80.77839660644531,42.917091369628906,8693.8330078125,34.78890609741211,15.279999732971191
2019-06-15,,,,,,,,,,,,,,,,,8838.375,,
2019-06-16,,,,,,,,,,,,,,,,,8994.48828125,,
2019-06-17,260.0047912597656,24.777889251708984,22.235763549804688,23.559553146362305,66.88516235351562,35.72386932373047,48.56348419189453,24.227277755737305,80.92527770996094,55.51559829711914,175.75296020507812,93.28192138671875,139.5628662109375,42.83557891845703,84.60472106933594,42.33745574951172,9320.3525390625,34.926231384277344,15.350000381469727
2019-06-18,262.727294921875,24.972341537475586,22.542985916137695,23.873798370361328,68.18460083007812,36.37116622924805,48.29973602294922,24.127389907836914,81.61394500732422,55.93709945678711,178.306884765625,94.19879150390625,141.1855010986328,43.51075744628906,86.20065307617188,43.05587387084961,9081.7626953125,35.77059555053711,15.149999618530273
2019-06-19,263.3202819824219,24.834060668945312,22.517688751220703,23.830156326293945,68.13121032714844,36.50251388549805,48.497535705566406,24.311176300048828,82.34673309326172,56.040130615234375,178.97647094726562,94.54263305664062,141.689697265625,43.665096282958984,86.23038482666016,42.72931671142578,9273.521484375,36.06911087036133,14.329999923706055
2019-06-20,265.8361511230469,25.149511337280273,23.0164737701416,23.93489646911621,69.2704086303711,37.03724670410156,48.9261474609375,24.466991424560547,82.70873260498047,56.428836822509766,180.6408233642578,95.37133026123047,142.35882568359375,43.72296142578125,86.21054077148438,42.851776123046875,9527.16015625,36.5979118347168,14.75
2019-06-21,265.4497375488281,25.069522857666016,23.182796478271484,23.881380081176758,68.90122985839844,36.862125396728516,48.76751708984375,24.561630249023438,83.10594940185547,56.167537689208984,180.3729705810547,95.15090942382812,141.13046264648438,43.82905960083008,86.49801635742188,42.77947235107422,10144.556640625,36.4785041809082,15.399999618530273
2019-06-22,,,,,,,,,,,,,,,,,10701.69140625,,
2019-06-23,,,,,,,,,,,,,,,,,10855.37109375,,
2019-06-24,265.124755859375,25.165164947509766,22.974891662597656,23.784879684448242,68.76714324951172,36.9327507019043,48.89209747314453,24.569683074951172,82.6715087890625,55.86678695678711,180.37872314453125,94.7435302734375,139.4161834716797,43.20210647583008,83.99011993408203,42.38512420654297,11011.1025390625,36.42732238769531,15.260000228881836
2019-06-25,262.52435302734375,25.17820167541504,22.792526245117188,23.705915451049805,68.2486801147461,36.254920959472656,48.86717987060547,24.420679092407227,82.33455657958984,55.331050872802734,177.2823028564453,94.16787719726562,138.56361389160156,42.88380813598633,83.67291259765625,42.409759521484375,11790.9169921875,36.05205154418945,16.280000686645508
2019-06-26,262.26251220703125,25.134729385375977,23.14267349243164,23.662046432495117,68.41852569580078,36.64561080932617,48.1695442199707,23.88909339904785,81.29716491699219,55.50963592529297,178.1067657470703,94.00847625732422,138.24278259277344,43.10565185546875,83.0682373046875,42.598724365234375,13016.2314453125,36.39320373535156,16.209999084472656
2019-06-27,263.1924743652344,25.217323303222656,22.97125244140625,23.872604370117188,68.48111724853516,36.73975372314453,48.26091003417969,23.92131996154785,81.86463165283203,55.857391357421875,178.78738403320312,94.60184478759766,140.8370819091797,44.19559097290039,85.19945526123047,43.23955535888672,11182.806640625,36.649078369140625,15.819999694824219
2019-06-28,264.54681396484375,25.430330276489258,23.237504959106445,24.21477508544922,69.20513916015625,36.73503112792969,48.227691650390625,24.01393699645996,82.13949584960938,56.017154693603516,179.01748657226562,95.46975708007812,142.55137634277344,46.279014587402344,86.94409942626953,43.89682388305664,12407.33203125,36.5979118347168,15.079999923706055
2019-06-29,,,,,,,,,,,,,,,,,11959.37109375,,
2019-06-30,,,,,,,,,,,,,,,,,10817.1552734375,,
2019-07-01,266.948486328125,25.625946044921875,23.25939178466797,24.504301071166992,69.26774597167969,37.31874465942383,48.518367767333984,23.953529357910156,82.5473403930664,56.5106086730957,181.43321228027344,96.15166473388672,143.1014862060547,46.22114181518555,87.47937774658203,44.1761589050293,10583.134765625,37.03289031982422,14.0600004196167
2019-07-02,267.6437072753906,25.599868774414062,22.88735580444336,24.44288444519043,69.17835235595703,37.417598724365234,48.94192123413086,24.27972984313965,82.99068450927734,56.63279724121094,182.15225219726562,96.04540252685547,142.23057556152344,45.75815963745117,86.8548812866211,43.52711868286133,10801.677734375,36.939064025878906,12.930000305175781
2019-07-03,269.7835693359375,25.730281829833984,22.97854232788086,24.635896682739258,69.56270599365234,37.704734802246094,49.54819107055664,24.448871612548828,83.69998931884766,57.12622833251953,183.52310180664062,96.92216491699219,143.24807739257812,46.356178283691406,88.11378479003906,43.91325378417969,11961.26953125,36.8708381652832,12.569999694824219
2019-07-04,,,,,,,,,,,,,,,,,11215.4375,,
2019-07-05,269.47662353515625,25.61290740966797,23.01137351989746,24.706090927124023,69.28559112548828,37.634124755859375,49.33226776123047,24.43678855895996,83.12367248535156,57.19202423095703,183.1492462158203,96.79816436767578,143.6331329345703,46.10539627075195,86.4484634399414,44.430850982666016,10978.4599609375,36.614967346191406,13.279999732971191
2019-07-06,,,,,,,,,,,,,,,,,11208.55078125,,
2019-07-07,,,,,,,,,,,,,,,,,11450.8466796875,,
2019-07-08,267.9958801269531,25.317312240600586,23.044191360473633,24.583263397216797,68.71350860595703,37.346988677978516,49.39870071411133,24.47303581237793,82.50301361083984,57.26252365112305,181.86463928222656,96.26679229736328,142.26724243164062,45.671348571777344,85.01112365722656,43.855743408203125,12285.9580078125,36.39320373535156,13.960000038146973
2019-07-09,268.3299560546875,25.069522857666016,23.06243133544922,24.627124786376953,68.56157684326172,37.478782653808594,49.1080207824707,24.5052490234375,82.58280944824219,57.32362747192383,182.77536010742188,96.23139190673828,142.45973205566406,46.5394401550293,86.22046661376953,44.06934356689453,12573.8125,36.2823371887207,14.09000015258789
2019-07-10,269.61199951171875,25.01736068725586,23.35787010192871,24.539390563964844,68.400634765625,37.77533721923828,49.423614501953125,24.561630249023438,82.8665542602539,57.530391693115234,184.5968017578125,96.3376235961914,142.70721435546875,46.85774612426758,86.37906646728516,43.56819152832031,12156.5126953125,36.58938217163086,13.029999732971191
2019-07-11,270.2440490722656,25.126035690307617,23.405282974243164,24.679771423339844,68.865478515625,37.91655731201172,49.54819107055664,24.569683074951172,82.88428497314453,57.64786911010742,184.46258544921875,96.53248596191406,142.01052856445312,46.886680603027344,85.18954467773438,43.91325378417969,11358.662109375,36.521148681640625,12.930000305175781
2019-07-12,271.45391845703125,25.37381935119629,23.503768920898438,24.846460342407227,70.07222747802734,38.194271087646484,49.68938064575195,24.408601760864258,81.96217346191406,58.31049728393555,185.5266571044922,97.1878433227539,143.110595703125,46.74199676513672,85.07061004638672,44.340476989746094,11815.986328125,36.546730041503906,12.390000343322754
2019-07-13,,,,,,,,,,,,,,,,,11392.37890625,,
2019-07-14,,,,,,,,,,,,,,,,,10256.05859375,,
2019-07-15,271.54425048828125,25.391206741333008,23.292217254638672,24.706090927124023,69.78619384765625,38.321380615234375,49.80564880371094,24.5052490234375,82.13949584960938,58.498470306396484,186.1210174560547,97.1081314086914,142.35882568359375,46.944549560546875,85.42745208740234,43.47780990600586,10895.08984375,36.68319320678711,12.680000305175781
2019-07-16,270.6684265136719,25.452058792114258,23.044191360473633,24.64467430114746,70.23313903808594,37.963626861572266,49.822265625,24.36429786682129,81.73162078857422,58.42327117919922,185.16236877441406,96.91329956054688,142.3130645751953,46.65518569946289,84.71375274658203,43.43673324584961,9477.6416015625,36.632022857666016,12.859999656677246
2019-07-17,268.8265380859375,25.22601890563965,22.781585693359375,24.434110641479492,68.73139953613281,37.86477279663086,49.76413345336914,24.456924438476562,81.7493667602539,57.86404037475586,184.2516326904297,96.10738372802734,141.29551696777344,46.877037048339844,84.79304504394531,43.108116149902344,9693.802734375,36.521148681640625,13.970000267028809
2019-07-18,269.8106384277344,25.334697723388672,22.785228729248047,24.618349075317383,68.85650634765625,38.14720916748047,50.09632873535156,24.670358657836914,82.21044158935547,57.78886032104492,184.46258544921875,96.4793472290039,141.82720947265625,47.09888458251953,86.03211212158203,43.461387634277344,10666.482421875,36.7429084777832,13.529999732971191
2019-07-19,268.3118896484375,25.391206741333008,22.89100456237793,24.513071060180664,69.23198699951172,37.98245620727539,49.78073501586914,24.31194496154785,81.35924530029297,57.408206939697266,183.11083984375,96.07196044921875,141.0113067626953,46.578025817871094,84.8624267578125,43.80644989013672,10530.732421875,36.55526351928711,14.449999809265137
2019-07-20,,,,,,,,,,,,,,,,,10767.1396484375,,
2019-07-21,,,,,,,,,,,,,,,,,10599.10546875,,
2019-07-22,268.9710388183594,25.32600212097168,22.996776580810547,24.56570816040039,69.28559112548828,38.420230865478516,49.49006652832031,24.25958824157715,81.19076538085938,57.44109344482422,184.56802368164062,96.09854888916016,140.8829803466797,47.0120735168457,85.14990234375,43.52711868286133,10343.1064453125,36.56379318237305,13.529999732971191
2019-07-23,270.8941955566406,25.847644805908203,23.058788299560547,24.820140838623047,70.1615982055664,38.632049560546875,49.84718322753906,24.10655975341797,81.69617462158203,57.83115005493164,185.77590942382812,96.9310073852539,141.81805419921875,47.16640090942383,84.5650405883789,43.9871940612793,9900.767578125,36.6064338684082,12.609999656677246
2019-07-24,272.1673278808594,25.83026123046875,23.157264709472656,25.074573516845703,70.4655532836914,38.95214080810547,49.514976501464844,24.126697540283203,81.7405014038086,58.12250900268555,187.0796356201172,97.5775146484375,144.1648712158203,48.150238037109375,85.32831573486328,45.03059768676758,9811.92578125,36.666133880615234,12.069999694824219
2019-07-25,270.8670349121094,25.643333435058594,22.8946533203125,24.89910316467285,70.32252502441406,38.79209899902344,49.58140563964844,24.0662899017334,81.34150695800781,57.798248291015625,185.3061981201172,96.94871520996094,142.4230499267578,46.54908752441406,83.3953628540039,44.72661590576172,9911.841796875,36.342037200927734,12.739999771118164
2019-07-26,272.681884765625,25.673765182495117,22.777935028076172,25.17108726501465,70.17057037353516,38.87681579589844,50.13786697387695,24.15488624572754,81.63409423828125,58.06141662597656,187.21389770507812,97.43579864501953,144.10987854003906,47.600440979003906,84.90206909179688,45.482460021972656,9870.3037109375,36.418800354003906,12.15999984741211
2019-07-27,,,,,,,,,,,,,,,,,9477.677734375,,
2019-07-28,,,,,,,,,,,,,,,,,9552.8603515625,,
2019-07-29,272.1852722167969,25.586822509765625,22.686752319335938,24.978057861328125,70.04541015625,38.85329055786133,50.22920608520508,24.27972984313965,81.97101593017578,57.779457092285156,186.571533203125,97.15241241455078,143.1472930908203,47.38824462890625,84.71375274658203,44.997737884521484,9519.1455078125,36.35056686401367,12.829999923706055
2019-07-30,271.51715087890625,25.756359100341797,22.94207000732422,24.907882690429688,70.34934997558594,38.60380172729492,50.37870407104492,24.094472885131836,81.61638641357422,57.389408111572266,185.7662811279297,97.2409896850586,144.69654846191406,47.85123062133789,85.99248504638672,45.5235481262207,9607.423828125,36.06911087036133,13.9399995803833
2019-07-31,268.5466613769531,25.36077308654785,22.869121551513672,24.785051345825195,69.56270599365234,38.02009963989258,49.35717010498047,23.981714248657227,80.80952453613281,56.731483459472656,183.1971893310547,96.27566528320312,143.52313232421875,46.74199676513672,84.93182373046875,45.30171585083008,10085.6279296875,35.6255989074707,16.1200008392334
2019-08-01,266.2080993652344,25.217323303222656,22.351192474365234,24.223548889160156,68.21292877197266,37.82712173461914,49.18277359008789,24.227375030517578,80.91590881347656,55.96078872680664,182.28648376464844,95.04466247558594,141.4421844482422,46.028236389160156,85.15980529785156,43.41209030151367,10399.6689453125,34.926231384277344,17.8700008392334
2019-08-02,264.2037658691406,24.921724319458008,22.03022003173828,24.21477508544922,67.77494812011719,37.21046829223633,49.19107437133789,24.223350524902344,80.7297134399414,55.5002326965332,179.60226440429688,94.28301239013672,139.87452697753906,44.484954833984375,83.28630828857422,43.03417205810547,10518.1748046875,34.58507537841797,17.610000610351562
2019-08-03,,,,,,,,,,,,,,,,,10821.7265625,,
2019-08-04,,,,,,,,,,,,,,,,,10970.1845703125,,
2019-08-05,256.25836181640625,24.45224380493164,21.37369155883789,23.40761375427246,65.89774322509766,35.6570930480957,47.91209030151367,23.877012252807617,78.83226013183594,54.01050567626953,173.2560577392578,91.60842895507812,135.6759796142578,42.59444046020508,80.58015441894531,41.629276275634766,11805.6533203125,33.305721282958984,24.59000015258789
2019-08-06,259.85174560546875,24.482669830322266,21.34815788269043,23.784879684448242,66.88998413085938,36.25020217895508,48.34395217895508,24.17502212524414,79.85192108154297,54.83292007446289,175.68133544921875,92.62689208984375,136.92269897460938,42.980262756347656,82.35452270507812,41.98255157470703,11478.1689453125,33.78334426879883,20.170000076293945
2019-08-07,260.0052795410156,24.821744918823242,21.18767547607422,23.469026565551758,66.85421752929688,36.47613525390625,48.90869903564453,24.235429763793945,79.87850952148438,55.053794860839844,176.63043212890625,92.75090026855469,136.88604736328125,43.53005599975586,82.60234832763672,41.42387390136719,11941.96875,33.93686294555664,19.489999771118164
2019-08-08,265.1066589355469,25.295574188232422,21.796783447265625,23.916479110717773,67.98946380615234,37.37051773071289,49.53989791870117,24.4851131439209,80.9425048828125,56.11586380004883,180.47462463378906,94.42471313476562,139.837890625,44.26310729980469,84.05950927734375,42.20437240600586,11966.4072265625,34.35477828979492,16.90999984741211
2019-08-09,263.30084228515625,25.095609664916992,21.556058883666992,23.837514877319336,67.41737365722656,36.94687271118164,49.26581573486328,24.513303756713867,81.0400390625,55.58951950073242,178.77783203125,93.55680847167969,138.0778045654297,43.665096282958984,83.29621887207031,42.048282623291016,11862.9365234375,34.005088806152344,17.969999313354492
2019-08-10,,,,,,,,,,,,,,,,,11354.0244140625,,
2019-08-11,,,,,,,,,,,,,,,,,11523.5791015625,,
2019-08-12,260.0956115722656,24.704376220703125,21.30074691772461,23.38129234313965,66.48773956298828,36.46202850341797,48.93361282348633,24.46497917175293,80.25094604492188,54.781227111816406,176.7262725830078,92.3612289428711,136.2901611328125,42.762271881103516,81.74986267089844,41.20205307006836,11382.6162109375,33.595703125,21.09000015258789
2019-08-13,264.1404724121094,24.96954345703125,21.497699737548828,23.670818328857422,67.28327941894531,37.37522888183594,49.49006652832031,24.48108673095703,81.29716491699219,55.68352127075195,180.59927368164062,93.55680847167969,137.75689697265625,43.62650680541992,82.87989807128906,41.60462188720703,10895.830078125,34.02215576171875,17.520000457763672
2019-08-14,256.3305358886719,24.178375244140625,20.655153274536133,22.79347038269043,65.22732543945312,36.226661682128906,48.70937728881836,24.27972984313965,79.03620147705078,53.94002151489258,175.2020721435547,90.6874008178711,133.9066925048828,42.09287643432617,80.54049682617188,40.273677825927734,10051.7041015625,33.04132080078125,22.100000381469727
2019-08-15,257.00775146484375,24.187070846557617,20.527494430541992,22.90752410888672,65.15580749511719,36.1607666015625,49.44022750854492,24.59385108947754,79.31108856201172,53.85073471069336,175.00074768066406,90.71395874023438,133.37496948242188,42.015716552734375,79.6285400390625,39.953250885009766,10311.5458984375,33.263065338134766,21.18000030517578
2019-08-16,260.7998046875,24.613082885742188,20.797407150268555,23.311107635498047,66.41622161865234,36.8480224609375,50.004981994628906,24.71868896484375,80.28638458251953,54.461666107177734,177.80955505371094,92.18408966064453,136.2534637451172,43.10565185546875,81.73992919921875,41.07059860229492,10374.3388671875,33.72364044189453,18.469999313354492
2019-08-17,,,,,,,,,,,,,,,,,10231.744140625,,
2019-08-18,,,,,,,,,,,,,,,,,10345.810546875,,
2019-08-19,263.9418640136719,24.80870246887207,21.25697135925293,23.547990798950195,67.04193878173828,37.40816116333008,50.50327682495117,24.875747680664062,81.05778503417969,55.14778518676758,180.63758850097656,93.24683380126953,137.62860107421875,43.93516159057617,82.66180419921875,41.48960494995117,10916.0537109375,33.86009979248047,16.8799991607666
2019-08-20,261.91943359375,24.517452239990234,21.0782527923584,23.232147216796875,66.64862060546875,37.21989059448242,49.95515060424805,24.835474014282227,80.36620330810547,55.161865234375,179.23800659179688,92.49405670166016,136.7301788330078,43.65544128417969,81.74986267089844,40.906272888183594,10763.232421875,33.92833709716797,17.5
2019-08-21,264.05029296875,24.643512725830078,21.21320343017578,23.33742904663086,67.05980682373047,37.65766525268555,50.08802795410156,25.000591278076172,80.96025085449219,56.22395324707031,180.82933044433594,93.24683380126953,137.85775756835938,44.041259765625,82.53296661376953,41.13632583618164,10138.0498046875,34.25243377685547,15.800000190734863
2019-08-22,263.968994140625,24.47832489013672,21.118377685546875,23.495349884033203,67.15815734863281,37.568214416503906,50.35379409790039,25.024749755859375,80.56124877929688,56.2380485534668,180.24452209472656,93.30883026123047,137.53689575195312,43.395023345947266,80.90728759765625,41.29242706298828,10131.0556640625,33.808921813964844,16.68000030517578
2019-08-23,257.18829345703125,23.887123107910156,20.410776138305664,22.89875030517578,65.36141967773438,36.32551574707031,49.514976501464844,24.75895881652832,78.69928741455078,54.743629455566406,174.54061889648438,90.7848129272461,133.31993103027344,41.96748733520508,78.7463150024414,39.96147918701172,10407.96484375,33.305721282958984,19.8700008392334
2019-08-24,,,,,,,,,,,,,,,,,10159.9609375,,
2019-08-25,,,,,,,,,,,,,,,,,10138.517578125,,
2019-08-26,260.0323791503906,23.965377807617188,20.498315811157227,23.118091583251953,65.8441390991211,36.829193115234375,50.12956619262695,25.04488754272461,79.52385711669922,55.2840576171875,177.1768798828125,91.58187866210938,134.78668212890625,42.23755645751953,79.49967193603516,40.331180572509766,10370.8203125,33.48482894897461,19.31999969482422
2019-08-27,259.0121154785156,23.982755661010742,20.37066078186035,22.97771453857422,65.50447082519531,36.772708892822266,49.98836898803711,25.08918571472168,79.05394744873047,55.011478424072266,176.802978515625,91.06822967529297,132.78823852539062,41.591312408447266,78.2308578491211,39.6246223449707,10185.5,33.544532775878906,20.309999465942383
2019-08-28,260.8359375,24.169681549072266,20.662452697753906,23.18828010559082,66.30894470214844,36.80565643310547,50.470062255859375,25.020721435546875,79.6302490234375,55.697608947753906,177.4357147216797,91.85639190673828,134.3374786376953,41.84209442138672,79.36088562011719,40.22437286376953,9754.4228515625,33.63834762573242,19.350000381469727
2019-08-29,264.1676025390625,24.47832489013672,20.965181350708008,23.539216995239258,67.4441909790039,37.445831298828125,50.49496841430664,25.193889617919922,80.23318481445312,56.53411102294922,180.14865112304688,93.09627532958984,136.69351196289062,42.61373519897461,80.40172576904297,41.07883071899414,9510.2001953125,34.01362609863281,17.8799991607666
2019-08-30,264.05029296875,24.643512725830078,20.965181350708008,23.618175506591797,67.72129821777344,37.4364013671875,50.42853927612305,25.201942443847656,80.3307113647461,56.19575500488281,179.71725463867188,93.1317138671875,136.44601440429688,42.7487678527832,79.66819763183594,41.177406311035156,9598.173828125,34.27802658081055,18.979999542236328
2019-08-31,,,,,,,,,,,,,,,,,9630.6640625,,
2019-09-01,,,,,,,,,,,,,,,,,9757.970703125,,
2019-09-02,,,,,,,,,,,,,,,,,10346.7607421875,,
2019-09-03,262.50634765625,24.447895050048828,20.86305809020996,23.372512817382812,66.80057525634766,36.97981643676758,50.719215393066406,25.64896011352539,79.86079406738281,55.965476989746094,177.97251892089844,92.60919952392578,134.447509765625,41.73599624633789,77.9731216430664,40.21616744995117,10623.5400390625,34.06480026245117,19.65999984741211
2019-09-04,265.4858703613281,24.747844696044922,21.154850006103516,23.600629806518555,67.64978790283203,37.61058044433594,51.175994873046875,25.673128128051758,79.91397857666016,56.52000045776367,180.5417022705078,93.70734405517578,135.52923583984375,41.80351257324219,78.4786605834961,40.52836990356445,10594.4931640625,34.6362419128418,17.329999923706055
2019-09-05,268.8988037109375,24.786970138549805,21.41745948791504,24.083171844482422,68.865478515625,38.39668273925781,50.86040496826172,25.39525604248047,80.7031021118164,57.60087966918945,183.84902954101562,95.08007049560547,138.05027770996094,42.478694915771484,79.6384506225586,41.711421966552734,10575.533203125,35.02857208251953,16.270000457763672
2019-09-06,269.1064453125,24.882600784301758,21.530532836914062,24.074398040771484,69.0085220336914,38.363731384277344,51.02650451660156,25.294578552246094,80.92477416992188,57.74187469482422,183.6669158935547,95.31034088134766,137.41773986816406,42.382240295410156,78.77605438232422,41.47317123413086,10353.302734375,35.18210220336914,15.0
2019-09-07,,,,,,,,,,,,,,,,,10517.2548828125,,
2019-09-08,,,,,,,,,,,,,,,,,10441.2763671875,,
2019-09-09,269.24188232421875,24.752187728881836,21.960920333862305,24.44288444519043,69.214111328125,38.07659149169922,50.91023254394531,25.169727325439453,80.17999267578125,57.962730407714844,183.28343200683594,95.83284759521484,139.26036071777344,42.25685119628906,78.62735748291016,42.935585021972656,10334.974609375,35.29296875,15.270000457763672
2019-09-10,269.1787109375,24.995620727539062,22.219881057739258,24.53061866760254,69.8487548828125,37.88360595703125,50.594635009765625,25.201942443847656,80.41051483154297,57.732460021972656,182.75619506835938,96.27566528320312,141.03883361816406,42.77770233154297,81.01632690429688,43.74072265625,10115.9755859375,35.31855773925781,15.199999809265137
2019-09-11,271.09283447265625,25.234716415405273,22.241769790649414,24.670997619628906,70.50132751464844,38.279014587402344,50.77735137939453,25.45163345336914,81.20848083496094,57.84054946899414,184.47215270996094,97.0107192993164,143.92649841308594,43.92551803588867,82.65189361572266,44.26652526855469,10178.3720703125,35.56590270996094,14.609999656677246
2019-09-12,272.0318603515625,25.430330276489258,22.103168487548828,24.802597045898438,70.54600524902344,38.48613739013672,50.9849853515625,25.50801658630371,81.18190002441406,58.117820739746094,185.23907470703125,97.12583923339844,143.96319580078125,43.88693618774414,81.90846252441406,44.36511993408203,10410.126953125,35.82176971435547,14.220000267028809
2019-09-13,271.8511962890625,25.708547592163086,22.278247833251953,24.99561309814453,70.93037414550781,38.20368576049805,50.69430160522461,25.346920013427734,81.13758087158203,58.00032424926758,184.57760620117188,97.14356231689453,144.21070861816406,43.64579772949219,81.70028686523438,44.849857330322266,10360.546875,36.02647018432617,13.739999771118164
2019-09-14,,,,,,,,,,,,,,,,,10358.048828125,,
2019-09-15,,,,,,,,,,,,,,,,,10347.712890625,,
2019-09-16,271.01153564453125,25.28687858581543,23.02596092224121,24.907882690429688,70.86783599853516,38.10954666137695,50.20429992675781,25.3670654296875,80.96025085449219,57.257816314697266,183.753173828125,97.21440887451172,144.7515106201172,43.79048538208008,83.12771606445312,44.85805892944336,10276.7939453125,35.74501037597656,14.670000076293945
2019-09-17,271.6977844238281,25.491193771362305,22.704986572265625,24.9341983795166,70.8320541381836,38.264888763427734,50.478363037109375,25.588552474975586,81.0843734741211,57.6055793762207,184.63516235351562,97.23212432861328,144.37570190429688,43.88693618774414,82.84022521972656,44.29939270019531,10241.2724609375,35.74501037597656,14.4399995803833
2019-09-18,271.86029052734375,25.504236221313477,22.595565795898438,25.021930694580078,70.72479248046875,38.260169982910156,50.5614128112793,25.697288513183594,81.07551574707031,57.5773811340332,184.55845642089844,97.12583923339844,143.4865264892578,43.44324493408203,82.06706237792969,44.61980438232422,10198.248046875,35.60002517700195,13.949999809265137
2019-09-19,271.84222412109375,25.54770278930664,22.53721046447754,24.907882690429688,70.36722564697266,38.34490966796875,50.5531120300293,25.81810188293457,81.45677947998047,57.42229461669922,184.8651580810547,96.86016082763672,142.78976440429688,43.259979248046875,81.92826843261719,44.2254524230957,10266.4150390625,35.45502853393555,14.050000190734863
2019-09-20,270.5577392578125,25.48828125,22.555614471435547,24.761493682861328,69.92240142822266,37.89775085449219,50.39270782470703,25.920372009277344,81.91082000732422,56.76408386230469,182.9095458984375,96.42620849609375,142.4872589111328,43.15388488769531,81.99073028564453,44.060123443603516,10181.6416015625,35.4891357421875,15.319999694824219
2019-09-21,,,,,,,,,,,,,,,,,10019.716796875,,
2019-09-22,,,,,,,,,,,,,,,,,10070.392578125,,
2019-09-23,270.4942932128906,25.427120208740234,22.562973022460938,24.805591583251953,69.78759002685547,38.01579284667969,50.59321594238281,25.9244327545166,81.47457122802734,56.96210479736328,182.99026489257812,96.53298950195312,142.37722778320312,42.960968017578125,80.99942779541016,44.09320068359375,9729.32421875,35.523258209228516,14.90999984741211
2019-09-24,268.3717041015625,25.20867347717285,22.205942153930664,24.567495346069336,69.39220428466797,37.647499084472656,50.802066802978516,26.228803634643555,80.72667694091797,56.353878021240234,180.55996704101562,95.7499008178711,140.2281951904297,41.5141487121582,79.08619689941406,43.44841766357422,8620.56640625,35.147979736328125,17.049999237060547
2019-09-25,269.9591979980469,25.339746475219727,22.242748260498047,24.770315170288086,69.84151458740234,38.096073150634766,50.83548355102539,26.21256446838379,80.33494567871094,56.86781692504883,182.5868377685547,96.29273223876953,141.7645721435547,41.61060333251953,78.59056854248047,44.217185974121094,8486.9931640625,35.122398376464844,15.960000038146973
2019-09-26,269.39666748046875,25.282943725585938,21.95197105407715,24.655675888061523,69.94038391113281,38.13855743408203,51.11953353881836,26.350547790527344,79.8897705078125,56.62262725830078,181.9144287109375,96.06134033203125,140.18223571777344,41.5430908203125,76.37004089355469,43.68812942504883,8118.9677734375,35.113861083984375,16.06999969482422
2019-09-27,267.9454345703125,25.21303939819336,21.948291778564453,24.752676010131836,69.66181182861328,37.62860107421875,51.0610466003418,26.25720977783203,79.53365325927734,56.42461013793945,179.6570281982422,95.72321319580078,139.0598907470703,41.12833023071289,75.78517150878906,43.89479446411133,8251.845703125,34.66182327270508,17.219999313354492
2019-09-28,,,,,,,,,,,,,,,,,8245.9150390625,,
2019-09-29,,,,,,,,,,,,,,,,,8104.185546875,,
2019-09-30,269.1881408691406,25.427120208740234,21.79001235961914,24.690948486328125,69.7606430053711,38.02522659301758,51.311676025390625,26.273439407348633,80.24588775634766,56.91024398803711,181.36688232421875,96.17703247070312,139.22544860839844,41.36946487426758,75.5869140625,43.63853073120117,8293.8681640625,34.85799789428711,16.239999771118164
2019-10-01,265.9862060546875,24.828580856323242,21.28575897216797,24.17068099975586,68.08918762207031,37.67108917236328,51.17800521850586,26.21256446838379,79.46239471435547,56.43403625488281,179.8875732421875,94.68205261230469,136.4932098388672,40.4145622253418,74.0008316040039,42.654823303222656,8343.2763671875,34.61064910888672,18.559999465942383
2019-10-02,261.2876281738281,24.382949829101562,20.763086318969727,23.67685890197754,66.80413818359375,36.96281433105469,50.15043640136719,25.863555908203125,78.30496978759766,55.4202995300293,176.7944793701172,92.89342498779297,135.46286010742188,39.8068962097168,74.50640869140625,42.125770568847656,8393.0419921875,34.34626007080078,20.559999465942383
2019-10-03,263.4283142089844,24.470325469970703,20.987613677978516,23.773853302001953,67.24447631835938,37.41611099243164,50.50131607055664,25.9244327545166,79.00834655761719,55.68907165527344,178.73484802246094,93.5697250366211,135.91363525390625,40.05767822265625,75.99335479736328,42.167110443115234,8259.9921875,34.789764404296875,19.1200008392334
2019-10-04,266.99298095703125,24.60139274597168,21.1201229095459,24.214767456054688,67.94541931152344,38.03468322753906,51.29496383666992,26.285615921020508,80.24588775634766,56.21242141723633,181.36688232421875,94.61088562011719,137.20155334472656,40.48208236694336,76.1519546508789,42.67136001586914,8205.939453125,34.94329071044922,17.040000915527344
2019-10-05,,,,,,,,,,,,,,,,,8151.50048828125,,
2019-10-06,,,,,,,,,,,,,,,,,7988.15576171875,,
2019-10-07,265.84112548828125,24.514013290405273,20.932401657104492,24.0913143157959,67.60392761230469,37.87413787841797,50.877254486083984,26.184165954589844,79.97879791259766,55.96724319458008,180.8193359375,94.10365295410156,136.96243286132812,40.539947509765625,75.9636001586914,42.5804328918457,8245.623046875,34.653289794921875,17.860000610351562
2019-10-08,261.7139892578125,24.085865020751953,20.575368881225586,23.61513328552246,66.5615234375,37.180023193359375,50.39270782470703,25.940662384033203,78.45636749267578,55.377872467041016,178.1105194091797,92.47518920898438,134.7361297607422,39.1799430847168,74.39735412597656,41.48099899291992,8228.783203125,34.40595626831055,20.280000686645508
2019-10-09,264.19921875,24.35672950744629,20.763086318969727,23.835580825805664,67.12765502929688,37.732486724853516,50.77700424194336,26.066469192504883,79.0261459350586,55.84935760498047,179.84915161132812,93.29386901855469,135.3524627685547,39.729732513427734,74.07020568847656,41.770320892333984,8595.740234375,34.67035675048828,18.639999389648438
2019-10-10,265.9862060546875,24.57954978942871,21.02442169189453,24.082494735717773,67.73872375488281,37.99217987060547,50.877254486083984,26.038063049316406,79.41791534423828,56.22185516357422,181.24197387695312,93.99686431884766,135.89524841308594,39.81654739379883,75.3886489868164,42.291107177734375,8586.4736328125,35.02857208251953,17.56999969482422
2019-10-11,268.7436828613281,25.055755615234375,21.307842254638672,24.382312774658203,69.0147705078125,38.51630401611328,50.82712936401367,25.940662384033203,80.07672119140625,56.8583869934082,183.5762176513672,95.27828216552734,138.1951141357422,40.44349670410156,76.4493408203125,43.10948944091797,8321.7568359375,35.591487884521484,15.579999923706055
2019-10-12,,,,,,,,,,,,,,,,,8336.5556640625,,
2019-10-13,,,,,,,,,,,,,,,,,8321.005859375,,
2019-10-14,268.4443664550781,24.87663459777832,21.296794891357422,24.417591094970703,68.87999725341797,38.49269485473633,50.57650375366211,25.77427101135254,80.04112243652344,56.830101013183594,183.55697631835938,95.0647201538086,137.6891326904297,40.761802673339844,76.27090454101562,43.084678649902344,8374.6865234375,35.437965393066406,14.569999694824219
2019-10-15,271.1020812988281,25.051395416259766,21.385135650634766,24.770315170288086,69.43714141845703,38.91767120361328,50.35927963256836,25.693111419677734,81.50128936767578,57.32988357543945,185.89122009277344,95.87449645996094,139.27149963378906,41.6202507019043,78.1741943359375,43.828651428222656,8205.369140625,35.753536224365234,13.539999961853027
2019-10-16,270.6666564941406,25.10381507873535,21.086992263793945,24.70859146118164,69.40119171142578,38.648529052734375,50.40940856933594,25.74992561340332,81.39444732666016,57.565635681152344,185.43008422851562,95.71430206298828,139.4186553955078,41.28265380859375,78.04534912109375,43.671607971191406,8047.52685546875,35.855892181396484,13.680000305175781
2019-10-17,271.46484375,25.169355392456055,21.101720809936523,24.72622299194336,69.7426528930664,38.57298278808594,50.64332580566406,25.814855575561523,81.99987030029297,57.716522216796875,185.92002868652344,96.07917022705078,141.06533813476562,41.36078643798828,78.91768646240234,43.48147964477539,8103.9111328125,35.99235153198242,13.789999961853027
2019-10-18,270.276611328125,25.12566566467285,20.991291046142578,24.787960052490234,69.1406021118164,38.204681396484375,50.743587493896484,25.900083541870117,81.69717407226562,57.60336685180664,184.1333465576172,95.96346282958984,140.39382934570312,40.44349670410156,77.96603393554688,43.99398422241211,7973.20751953125,35.80471420288086,14.25
2019-10-19,,,,,,,,,,,,,,,,,7988.560546875,,
2019-10-20,,,,,,,,,,,,,,,,,8222.078125,,
2019-10-21,272.10888671875,25.04702377319336,21.36673355102539,25.13186264038086,69.5539321899414,38.6154670715332,50.910675048828125,26.001537322998047,81.60810852050781,57.80610275268555,185.7662811279297,96.69318389892578,141.70932006835938,40.90647888183594,79.39350128173828,44.580902099609375,8243.720703125,36.12881851196289,14.0
2019-10-22,271.22003173828125,24.942169189453125,21.642789840698242,25.061315536499023,70.10213470458984,38.096073150634766,50.927371978759766,26.11111068725586,81.78620910644531,57.43833923339844,184.2870330810547,96.70205688476562,141.86575317382812,40.44349670410156,80.0378646850586,44.76277542114258,8078.203125,36.154396057128906,14.460000038146973
2019-10-23,272.0091247558594,25.099454879760742,21.82314109802246,25.167133331298828,70.0931396484375,38.12912368774414,51.16130065917969,26.216629028320312,82.29368591308594,57.17428970336914,184.64242553710938,96.97793579101562,142.04055786132812,40.27952575683594,79.73055267333984,44.87849426269531,7514.671875,36.162925720214844,14.010000228881836
2019-10-24,272.45355224609375,25.178096771240234,21.731124877929688,25.13186264038086,70.1919937133789,38.68629837036133,51.33674240112305,26.305912017822266,81.87520599365234,57.145999908447266,186.43873596191406,97.02241516113281,141.83811950683594,41.137977600097656,79.45298767089844,44.50651550292969,7493.48876953125,36.162925720214844,13.710000038146973
2019-10-25,273.5691833496094,25.453336715698242,21.90780258178711,25.25531005859375,70.63230895996094,39.153778076171875,51.035980224609375,26.038063049316406,81.96426391601562,57.079978942871094,187.92759704589844,97.37836456298828,142.5924835205078,41.97713088989258,80.6425552368164,44.969425201416016,8660.7001953125,36.418800354003906,12.649999618530273
2019-10-26,,,,,,,,,,,,,,,,,9244.97265625,,
2019-10-27,,,,,,,,,,,,,,,,,9551.71484375,,
2019-10-28,275.1112365722656,25.53197479248047,21.782651901245117,25.387584686279297,70.83002471923828,39.64956283569336,50.93573760986328,25.680932998657227,82.81008911132812,57.25917053222656,189.78155517578125,97.68092346191406,143.82522583007812,43.057430267333984,81.76272583007812,45.42408752441406,9256.1484375,36.632022857666016,13.109999656677246
2019-10-29,275.0296630859375,25.68926239013672,21.87099838256836,25.44931411743164,71.06365966796875,39.29070281982422,50.93573760986328,25.70528221130371,83.98531341552734,56.93381881713867,188.3118438720703,97.85887908935547,144.29440307617188,42.7487678527832,81.50499725341797,45.6886100769043,9427.6875,36.44438552856445,13.199999809265137
2019-10-30,275.8731384277344,25.711097717285156,21.42562484741211,25.431676864624023,71.31529235839844,39.531517028808594,51.16965103149414,25.932554244995117,84.45720672607422,57.28746032714844,189.2244110107422,97.86780548095703,143.8160858154297,42.796993255615234,81.08863830566406,45.242218017578125,9205.7265625,36.6064338684082,12.329999923706055
2019-10-31,275.138427734375,25.42275047302246,21.333600997924805,25.308223724365234,70.55143737792969,39.507911682128906,51.094459533691406,26.0745906829834,84.3592529296875,56.98097610473633,189.3108673095703,97.36060333251953,143.00653076171875,42.661956787109375,80.92012786865234,44.55610656738281,9199.5849609375,36.31645584106445,13.220000267028809
2019-11-01,277.6872253417969,25.781009674072266,21.819456100463867,25.6785888671875,72.08811950683594,39.980098724365234,51.08611297607422,26.00965690612793,84.46609497070312,57.35818099975586,191.03030395507812,98.56188201904297,145.44436645507812,43.62650680541992,82.93246459960938,45.49848556518555,9261.1044921875,36.8623046875,12.300000190734863
2019-11-02,,,,,,,,,,,,,,,,,9324.7177734375,,
2019-11-03,,,,,,,,,,,,,,,,,9235.3544921875,,
2019-11-04,278.8028869628906,25.98197364807129,22.52984619140625,25.899044036865234,72.923828125,40.1878547668457,50.59321594238281,25.676877975463867,84.2078857421875,57.38646697998047,192.21177673339844,99.13143157958984,146.226318359375,43.867645263671875,82.41698455810547,46.38298797607422,9412.6123046875,37.229061126708984,12.829999923706055
2019-11-05,278.4945373535156,26.02566146850586,22.55929183959961,25.996044158935547,73.07658386230469,40.14064407348633,50.760284423828125,25.413084030151367,83.61139678955078,57.47134017944336,192.31748962402344,99.13143157958984,146.41026306152344,43.78083038330078,82.41698455810547,46.85417938232422,9342.52734375,37.442283630371094,13.100000381469727
2019-11-06,278.55810546875,26.008180618286133,22.099197387695312,26.12831687927246,73.12152099609375,40.121761322021484,50.96915054321289,25.510488510131836,83.89629364013672,57.53262710571289,191.8852081298828,99.02462005615234,145.56394958496094,43.61686325073242,81.00936126708984,46.597930908203125,9360.8798828125,37.32286834716797,12.619999885559082
2019-11-07,279.53765869140625,26.18294334411621,22.430469512939453,26.32231903076172,73.37313079833984,40.4381103515625,50.79370880126953,25.1655330657959,84.083251953125,57.188438415527344,192.52877807617188,99.26488494873047,145.95028686523438,43.607215881347656,81.2175064086914,46.920310974121094,9267.5615234375,37.595794677734375,12.729999542236328
2019-11-08,280.22698974609375,26.287796020507812,22.33844566345215,26.313495635986328,73.47200012207031,40.66476058959961,50.760284423828125,25.060012817382812,84.69758605957031,57.21200942993164,193.2972412109375,99.49625396728516,146.3458709716797,44.22452926635742,83.22986602783203,46.9533805847168,8804.880859375,37.254642486572266,12.069999694824219
2019-11-09,,,,,,,,,,,,,,,,,8813.58203125,,
2019-11-10,,,,,,,,,,,,,,,,,9055.5263671875,,
2019-11-11,279.6918640136719,26.24847984313965,22.21330451965332,26.24295425415039,73.5079345703125,40.68364715576172,50.68511199951172,24.905797958374023,84.3503646850586,57.0941276550293,193.03790283203125,99.22928619384766,146.06993103027344,44.67786407470703,82.96222686767578,46.705379486083984,8757.7880859375,36.990238189697266,12.6899995803833
2019-11-12,280.2814636230469,26.383913040161133,22.099197387695312,26.278226852416992,73.49893951416016,40.820587158203125,50.85219192504883,24.966670989990234,84.85784912109375,57.05641555786133,193.59500122070312,99.28268432617188,146.1158905029297,44.99617004394531,83.2397689819336,46.79631805419922,8815.662109375,36.751426696777344,12.680000305175781
2019-11-13,280.3721618652344,26.230993270874023,22.003494262695312,26.11067771911621,73.19340515136719,40.91029357910156,51.23649215698242,25.33597183227539,84.95578002929688,56.87723922729492,193.64305114746094,99.21149444580078,145.49029541015625,44.72609329223633,83.50741577148438,46.25899887084961,8808.2626953125,36.469974517822266,13.0
2019-11-14,280.78033447265625,26.392648696899414,21.944604873657227,26.163585662841797,73.42705535888672,40.86308288574219,51.21977996826172,25.425260543823242,84.96469116210938,57.1224250793457,193.4893798828125,99.43397521972656,145.44436645507812,44.90936279296875,82.94237518310547,46.1928596496582,8708.0947265625,36.49555969238281,13.050000190734863
2019-11-15,282.81219482421875,26.370803833007812,22.11391830444336,26.234134674072266,73.96623229980469,41.193603515625,51.23649215698242,25.506418228149414,86.77205657958984,57.22614669799805,194.91102600097656,100.1636734008789,146.19871520996094,45.71957778930664,84.05264282226562,46.27553939819336,8491.9921875,36.785545349121094,12.050000190734863
2019-11-16,,,,,,,,,,,,,,,,,8550.7607421875,,
2019-11-17,,,,,,,,,,,,,,,,,8577.9755859375,,
2019-11-18,283.020751953125,26.30527687072754,21.84522247314453,26.287044525146484,73.6876449584961,41.31637954711914,51.503822326660156,25.559185028076172,86.4782485961914,57.42418670654297,195.064697265625,100.03905487060547,145.83078002929688,45.71957778930664,84.2905502319336,46.02753448486328,8309.2861328125,36.7258415222168,12.460000038146973
2019-11-19,282.9391784667969,26.24847984313965,21.521320343017578,26.3399600982666,73.624755859375,41.39664840698242,51.436981201171875,25.494245529174805,87.06587982177734,56.79236602783203,195.3529052734375,99.95899200439453,146.3734893798828,46.73235321044922,86.45160675048828,46.17632293701172,8206.1455078125,36.802608489990234,12.859999656677246
2019-11-20,281.886962890625,25.920806884765625,21.73848533630371,26.216506958007812,73.04063415527344,41.146400451660156,51.553951263427734,25.648466110229492,86.95014953613281,56.66035842895508,194.18101501464844,99.57633209228516,145.82151794433594,46.71306228637695,86.72916412353516,45.96139907836914,8027.26806640625,36.64055252075195,12.779999732971191
2019-11-21,281.4334716796875,25.877119064331055,22.095518112182617,26.19004249572754,73.01367950439453,40.938636779785156,51.29496383666992,25.559185028076172,87.17272186279297,56.3397331237793,193.74876403808594,99.37166595458984,145.10398864746094,46.442989349365234,86.8679428100586,45.90353775024414,7642.75,36.56379318237305,13.130000114440918
2019-11-22,282.05926513671875,25.920806884765625,22.021896362304688,26.384044647216797,73.39110565185547,40.88669204711914,51.21142578125,25.567304611206055,87.48433685302734,56.72636032104492,193.87362670898438,99.66532897949219,145.55474853515625,46.70341110229492,87.3735122680664,46.234195709228516,7296.57763671875,36.56379318237305,12.34000015258789
2019-11-23,,,,,,,,,,,,,,,,,7397.796875,,
2019-11-24,,,,,,,,,,,,,,,,,7047.9169921875,,
2019-11-25,284.2453308105469,26.09119987487793,22.043987274169922,26.551591873168945,73.92131042480469,41.48164749145508,51.269901275634766,25.482074737548828,88.50823211669922,57.22614669799805,196.16940307617188,100.56409454345703,148.64584350585938,47.90910339355469,91.09089660644531,46.71364974975586,7146.1337890625,36.9305419921875,11.869999885559082
2019-11-26,284.8893127441406,26.222267150878906,21.841548919677734,26.525136947631836,74.13697814941406,41.51943588256836,51.68761444091797,25.567304611206055,88.43699645996094,57.61750793457031,196.54397583007812,100.67977142333984,148.7469940185547,48.22740173339844,91.22968292236328,46.42430877685547,7218.37109375,36.819664001464844,11.539999961853027
2019-11-27,286.1591796875,26.32712173461914,21.896757125854492,26.630958557128906,74.0650863647461,41.75080108642578,51.812923431396484,25.61194610595703,88.89107513427734,58.112571716308594,197.91763305664062,101.10691833496094,149.79571533203125,48.449249267578125,92.60758209228516,46.73844909667969,7531.66357421875,36.8623046875,11.75
2019-11-28,,,,,,,,,,,,,,,,,7463.10595703125,,
2019-11-29,285.0980224609375,26.230993270874023,21.675914764404297,26.586862564086914,73.7236099243164,41.62803268432617,51.79623031616211,25.587589263916016,88.57946014404297,57.73537826538086,197.01467895507812,100.67086029052734,148.82052612304688,48.64215850830078,92.83561706542969,46.47392654418945,7761.24365234375,36.2823371887207,12.619999885559082
2019-11-30,,,,,,,,,,,,,,,,,7569.6298828125,,
2019-12-01,,,,,,,,,,,,,,,,,7424.29248046875,,
2019-12-02,282.6760559082031,25.968860626220703,21.675914764404297,26.4193172454834,72.51045227050781,41.033077239990234,51.913169860839844,25.421199798583984,88.18769836425781,57.25917053222656,194.9975128173828,99.82550048828125,147.36705017089844,47.224273681640625,91.51716613769531,46.201133728027344,7321.98828125,36.2738037109375,14.90999984741211
2019-12-03,280.78033447265625,25.80284881591797,21.352005004882812,26.048954010009766,71.71965789794922,40.66949462890625,51.82963562011719,25.490196228027344,87.99182891845703,56.68392562866211,193.4701690673828,99.0157241821289,146.8978271484375,47.34966278076172,92.86534118652344,45.56460952758789,7320.1455078125,36.08616638183594,15.960000038146973
2019-12-04,282.5128173828125,25.859643936157227,21.672239303588867,26.295862197875977,71.99822998046875,40.83475875854492,52.172157287597656,25.68499183654785,88.8109359741211,56.99983596801758,194.449951171875,99.73653411865234,147.9098358154297,47.44611358642578,94.0152359008789,46.184600830078125,7252.03466796875,36.35910415649414,14.800000190734863
2019-12-05,283.020751953125,25.990711212158203,21.569168090820312,26.4193172454834,72.0162124633789,40.98585891723633,52.15544891357422,25.72963523864746,88.8109359741211,56.9432487487793,194.83419799804688,99.90558624267578,148.05706787109375,47.224273681640625,92.46881103515625,46.37472915649414,7448.3076171875,36.521148681640625,14.520000457763672
2019-12-06,285.6058654785156,26.257211685180664,21.981414794921875,26.77204704284668,72.88786315917969,41.43915557861328,52.35594940185547,25.65252685546875,89.39857482910156,57.40060806274414,196.9186248779297,100.83104705810547,149.78652954101562,47.706546783447266,93.60882568359375,47.036041259765625,7546.99658203125,36.734371185302734,13.619999885559082
2019-12-07,,,,,,,,,,,,,,,,,7556.23779296875,,
2019-12-08,,,,,,,,,,,,,,,,,7564.34521484375,,
2019-12-09,284.70794677734375,26.20478630065918,21.955652236938477,26.7103214263916,72.60931396484375,41.22194290161133,52.3977165222168,25.563243865966797,88.77533721923828,57.47134017944336,196.02532958984375,100.51960754394531,149.5013427734375,47.31107711791992,93.70794677734375,47.052574157714844,7400.8994140625,36.58938217163086,15.859999656677246
2019-12-10,284.39044189453125,26.047502517700195,21.99981689453125,26.71913719177246,72.51942443847656,41.25499725341797,52.23064041137695,25.559185028076172,88.97119903564453,57.372318267822266,195.86195373535156,100.4128189086914,149.5933074951172,47.51363754272461,94.69925689697266,47.16830062866211,7278.11962890625,36.717315673828125,15.680000305175781
2019-12-11,285.19781494140625,26.24410629272461,21.963014602661133,26.65740394592285,72.97775268554688,41.53358840942383,52.30583572387695,25.628173828125,89.05131530761719,57.51848220825195,196.89939880371094,100.70646667480469,149.54734802246094,47.233917236328125,93.45018768310547,47.044307708740234,7217.42724609375,37.254642486572266,14.989999771118164
2019-12-12,287.6558837890625,26.611103057861328,22.36789894104004,27.17768669128418,73.624755859375,41.97744369506836,52.26406478881836,25.51860237121582,89.87934112548828,58.022987365722656,198.3690948486328,101.76542663574219,150.83529663085938,47.64867401123047,93.99542999267578,48.5157356262207,7243.13427734375,37.9028434753418,13.9399995803833
2019-12-13,287.8282165527344,26.40576171875,22.198585510253906,27.08068084716797,73.42705535888672,42.25603103637695,52.44784927368164,25.717456817626953,89.81702423095703,58.074859619140625,199.02232360839844,101.48065948486328,150.25567626953125,47.359310150146484,94.53072357177734,48.110679626464844,7269.6845703125,37.88578414916992,12.630000114440918
2019-12-14,,,,,,,,,,,,,,,,,7124.673828125,,
2019-12-15,,,,,,,,,,,,,,,,,7152.3017578125,,
2019-12-16,289.80560302734375,26.51934814453125,22.496719360351562,27.17768669128418,73.39110565185547,42.633785247802734,52.63164138793945,26.038063049316406,90.7874755859375,58.3294677734375,201.0203094482422,102.12137603759766,151.3148193359375,48.449249267578125,95.71038818359375,48.44961166381836,6932.48046875,38.20722579956055,12.140000343322754
2019-12-17,289.8690490722656,26.558671951293945,22.511438369750977,27.283498764038086,73.3192138671875,42.53462600708008,52.54811096191406,26.123291015625,90.6895523071289,58.588802337646484,201.1356201171875,102.13917541503906,152.07191467285156,48.40102005004883,95.65089416503906,48.953861236572266,6640.51513671875,38.5556755065918,12.289999961853027
2019-12-18,289.8872375488281,26.523719787597656,22.596094131469727,27.168861389160156,73.01367950439453,42.529903411865234,52.46455764770508,26.228803634643555,90.81419372558594,58.6453742980957,201.28927612304688,102.29044342041016,152.36734008789062,48.74825668334961,95.09577178955078,48.747196197509766,7276.802734375,38.764747619628906,12.579999923706055
2019-12-19,291.07550048828125,26.615468978881836,22.588735580444336,27.160043716430664,73.21138763427734,42.836822509765625,52.74860382080078,26.236921310424805,91.17031860351562,58.829261779785156,202.547607421875,102.63748168945312,153.02294921875,49.06655502319336,95.59142303466797,48.67279815673828,7202.84423828125,38.78217315673828,12.5
2019-12-20,292.3515930175781,26.74462127685547,22.805419921875,27.19195556640625,73.54825592041016,43.085540771484375,53.14699172973633,26.41728401184082,91.8157958984375,58.919151306152344,203.36412048339844,103.16250610351562,153.2445068359375,49.15336990356445,95.86006164550781,48.73517990112305,7218.81640625,38.860572814941406,12.510000228881836
2019-12-21,,,,,,,,,,,,,,,,,7191.15869140625,,
2019-12-22,,,,,,,,,,,,,,,,,7511.5888671875,,
2019-12-23,292.79827880859375,26.81930160522461,23.039566040039062,27.12991714477539,74.15331268310547,43.208709716796875,52.91958999633789,26.171890258789062,92.1823501586914,58.78196716308594,203.90126037597656,103.21521759033203,153.5491943359375,49.76103591918945,96.86127471923828,48.44404983520508,7355.62841796875,38.91283416748047,12.609999656677246
2019-12-24,292.807373046875,26.850051879882812,23.02842140197754,27.19195556640625,73.85527801513672,43.22291946411133,52.98697280883789,26.20870018005371,92.0661392211914,58.9144172668457,204.00718688964844,103.28669738769531,153.9000244140625,49.982879638671875,97.60478210449219,48.56050109863281,7322.5322265625,38.82572937011719,12.670000076293945
2019-12-25,,,,,,,,,,,,,,,,,7275.15576171875,,
2019-12-26,294.36602783203125,26.96866798400879,23.020984649658203,27.342626571655273,74.02687072753906,43.5450439453125,53.037498474121094,26.253690719604492,92.00355529785156,59.63345718383789,205.80734252929688,103.51007080078125,153.9000244140625,49.934654235839844,96.76216125488281,48.66032028198242,7238.966796875,39.10447692871094,12.649999618530273
2019-12-27,294.2931213378906,26.86762046813965,22.92435646057129,27.271718978881836,73.96366119384766,43.54030990600586,53.27333068847656,26.331396102905273,92.03035736083984,59.628726959228516,205.6340789794922,103.36711120605469,153.14291381835938,49.5096435546875,95.40406036376953,48.335914611816406,7290.08837890625,39.26128387451172,13.430000305175781
2019-12-28,,,,,,,,,,,,,,,,,7317.990234375,,
2019-12-29,,,,,,,,,,,,,,,,,7422.65283203125,,
2019-12-30,292.67059326171875,26.78415870666504,22.85201072692871,27.19195556640625,73.62049102783203,43.28923416137695,52.99538803100586,26.327314376831055,91.47787475585938,59.24554443359375,204.28634643554688,103.00972747802734,152.755126953125,48.1542854309082,93.9369125366211,48.310970306396484,7292.9951171875,38.99994659423828,14.819999694824219
2019-12-31,293.381591796875,26.981840133666992,22.98215103149414,27.28058624267578,73.5753402709961,43.426612854003906,53.04592514038086,26.429561614990234,91.65782928466797,59.330711364746094,204.67140197753906,103.39393615722656,152.9674835205078,48.45439910888672,94.28387451171875,48.45237350463867,7193.59912109375,39.08706283569336,13.779999732971191
2020-01-01,,,,,,,,,,,,,,,,,7200.17431640625,,
2020-01-02,296.1252136230469,26.66554832458496,23.188854217529297,27.546472549438477,74.96610260009766,44.241432189941406,52.62479019165039,26.0982723236084,91.90078735351562,60.03556442260742,208.0888671875,103.68877410888672,153.0690460205078,48.890052795410156,93.85760498046875,48.5854606628418,6985.47021484375,39.8797721862793,12.470000267028809
2020-01-03,293.88299560546875,26.23503303527832,23.119953155517578,27.253995895385742,74.82160949707031,43.7440071105957,52.540565490722656,26.151437759399414,91.09992980957031,59.524654388427734,206.1828155517578,103.09907531738281,152.4689178466797,48.53184509277344,92.54908752441406,48.06141662597656,7344.88427734375,39.13932800292969,14.020000457763672
2020-01-04,,,,,,,,,,,,,,,,,7410.65673828125,,
2020-01-05,,,,,,,,,,,,,,,,,7411.3173828125,,
2020-01-06,295.0040588378906,26.120817184448242,23.29985809326172,27.236270904541016,74.84869384765625,43.84823226928711,52.65006637573242,26.17597770690918,91.6668472290039,59.69021987915039,207.5112762451172,103.23310089111328,152.67205810546875,48.90941619873047,93.35204315185547,47.64552307128906,7769.21923828125,39.04350280761719,13.850000381469727
2020-01-07,294.1746520996094,26.09006118774414,23.238611221313477,27.05900764465332,74.6951675415039,43.82928466796875,52.24576950073242,26.139175415039062,91.48684692382812,59.595603942871094,207.48239135742188,103.14375305175781,152.16421508789062,49.5096435546875,93.50074005126953,47.34607696533203,8163.6923828125,39.01737976074219,13.789999961853027
2020-01-08,295.742431640625,26.18231773376465,22.855831146240234,27.236270904541016,74.94804382324219,44.298282623291016,52.439483642578125,26.126901626586914,92.08075714111328,59.77537155151367,209.04190063476562,103.44752502441406,152.63510131835938,50.622989654541016,94.77952575683594,47.695438385009766,8079.86279296875,39.24386215209961,13.449999809265137
2020-01-09,297.7477111816406,26.278963088989258,23.02425765991211,27.4046630859375,75.26411437988281,44.8004264831543,52.81009292602539,26.27004623413086,92.47669219970703,60.09232711791992,210.8131866455078,103.92108917236328,152.8197479248047,50.68107223510742,94.98770141601562,47.86179733276367,7879.0712890625,39.50519561767578,12.539999961853027
2020-01-10,296.8909912109375,26.173532485961914,22.89411163330078,27.200820922851562,74.73127746582031,44.69620895385742,52.77639389038086,26.339582443237305,92.50370788574219,59.76591110229492,210.2740936279297,103.59942626953125,152.247314453125,50.31319046020508,94.00631713867188,47.35438919067383,8166.55419921875,39.714263916015625,12.5600004196167
2020-01-11,,,,,,,,,,,,,,,,,8037.53759765625,,
2020-01-12,,,,,,,,,,,,,,,,,8192.494140625,,
2020-01-13,298.9327697753906,26.511791229248047,22.90176773071289,27.386943817138672,75.34539031982422,45.255210876464844,53.121734619140625,26.499094009399414,92.17975616455078,59.95513916015625,212.7000274658203,104.24272155761719,153.2353057861328,51.34907531738281,92.11288452148438,47.59561538696289,8144.1943359375,40.33275604248047,12.319999694824219
2020-01-14,298.4770202636719,26.401968002319336,22.90559196472168,27.333765029907227,75.35443878173828,45.04202651977539,53.138580322265625,26.576801300048828,92.73762512207031,59.93621826171875,211.86251831054688,104.44822692871094,153.7985076904297,51.56206130981445,94.81918334960938,47.67878723144531,8827.7646484375,40.106266021728516,12.390000343322754
2020-01-15,299.15155029296875,26.58207893371582,22.737173080444336,27.18309211730957,75.47183990478516,45.094139099121094,53.51759719848633,26.94898796081543,93.53852081298828,59.79902648925781,211.9490966796875,104.60906219482422,154.53720092773438,51.72664260864258,95.51311492919922,47.07990264892578,8807.0107421875,39.79267120361328,12.420000076293945
2020-01-16,301.64007568359375,26.740224838256836,22.77544593811035,27.42239761352539,76.22142791748047,45.700496673583984,53.6607666015625,27.116682052612305,94.02440643310547,60.333580017089844,213.98036193847656,105.58295440673828,156.5315704345703,52.288150787353516,96.23677062988281,47.753665924072266,8723.7861328125,40.045291900634766,12.319999694824219
2020-01-17,302.5788269042969,26.85883903503418,22.629995346069336,27.502161026000977,76.23046112060547,46.00843811035156,53.7534294128418,27.30482292175293,94.02440643310547,60.546451568603516,215.03927612304688,105.78845977783203,156.10684204101562,51.958988189697266,95.43379211425781,47.86179733276367,8929.0380859375,40.27177047729492,12.100000381469727
2020-01-18,,,,,,,,,,,,,,,,,8942.80859375,,
2020-01-19,,,,,,,,,,,,,,,,,8706.2451171875,,
2020-01-20,,,,,,,,,,,,,,,,,8657.642578125,,
2020-01-21,301.9864196777344,26.56890106201172,22.2242488861084,27.271718978881836,75.39057159423828,45.9894905090332,53.9387321472168,27.554309844970703,94.12337493896484,60.36195755004883,214.94300842285156,105.35066223144531,154.8141326904297,51.88154220581055,93.88734436035156,47.24626541137695,8745.89453125,39.25257110595703,12.850000381469727
2020-01-22,302.0228271484375,26.463468551635742,22.0098934173584,27.35148811340332,74.99320983886719,46.1552848815918,53.980838775634766,27.640195846557617,94.24039459228516,60.333580017089844,215.510986328125,105.2166519165039,154.7126007080078,52.12356948852539,93.66925048828125,47.28784942626953,8680.8759765625,39.57489013671875,12.90999984741211
2020-01-23,302.3691101074219,26.432716369628906,21.925678253173828,27.28058624267578,75.80599212646484,46.373207092285156,53.930301666259766,27.885601043701172,93.7634506225586,60.4234619140625,216.20411682128906,105.44893646240234,154.61102294921875,52.08484649658203,92.44995880126953,47.36271286010742,8406.515625,39.16545867919922,12.979999542236328
2020-01-24,299.6802062988281,26.24382209777832,21.67304039001465,26.934925079345703,75.45377349853516,46.1552848815918,53.55970764160156,27.959226608276367,92.19773864746094,59.5814208984375,214.3846893310547,104.36781311035156,152.708984375,51.11672592163086,89.96173858642578,46.5142707824707,8445.4345703125,38.85185623168945,14.5600004196167
2020-01-25,,,,,,,,,,,,,,,,,8367.84765625,,
2020-01-26,,,,,,,,,,,,,,,,,8596.830078125,,
2020-01-27,294.8763732910156,25.677114486694336,21.072072982788086,26.518354415893555,74.02687072753906,45.056236267089844,53.39125442504883,27.889686584472656,91.49586486816406,58.69207763671875,209.9564666748047,102.6523208618164,150.97311401367188,50.1970100402832,89.32730102539062,45.707435607910156,8909.8193359375,37.51033020019531,18.229999542236328
2020-01-28,297.9665832519531,25.967060089111328,21.16777229309082,26.82856559753418,74.50552368164062,45.918426513671875,53.458641052246094,28.004215240478516,91.94579315185547,59.264469146728516,213.1813201904297,103.60836791992188,152.2288818359375,51.13608932495117,90.9828109741211,46.10669708251953,9358.58984375,37.823936462402344,16.280000686645508
2020-01-29,297.720458984375,26.05052375793457,20.945755004882812,26.784252166748047,74.90290069580078,46.036865234375,53.189109802246094,28.07783317565918,91.6938247680664,59.231361389160156,213.52786254882812,103.28669738769531,151.3609161376953,51.165130615234375,90.77462768554688,45.54106903076172,9316.6298828125,38.00687789916992,16.389999389648438
2020-01-30,298.6866455078125,25.887981414794922,21.11418342590332,27.12105369567871,74.98417663574219,46.434776306152344,53.82080841064453,28.339588165283203,91.02794647216797,59.13201904296875,214.28842163085938,103.51007080078125,151.3609161376953,51.26194763183594,89.60488891601562,45.99856185913086,9508.9931640625,37.44064712524414,15.489999771118164
2020-01-31,293.26312255859375,25.316896438598633,20.455801010131836,26.55381202697754,73.25020599365234,45.160465240478516,53.214385986328125,28.21279525756836,89.21025848388672,59.28338623046875,210.8902587890625,101.44612121582031,148.22161865234375,50.14860916137695,88.34590148925781,45.07526397705078,9350.529296875,36.68277359008789,18.84000015258789
2020-02-01,,,,,,,,,,,,,,,,,9392.875,,
2020-02-02,,,,,,,,,,,,,,,,,9344.365234375,,
2020-02-03,295.44158935546875,25.848447799682617,20.187850952148438,26.73993682861328,73.2231216430664,45.75735092163086,53.214385986328125,28.30278205871582,90.0201187133789,59.70441436767578,214.0766143798828,102.12518310546875,149.8743896484375,52.23974609375,90.32853698730469,45.674156188964844,9293.521484375,37.09220504760742,17.969999313354492
2020-02-04,299.944580078125,26.305322647094727,20.26058006286621,26.996959686279297,74.60485076904297,46.95588302612305,53.5344352722168,28.02056884765625,91.60384368896484,60.79243850708008,218.97659301757812,103.6262435913086,152.136474609375,54.524505615234375,92.90596008300781,46.314640045166016,9180.962890625,38.05043411254883,16.049999237060547
2020-02-05,303.40826416015625,26.792945861816406,21.022310256958008,27.53761100769043,75.85113525390625,47.230648040771484,53.9639892578125,28.135086059570312,93.36754608154297,61.09992599487305,219.6985321044922,105.13622283935547,154.48171997070312,53.75001525878906,95.2157211303711,47.35438919067383,9613.423828125,38.268211364746094,15.149999618530273
2020-02-06,304.42926025390625,26.77976417541504,20.807954788208008,27.502161026000977,76.094970703125,47.66175079345703,54.0566520690918,28.14327049255371,93.44852447509766,60.96274185180664,221.59498596191406,105.10942840576172,154.1309051513672,54.37928771972656,95.31484985351562,46.863624572753906,9729.8017578125,38.30305099487305,14.960000038146973
2020-02-07,302.8067932128906,26.3975772857666,20.66250228881836,27.4046630859375,75.5440902709961,47.22591781616211,54.124027252197266,28.05328941345215,92.71965026855469,60.697845458984375,220.64198303222656,104.26060485839844,152.2381134033203,54.059810638427734,94.49205780029297,46.4061393737793,9795.943359375,37.77167510986328,15.470000267028809
2020-02-08,,,,,,,,,,,,,,,,,9865.119140625,,
2020-02-09,,,,,,,,,,,,,,,,,10116.673828125,,
2020-02-10,305.0672607421875,26.3843936920166,20.55915069580078,27.48443603515625,75.96853637695312,47.865440368652344,54.3514404296875,28.159629821777344,93.21456146240234,61.383758544921875,223.30853271484375,104.71627807617188,153.0967559814453,55.07633972167969,96.03850555419922,46.36454772949219,9856.611328125,37.98073959350586,15.039999961853027
2020-02-11,305.5959777832031,26.529369354248047,20.788816452026367,27.581928253173828,76.25753021240234,47.70438003540039,54.149288177490234,28.26187515258789,93.77246856689453,61.866294860839844,223.3470458984375,105.34174346923828,154.15859985351562,55.94764709472656,95.91954040527344,46.72222137451172,10208.236328125,38.477272033691406,15.180000305175781
2020-02-12,307.56494140625,26.674331665039062,21.06824493408203,27.59965705871582,76.97098541259766,48.22074508666992,54.124027252197266,28.282329559326172,93.88945007324219,62.50016784667969,225.5226593017578,106.0654296875,155.22044372558594,56.47043228149414,97.15869140625,46.84699630737305,10326.0546875,38.99994659423828,13.739999771118164
2020-02-13,307.2366638183594,26.577686309814453,21.003173828125,27.590791702270508,76.53748321533203,48.09282684326172,54.44408416748047,28.597251892089844,93.44852447509766,62.39139175415039,225.23387145996094,105.9671630859375,155.6266632080078,56.88671875,96.07814025878906,47.07157897949219,10214.3798828125,38.48598098754883,14.149999618530273
2020-02-14,307.72894287109375,26.58207893371582,20.89217185974121,27.62624740600586,76.43814849853516,48.30127716064453,54.5704231262207,28.789491653442383,93.52050018310547,62.29676055908203,225.87889099121094,105.98503875732422,155.02650451660156,56.81895065307617,96.24667358398438,46.763816833496094,10312.1162109375,38.50341033935547,13.680000305175781
2020-02-15,,,,,,,,,,,,,,,,,9889.4248046875,,
2020-02-16,,,,,,,,,,,,,,,,,9934.43359375,,
2020-02-17,,,,,,,,,,,,,,,,,9690.142578125,,
2020-02-18,306.9359130859375,26.51618003845215,20.71991729736328,27.386943817138672,76.00469207763672,48.12126159667969,54.37671661376953,29.03079605102539,93.18754577636719,62.29203796386719,225.9654998779297,105.66339111328125,154.6941375732422,57.27397155761719,96.76216125488281,46.13165283203125,10141.99609375,38.25078201293945,14.829999923706055
2020-02-19,308.4034729003906,26.586475372314453,20.995525360107422,27.590791702270508,75.97758483886719,48.69447326660156,54.3177490234375,28.715866088867188,93.61949920654297,62.571128845214844,228.13148498535156,106.03864288330078,155.48818969726562,58.44539260864258,97.49574279785156,46.5142707824707,9633.38671875,38.5295524597168,14.380000114440918
2020-02-20,307.13641357421875,26.630401611328125,20.972551345825195,27.53761100769043,75.86920166015625,48.18758010864258,54.35985565185547,28.818113327026367,93.0166015625,62.59478759765625,226.01365661621094,106.01183319091797,155.86672973632812,57.98069763183594,96.96041107177734,46.9301872253418,9608.4755859375,37.9284782409668,15.5600004196167
2020-02-21,303.97344970703125,26.507396697998047,20.72374725341797,27.271718978881836,75.4898681640625,47.10748291015625,54.452510833740234,28.76494789123535,93.07059478759766,61.63921356201172,221.67201232910156,105.046875,154.28785705566406,56.74150466918945,96.41519927978516,46.28968811035156,9686.44140625,37.710689544677734,17.079999923706055
2020-02-22,,,,,,,,,,,,,,,,,9663.181640625,,
2020-02-23,,,,,,,,,,,,,,,,,9924.515625,,
2020-02-24,293.89215087890625,25.76059341430664,19.766794204711914,26.38541603088379,73.34053802490234,45.160465240478516,53.197532653808594,28.42957305908203,90.13709259033203,59.519927978515625,213.1236114501953,101.8660659790039,149.64352416992188,54.234073638916016,93.1042251586914,44.858985900878906,9650.1748046875,36.299476623535156,25.030000686645508
2020-02-25,284.98651123046875,24.649154663085938,18.894052505493164,25.490243911743164,70.35127258300781,43.7155876159668,52.237342834472656,27.832426071166992,87.40156555175781,57.930450439453125,207.32833862304688,98.44402313232422,144.32518005371094,52.375282287597656,90.27897644042969,43.128849029541016,9341.705078125,36.01201248168945,27.850000381469727
2020-02-26,283.9383239746094,24.565689086914062,18.323711395263672,25.304119110107422,69.8184585571289,43.914554595947266,51.94255447387695,27.550220489501953,87.39259338378906,57.47159194946289,208.3969268798828,97.505859375,142.65394592285156,51.83313751220703,90.73497009277344,42.41349411010742,8820.5224609375,36.299476623535156,27.559999465942383
2020-02-27,271.18609619140625,23.414718627929688,17.34379005432129,24.22281837463379,67.22657012939453,41.545921325683594,49.82846450805664,26.310951232910156,84.4231185913086,55.14888381958008,197.961669921875,93.44052124023438,137.63104248046875,50.06147766113281,86.80935668945312,40.69999694824219,8784.494140625,35.428367614746094,39.15999984741211
2020-02-28,270.0467834472656,23.159929275512695,17.3284854888916,23.566951751708984,65.99834442138672,41.86331558227539,48.84302520751953,25.431596755981445,83.33429718017578,54.79409408569336,198.1156768798828,92.44873809814453,135.11036682128906,51.155452728271484,88.40535736083984,39.518836975097656,8672.455078125,35.29769515991211,40.11000061035156
2020-02-29,,,,,,,,,,,,,,,,,8599.5087890625,,
2020-03-01,,,,,,,,,,,,,,,,,8562.4541015625,,
2020-03-02,281.74139404296875,24.152748107910156,18.028968811035156,24.772329330444336,68.31929779052734,44.284061431884766,51.45403289794922,26.928539276123047,87.23961639404297,56.676856994628906,208.33917236328125,95.97799682617188,139.44998168945312,52.35592269897461,91.89480590820312,41.298892974853516,8869.669921875,36.06427764892578,33.41999816894531
2020-03-03,273.6745910644531,23.941883087158203,17.477764129638672,23.84170913696289,66.64859008789062,42.602325439453125,50.75496292114258,26.597253799438477,85.07099151611328,55.30499267578125,201.65834045410156,93.58348083496094,136.60617065429688,51.30066680908203,89.28763580322266,39.58538055419922,8787.7861328125,35.82036590576172,36.81999969482422
2020-03-04,285.17803955078125,24.93470001220703,17.89116859436035,24.630525588989258,69.40303802490234,44.43092727661133,53.24807357788086,28.106462478637695,89.97511291503906,57.21613693237305,210.07196044921875,97.27356719970703,140.49337768554688,53.04328918457031,93.48089599609375,40.29240798950195,8755.24609375,36.4562873840332,31.989999771118164
2020-03-05,275.6980895996094,24.143964767456055,17.236616134643555,23.442869186401367,66.00736999511719,43.028690338134766,52.24576950073242,27.67292022705078,87.88751220703125,55.082664489746094,203.68951416015625,93.78898620605469,136.02444458007812,51.80409240722656,91.7956771850586,38.17964172363281,9078.7626953125,35.689701080322266,39.619998931884766
2020-03-06,271.1405334472656,23.51576042175293,16.26818084716797,22.64518928527832,65.42940521240234,42.11913299560547,51.83306121826172,27.447973251342773,87.41959381103516,54.23588180541992,200.25282287597656,91.86799621582031,133.3283233642578,50.448726654052734,89.31739044189453,36.507713317871094,9122.5458984375,34.957969665527344,41.939998626708984
2020-03-07,,,,,,,,,,,,,,,,,8909.9541015625,,
2020-03-08,,,,,,,,,,,,,,,,,8108.1162109375,,
2020-03-09,249.96597290039062,21.314865112304688,12.9915771484375,20.216697692871094,59.39670181274414,38.921478271484375,49.57579040527344,25.955116271972656,82.87537384033203,50.82041931152344,186.34237670898438,83.90705108642578,120.36483764648438,46.25676345825195,82.12044525146484,30.851472854614258,7923.64453125,32.57109451293945,54.459999084472656
2020-03-10,262.9004211425781,22.180282592773438,13.607850074768066,21.404348373413086,62.476280212402344,41.51749038696289,50.99921417236328,26.196434020996094,85.71887969970703,53.63037109375,196.48883056640625,87.94559478759766,124.1228256225586,48.45439910888672,84.36080932617188,33.03078842163086,7909.7294921875,34.226219177246094,47.29999923706055
2020-03-11,250.08441162109375,21.125967025756836,12.888226509094238,20.24329376220703,58.8096923828125,39.5562744140625,48.4976806640625,24.879451751708984,82.44345092773438,50.69742965698242,187.9307403564453,83.20121765136719,116.22833251953125,45.443546295166016,78.55171203613281,30.735021591186523,7911.43017578125,32.632076263427734,53.900001525878906
2020-03-12,226.15707397460938,19.09200096130371,11.280545234680176,18.054109573364258,52.72282028198242,35.69538879394531,43.94102096557617,22.36818504333496,76.28852081298828,45.57421875,170.69911193847656,74.80244445800781,103.38487243652344,39.72195816040039,70.16519927978516,28.156442642211914,4970.7880859375,29.36537742614746,75.47000122070312
2020-03-13,245.4904022216797,20.43187141418457,12.321711540222168,20.429418563842773,56.8409423828125,39.88312911987305,47.68069076538086,23.587013244628906,81.57959747314453,48.393646240234375,185.15830993652344,80.87814331054688,110.30980682373047,41.53234100341797,74.58645629882812,31.308963775634766,5563.70703125,31.48219871520996,57.83000183105469
2020-03-14,,,,,,,,,,,,,,,,,5200.3662109375,,
2020-03-15,,,,,,,,,,,,,,,,,5392.31494140625,,
2020-03-16,218.62794494628906,18.18265151977539,10.645127296447754,17.628681182861328,50.392818450927734,34.37367630004883,44.44637680053711,20.908061981201172,73.53501892089844,42.26283645629883,162.97854614257812,71.1391830444336,95.67510223388672,35.06529998779297,65.37715911865234,27.033510208129883,5014.47998046875,27.553455352783203,82.69000244140625
2020-03-17,230.43211364746094,19.30726432800293,10.717860221862793,18.585895538330078,52.71378707885742,36.713897705078125,48.1944694519043,23.58292007446289,78.15121459960938,43.8901481628418,175.3391876220703,75.16879272460938,100.0608901977539,37.0112190246582,67.73649597167969,29.079736709594727,5225.62939453125,29.452497482299805,75.91000366210938
2020-03-18,218.76463317871094,18.072826385498047,9.17908000946045,17.00826644897461,48.830474853515625,35.33060836791992,46.956336975097656,22.556337356567383,75.55967712402344,41.36875915527344,170.00599670410156,70.2724838256836,92.30494689941406,33.58407974243164,65.74394989013672,26.0603084564209,5238.4384765625,26.908832550048828,76.44999694824219
2020-03-19,219.22947692871094,18.53409194946289,9.803011894226074,17.380516052246094,48.86660385131836,35.45851516723633,45.38972854614258,21.243438720703125,74.0119400024414,42.811580657958984,171.02639770507812,70.46013641357422,95.90592956542969,36.604610443115234,69.53076171875,27.44941520690918,6191.19287109375,27.11789894104004,72.0
2020-03-20,209.7820281982422,17.87074851989746,9.898710250854492,16.760101318359375,46.41920471191406,33.833641052246094,42.45021438598633,19.55836296081543,71.16844940185547,41.5390625,164.3262939453125,67.03807830810547,93.62532043457031,36.643333435058594,68.5196304321289,25.63608741760254,6198.7783203125,27.318256378173828,66.04000091552734
2020-03-21,,,,,,,,,,,,,,,,,6185.06640625,,
2020-03-22,,,,,,,,,,,,,,,,,5830.2548828125,,
2020-03-23,204.41824340820312,16.959745407104492,9.22402572631836,15.784943580627441,44.38601303100586,33.524574279785156,41.1939811706543,18.560331344604492,67.4720458984375,41.60751724243164,164.44497680664062,64.65611267089844,92.24031829833984,37.12739562988281,67.97441101074219,23.6572208404541,6416.31494140625,26.664920806884766,61.59000015258789
2020-03-24,222.939208984375,18.9542293548584,10.703315734863281,17.742414474487305,50.00139617919922,36.95798110961914,43.294761657714844,20.555574417114258,72.67124938964844,45.51014709472656,177.17913818359375,71.55841827392578,100.6795425415039,40.806251525878906,73.58524322509766,26.39887237548828,6734.8037109375,28.66849136352539,61.66999816894531
2020-03-25,226.27664184570312,19.396465301513672,11.208152770996094,18.225078582763672,52.63160705566406,36.91037368774414,43.17616653442383,21.08020782470703,73.63874053955078,46.308738708496094,175.8671112060547,73.3539047241211,101.93083953857422,42.39396667480469,74.58645629882812,26.684804916381836,6681.06298828125,29.678985595703125,63.95000076293945
2020-03-26,239.48895263671875,20.307470321655273,11.8930082321167,19.369169235229492,55.9535026550293,39.19612503051758,45.539554595947266,22.877166748046875,78.53050994873047,48.22440719604492,185.1283416748047,77.57649230957031,108.27080535888672,44.50447082519531,77.55049133300781,28.97231101989746,6716.4404296875,30.80272102355957,61.0
2020-03-27,232.35556030273438,19.57335662841797,11.086837768554688,18.77924919128418,53.5963134765625,37.424678802490234,45.32777786254883,23.0010929107666,76.84867858886719,46.60820770263672,178.76129150390625,75.26670837402344,104.33148956298828,42.36492156982422,75.30020141601562,28.03040885925293,6469.79833984375,29.051780700683594,65.54000091552734
2020-03-28,,,,,,,,,,,,,,,,,6242.19384765625,,
2020-03-29,,,,,,,,,,,,,,,,,5922.04296875,,
2020-03-30,239.90145874023438,20.19690704345703,11.200324058532715,19.13677978515625,54.37900924682617,39.00088882446289,47.098201751708984,23.852067947387695,80.44744873046875,47.582679748535156,185.26345825195312,77.24266815185547,106.63019561767578,43.17814254760742,77.35222625732422,27.988357543945312,6429.841796875,29.530902862548828,57.08000183105469
2020-03-31,236.32565307617188,19.91830062866211,11.372519493103027,18.609416961669922,53.70553207397461,38.27230453491211,46.1409797668457,22.889556884765625,80.09479522705078,46.62245559692383,183.68133544921875,75.80809020996094,106.09259033203125,42.59727096557617,76.7673568725586,27.408071517944336,6438.64453125,29.731250762939453,53.540000915527344
2020-04-01,225.68984985351562,19.020559310913086,10.808977127075195,17.47426414489746,51.284629821777344,36.448448181152344,45.36167526245117,21.513954162597656,77.04759979248047,44.54043197631836,175.8767852783203,72.07270050048828,98.86282348632812,38.95714569091797,72.62368774414062,25.63356590270996,6606.7763671875,28.45941734313965,57.060001373291016
2020-04-02,230.8977508544922,19.30801773071289,11.799084663391113,17.912242889404297,51.96723556518555,37.300865173339844,46.522186279296875,22.187297821044922,79.18154907226562,44.70680236816406,179.44619750976562,73.20954132080078,99.79895782470703,39.19916915893555,75.27047729492188,26.112930297851562,6793.62451171875,29.41765022277832,50.90999984741211
2020-04-03,227.56027221679688,18.843669891357422,11.673856735229492,17.554706573486328,51.275543212890625,36.72465515136719,46.88642120361328,21.39415740966797,78.46720123291016,43.927223205566406,176.89939880371094,72.02760314941406,96.971923828125,38.918418884277344,74.20976257324219,24.82621192932129,6733.38720703125,28.860136032104492,46.79999923706055
2020-04-04,,,,,,,,,,,,,,,,,6867.52734375,,
2020-04-05,,,,,,,,,,,,,,,,,6791.12939453125,,
2020-04-06,242.8446044921875,20.245555877685547,12.292180061340332,18.81499671936035,54.82495880126953,39.85805130004883,48.63143539428711,23.046537399291992,82.58138275146484,47.582679748535156,189.5467529296875,77.47724914550781,104.3963851928711,42.77153778076172,79.7016372680664,26.895057678222656,7271.78125,30.436853408813477,45.2400016784668
2020-04-07,243.09228515625,20.785079956054688,12.554384231567383,19.00270652770996,54.697540283203125,39.50089645385742,48.072357177734375,22.757369995117188,81.9031982421875,48.29095458984375,189.46961975097656,78.09982299804688,104.6651840209961,42.81026077270508,78.10565185546875,27.66036605834961,7176.41455078125,30.593656539916992,46.70000076293945
2020-04-08,251.2524871826172,21.80222511291504,13.391864776611328,19.833961486816406,56.68159866333008,40.562835693359375,48.783912658691406,23.99665069580078,85.2759017944336,49.812076568603516,193.49244689941406,81.32991027832031,109.43868255615234,44.543190002441406,81.17871856689453,29.132108688354492,7334.0986328125,30.90726089477539,43.349998474121094
2020-04-09,255.0758514404297,22.73975944519043,13.270547866821289,20.897607803344727,57.53709030151367,40.572364807128906,49.24134063720703,25.128530502319336,85.74609375,50.71048355102539,193.77220153808594,83.20661926269531,114.67566680908203,45.78239059448242,82.70532989501953,31.436439514160156,7302.08935546875,30.79401397705078,41.66999816894531
2020-04-10,,,,,,,,,,,,,,,,,6865.4931640625,,
2020-04-11,,,,,,,,,,,,,,,,,6859.0830078125,,
2020-04-12,,,,,,,,,,,,,,,,,6971.091796875,,
2020-04-13,252.7470245361328,22.24003791809082,13.227499961853027,20.137859344482422,55.8533935546875,40.66283416748047,48.87708282470703,24.331254959106445,84.99560546875,50.69622802734375,195.86566162109375,81.41112518310547,111.57054901123047,46.32453536987305,82.57644653320312,29.66193389892578,6845.03759765625,30.837574005126953,41.16999816894531
2020-04-14,260.2012634277344,22.527488708496094,13.164884567260742,20.227243423461914,56.918209075927734,42.367637634277344,50.95246124267578,25.04591178894043,87.81673431396484,52.67844009399414,204.3840789794922,83.5675277709961,113.83218383789062,48.77387619018555,85.8775405883789,29.18256378173828,6842.427734375,31.543176651000977,37.7599983215332
2020-04-15,254.6724395751953,21.492658615112305,12.546553611755371,19.351295471191406,55.343727111816406,41.44380187988281,50.14772415161133,24.219722747802734,87.3646240234375,51.52334976196289,202.039794921875,80.86974334716797,109.18841552734375,47.98002243041992,83.75611114501953,27.21463966369629,6642.10986328125,30.733034133911133,40.84000015258789
2020-04-16,255.90101623535156,21.36883544921875,12.010412216186523,19.01164436340332,54.85226821899414,41.94857406616211,50.478084564208984,24.223848342895508,89.27251434326172,52.141292572021484,205.72500610351562,80.86974334716797,108.36348724365234,48.98686218261719,86.01631927490234,26.213851928710938,7116.80419921875,30.898548126220703,40.11000061035156
2020-04-17,262.8143310546875,22.226770401000977,13.286200523376465,20.01272964477539,57.427879333496094,42.5057373046875,51.248931884765625,25.004602432250977,91.12614440917969,53.68143844604492,207.6930389404297,83.89232635498047,113.13701629638672,50.59394073486328,90.75479888916016,28.58546257019043,7096.1845703125,31.586732864379883,38.150001525878906
2020-04-18,,,,,,,,,,,,,,,,,7257.6650390625,,
2020-04-19,,,,,,,,,,,,,,,,,7189.4248046875,,
2020-04-20,258.1840515136719,21.67839241027832,12.871374130249023,19.66413116455078,55.898895263671875,41.824771881103516,50.24089813232422,24.058618545532227,90.40277862548828,52.744998931884766,205.23300170898438,82.16900634765625,111.8022689819336,51.11672592163086,94.13518524169922,28.518178939819336,6881.95849609375,31.18602180480957,43.83000183105469
2020-04-21,250.34475708007812,21.143295288085938,12.644392013549805,19.029521942138672,54.57924270629883,40.07234573364258,49.1735725402832,23.66204261779785,87.65399932861328,51.37598419189453,197.66000366210938,79.76901245117188,109.1328125,48.99654769897461,91.2702865600586,27.72764778137207,6880.3232421875,30.323617935180664,45.40999984741211
2020-04-22,255.90101623535156,21.558992385864258,13.094442367553711,19.2351016998291,55.15259552001953,41.615230560302734,49.64793014526367,24.351911544799805,88.9921875,52.483558654785156,203.5254669189453,81.26676940917969,110.45825958251953,50.74884033203125,93.01499938964844,27.609905242919922,7117.20751953125,31.15117073059082,41.97999954223633
2020-04-23,255.88259887695312,21.709354400634766,13.517093658447266,19.154653549194336,55.589454650878906,41.32951354980469,49.20745086669922,23.942951202392578,89.48048400878906,52.46928405761719,203.09133911132812,81.33895111083984,111.54275512695312,50.35191345214844,92.9654312133789,28.122909545898438,7429.724609375,31.03792953491211,41.380001068115234
2020-04-24,259.4493103027344,22.04987907409668,13.548402786254883,19.431737899780273,56.0354118347168,42.20572280883789,49.73265075683594,24.09166717529297,90.68307495117188,53.358192443847656,206.2941436767578,82.50286865234375,113.46144104003906,51.368438720703125,96.16736602783203,28.90503692626953,7550.90087890625,30.994373321533203,35.93000030517578
2020-04-25,,,,,,,,,,,,,,,,,7569.93603515625,,
2020-04-26,,,,,,,,,,,,,,,,,7679.8671875,,
2020-04-27,263.19012451171875,22.638050079345703,13.841910362243652,20.09316635131836,57.427879333496094,42.56764221191406,49.87665557861328,24.34364891052246,91.84950256347656,54.35643768310547,207.95347595214844,84.87580108642578,117.95687866210938,53.866188049316406,97.4560775756836,30.822507858276367,7795.60107421875,31.621580123901367,33.290000915527344
2020-04-28,261.9799499511719,23.058168411254883,14.158897399902344,20.307689666748047,58.50181579589844,42.00096130371094,50.15617752075195,24.434532165527344,89.99588775634766,54.570343017578125,204.0367431640625,86.04873657226562,119.67164611816406,52.326873779296875,94.44249725341797,31.604637145996094,7807.05859375,31.682559967041016,33.56999969482422
2020-04-29,268.8381652832031,23.64634895324707,15.207710266113281,20.897607803344727,59.621246337890625,43.72480773925781,49.944427490234375,24.211463928222656,90.59266662597656,55.77299118041992,211.27210998535156,89.03522491455078,125.55741882324219,54.82462692260742,94.96788787841797,33.41278076171875,8801.0380859375,32.60593795776367,31.229999542236328
2020-04-30,266.3351135253906,22.943191528320312,14.871149063110352,20.370256423950195,58.43809509277344,43.52956771850586,49.351463317871094,23.653779983520508,90.17671203613281,55.425987243652344,211.18527221679688,86.7435073852539,120.78392791748047,53.566070556640625,92.57882690429688,32.06718826293945,8658.5537109375,31.91775894165039,34.150001525878906
2020-05-01,259.2842712402344,22.461156845092773,14.029754638671875,19.717761993408203,56.672481536865234,42.33430480957031,48.80931091308594,23.083715438842773,88.45873260498047,53.35343933105469,205.23300170898438,83.61263275146484,115.9918441772461,50.71011734008789,90.04106140136719,30.553390502929688,8864.7666015625,30.76788330078125,37.189998626708984
2020-05-02,,,,,,,,,,,,,,,,,8988.5966796875,,
2020-05-03,,,,,,,,,,,,,,,,,8897.46875,,
2020-05-04,259.9994812011719,22.54075813293457,14.515024185180664,19.539003372192383,55.9535026550293,42.89622497558594,48.783912658691406,23.257213592529297,88.41352081298828,53.64341735839844,207.62550354003906,83.67578125,116.49238586425781,52.578590393066406,94.6010971069336,30.250627517700195,8912.654296875,31.09891128540039,35.970001220703125
2020-05-05,262.40167236328125,22.598247528076172,14.526765823364258,19.476430892944336,56.17192459106445,43.4867057800293,48.82625961303711,23.44723129272461,90.3304443359375,53.83830261230469,209.97938537597656,84.05474090576172,117.39146423339844,53.3046760559082,96.65312194824219,29.670345306396484,9003.0703125,31.273130416870117,33.61000061035156
2020-05-06,260.6229248046875,22.20907974243164,14.1471586227417,19.056333541870117,55.39833068847656,43.824798583984375,48.29259490966797,22.64996337890625,89.43526458740234,53.828800201416016,211.27210998535156,82.84571075439453,116.52945709228516,53.566070556640625,97.13884735107422,28.888216018676758,9268.76171875,31.177310943603516,34.119998931884766
2020-05-07,263.76788330078125,22.66458511352539,14.515024185180664,19.503244400024414,56.04450988769531,44.481971740722656,48.15706253051758,22.7408447265625,89.42622375488281,54.67491912841797,213.99256896972656,84.33445739746094,118.12371826171875,54.79557800292969,97.28755950927734,29.27507781982422,9951.5185546875,31.429931640625,31.440000534057617
2020-05-08,268.1322021484375,23.208532333374023,15.176403999328613,19.92333984375,57.436981201171875,45.13436508178711,49.23286056518555,23.199378967285156,89.88735961914062,55.73971176147461,216.92532348632812,86.64423370361328,122.68404388427734,56.441383361816406,98.70512390136719,30.729997634887695,9842.666015625,32.091983795166016,27.979999542236328
2020-05-09,,,,,,,,,,,,,,,,,9593.896484375,,
2020-05-10,,,,,,,,,,,,,,,,,8756.4306640625,,
2020-05-11,268.1871643066406,22.8547420501709,14.91028881072998,19.539003372192383,56.717979431152344,45.43436813354492,49.16508865356445,23.100234985351562,91.43358612060547,55.616119384765625,218.8643798828125,85.61566162109375,122.07231903076172,57.77738952636719,103.41388702392578,29.41804313659668,8601.7958984375,31.882909774780273,27.56999969482422
2020-05-12,262.841796875,22.505380630493164,14.648083686828613,19.029521942138672,55.125301361083984,44.49625778198242,48.75001907348633,22.897823333740234,90.04109191894531,54.39922332763672,214.281982421875,83.37805938720703,117.68809509277344,56.30584716796875,101.18342590332031,27.91266441345215,8804.4775390625,31.760955810546875,33.040000915527344
2020-05-13,258.1932067871094,22.032180786132812,13.982795715332031,18.46640968322754,53.741939544677734,43.72956848144531,48.309532165527344,22.703664779663086,89.06456756591797,53.462772369384766,211.60009765625,80.93290710449219,113.74878692626953,54.53419494628906,99.17103576660156,26.407285690307617,9269.9873046875,31.699983596801758,35.279998779296875
2020-05-14,261.2831115722656,22.301952362060547,14.13933277130127,18.94013786315918,54.30619812011719,44.28672790527344,48.190940856933594,22.9473934173584,90.04109191894531,54.261356353759766,214.002197265625,82.18705749511719,114.11954498291016,54.45674133300781,98.25904083251953,27.24827766418457,9733.7216796875,31.82193946838379,32.61000061035156
2020-05-15,262.4842224121094,22.49653434753418,14.084547996520996,18.81499671936035,54.11507797241211,44.51054382324219,48.6144905090332,22.64170265197754,90.80062866210938,54.893585205078125,215.3914337158203,82.3404541015625,115.93626403808594,56.23807907104492,101.7781982421875,26.94551658630371,9328.197265625,31.38637924194336,31.889999389648438
2020-05-16,,,,,,,,,,,,,,,,,9377.013671875,,
2020-05-17,,,,,,,,,,,,,,,,,9670.7392578125,,
2020-05-18,270.4794006347656,23.522520065307617,15.235106468200684,19.780332565307617,57.68271255493164,45.601051330566406,49.385337829589844,23.5711612701416,91.55110931396484,56.970863342285156,219.40460205078125,86.84272766113281,122.98064422607422,57.97101593017578,104.74223327636719,29.636709213256836,9726.5751953125,32.61465072631836,29.299999237060547
2020-05-19,267.7013244628906,23.296981811523438,14.808536529541016,19.297664642333984,56.94552230834961,45.43436813354492,48.47895431518555,23.182857513427734,90.44799041748047,56.766475677490234,218.8547821044922,85.64273071289062,120.55219268798828,57.91292953491211,101.75837707519531,28.349979400634766,9729.0380859375,32.35331344604492,30.530000686645508
2020-05-20,272.24896240234375,23.66846466064453,15.399468421936035,19.726699829101562,58.010345458984375,46.42963409423828,49.05497741699219,23.310916900634766,90.55650329589844,57.50802993774414,223.22486877441406,87.2036361694336,124.20417022705078,59.84917068481445,104.70256805419922,29.796485900878906,9522.9814453125,32.7801628112793,27.989999771118164
2020-05-21,270.36944580078125,23.442914962768555,15.152920722961426,19.66413116455078,58.14685821533203,45.78200149536133,48.51285171508789,23.075456619262695,89.88735961914062,57.71242904663086,220.7938232421875,86.8156509399414,124.42662048339844,60.004066467285156,103.87979888916016,29.687158584594727,9081.76171875,32.405582427978516,29.530000686645508
2020-05-22,270.8828125,23.40753936767578,15.058992385864258,19.59263038635254,58.10136032104492,45.948673248291016,48.68226623535156,23.331567764282227,90.0772476196289,57.62685775756836,221.55596923828125,86.88784790039062,125.02909088134766,60.75920104980469,105.12885284423828,29.375993728637695,9182.5771484375,31.73482894897461,28.15999984741211
2020-05-23,,,,,,,,,,,,,,,,,9209.287109375,,
2020-05-24,,,,,,,,,,,,,,,,,8790.3681640625,,
2020-05-25,,,,,,,,,,,,,,,,,8906.9345703125,,
2020-05-26,274.2201843261719,24.048782348632812,15.477740287780762,20.611587524414062,60.540435791015625,45.90105056762695,48.94485092163086,23.484413146972656,89.91448974609375,58.53953170776367,220.95779418945312,89.70289611816406,128.63473510742188,60.89474105834961,102.65056610107422,31.848527908325195,8835.052734375,32.43171310424805,28.010000228881836
2020-05-27,278.3004455566406,24.292015075683594,15.677324295043945,21.505409240722656,62.56090545654297,46.1629638671875,49.68183135986328,23.765317916870117,90.84584045410156,59.54252624511719,222.16368103027344,91.92245483398438,132.629638671875,60.51716995239258,102.6803207397461,34.15285873413086,9181.017578125,32.536251068115234,27.6200008392334
2020-05-28,277.7870178222656,24.517555236816406,15.23901653289795,21.165761947631836,61.96930694580078,46.07248306274414,50.122318267822266,24.467578887939453,92.03033447265625,58.81998825073242,221.874267578125,91.00216674804688,129.48744201660156,59.78139877319336,101.64934539794922,32.916587829589844,9525.7509765625,32.30976486206055,28.59000015258789
2020-05-29,279.02471923828125,24.521976470947266,15.168574333190918,20.9244327545166,61.58708953857422,46.65345764160156,50.173133850097656,24.65760040283203,93.14253234863281,59.03390121459961,225.12539672851562,90.8668212890625,128.74595642089844,60.81728744506836,102.66046905517578,32.10924530029297,9439.1240234375,32.867279052734375,27.510000228881836
2020-05-30,,,,,,,,,,,,,,,,,9700.4140625,,
2020-05-31,,,,,,,,,,,,,,,,,9461.05859375,,
2020-06-01,280.1524353027344,24.690025329589844,15.434691429138184,21.165761947631836,61.72359085083008,46.639163970947266,50.52043914794922,24.950897216796875,92.22023010253906,59.594825744628906,225.80068969726562,91.93148040771484,129.97872924804688,62.734169006347656,103.2057113647461,32.420406341552734,10167.2685546875,33.62514877319336,28.229999542236328
2020-06-02,282.4721374511719,25.136680603027344,15.865167617797852,21.33558464050293,62.52448272705078,47.07726287841797,50.655975341796875,25.11200523376465,92.75370025634766,60.10344314575195,227.3152618408203,93.09542083740234,131.0539093017578,63.50865936279297,104.6332015991211,32.31948471069336,9529.8037109375,34.426578521728516,26.84000015258789
2020-06-03,286.2313537597656,25.707168579101562,16.33087730407715,22.131092071533203,64.96357727050781,47.44395065307617,50.72373962402344,25.41356086730957,92.5728759765625,61.23952102661133,228.33790588378906,95.61271667480469,134.2146453857422,63.77005386352539,103.03717803955078,34.186492919921875,9656.7177734375,35.228004455566406,25.65999984741211
2020-06-04,285.4795227050781,25.80003547668457,16.33478355407715,22.613750457763672,65.65525817871094,47.053462982177734,50.478084564208984,24.959157943725586,91.8404769897461,60.930538177490234,226.73646545410156,96.09992980957031,134.02000427246094,61.91126251220703,101.1933364868164,35.41435623168945,9800.63671875,34.731468200683594,25.809999465942383
2020-06-05,292.79632568359375,26.458967208862305,17.547958374023438,23.453947067260742,68.06704711914062,48.291587829589844,51.18117141723633,25.277250289916992,93.32334899902344,62.38986587524414,231.2320098876953,99.64582824707031,139.20135498046875,62.201698303222656,102.01612854003906,37.46637725830078,9665.533203125,35.646141052246094,24.520000457763672
2020-06-06,,,,,,,,,,,,,,,,,9653.6796875,,
2020-06-07,,,,,,,,,,,,,,,,,9758.8525390625,,
2020-06-08,296.3354187011719,26.494348526000977,18.338476181030273,23.900859832763672,69.43221282958984,48.534446716308594,51.73177719116211,25.95471954345703,93.96536254882812,63.3405647277832,233.02638244628906,102.03681182861328,141.89862060546875,63.28599548339844,103.89961242675781,38.702640533447266,9771.4892578125,35.86391830444336,25.809999465942383
2020-06-09,294.1257019042969,26.171512603759766,17.649707794189453,23.391382217407227,67.70301055908203,48.76301956176758,51.3082389831543,25.43421745300293,92.9887924194336,62.84621047973633,234.714599609375,99.48342895507812,139.2754669189453,63.51834487915039,103.72119140625,37.76073455810547,9795.7001953125,35.62001419067383,27.56999969482422
2020-06-10,292.48455810546875,25.875215530395508,16.780920028686523,22.515430450439453,66.08300018310547,49.577327728271484,51.16422653198242,25.28550910949707,92.84413146972656,62.25676345825195,237.53158569335938,97.02928924560547,135.49374389648438,64.3896484375,103.85005950927734,35.246150970458984,9870.0947265625,35.88134765625,27.56999969482422
2020-06-11,275.6230773925781,23.87631607055664,15.199878692626953,20.67415428161621,61.441444396972656,46.734405517578125,49.22439193725586,24.298208236694336,87.68110656738281,58.995872497558594,225.76206970214844,90.31644439697266,125.15887451171875,59.607139587402344,98.11034393310547,31.966259002685547,9321.78125,34.00844192504883,40.790000915527344
2020-06-12,278.923828125,24.34065818786621,15.583403587341309,21.299837112426758,62.63370895385742,47.33917999267578,49.23286056518555,24.236244201660156,88.25076293945312,59.58054733276367,227.5564727783203,92.12095642089844,128.16200256347656,60.43003845214844,99.35942840576172,33.13526153564453,9480.84375,34.731468200683594,36.09000015258789
2020-06-13,,,,,,,,,,,,,,,,,9475.27734375,,
2020-06-14,,,,,,,,,,,,,,,,,9386.7880859375,,
2020-06-15,281.52777099609375,24.597156524658203,15.630363464355469,21.594791412353516,63.2525749206543,47.796329498291016,49.800418853759766,24.401479721069336,88.44966125488281,60.14621353149414,230.3251953125,93.14054107666016,131.12509155273438,62.57926559448242,102.1648178100586,33.6146125793457,9450.7021484375,34.41604232788086,34.400001525878906
2020-06-16,286.946533203125,25.11014747619629,16.080415725708008,21.9344539642334,64.49032592773438,48.815406799316406,50.579734802246094,24.513019561767578,90.62886047363281,61.4106559753418,234.28053283691406,95.08037567138672,134.2779083251953,64.56391906738281,103.74101257324219,34.81724166870117,9538.0244140625,34.63508605957031,33.66999816894531
2020-06-17,285.7546691894531,24.902294158935547,15.532525062561035,21.603731155395508,64.02617645263672,48.80588150024414,50.50349807739258,24.438657760620117,90.53839111328125,61.24903106689453,235.02330017089844,94.0157241821289,131.85049438476562,64.37997436523438,103.82030487060547,33.749183654785156,9480.2548828125,34.968040466308594,33.470001220703125
2020-06-18,285.86468505859375,24.919986724853516,15.724288940429688,21.57691764831543,63.78952407836914,49.02492141723633,50.76609802246094,24.434532165527344,90.2309799194336,61.0256233215332,235.66004943847656,93.95254516601562,131.8040313720703,65.47394561767578,104.93058013916016,33.90055847167969,9411.8408203125,34.98556137084961,32.939998626708984
2020-06-19,284.23101806640625,24.844810485839844,15.48556900024414,21.43390655517578,63.0068359375,48.68683624267578,50.50349807739258,23.74879264831543,91.09903717041016,60.550262451171875,235.6215057373047,92.97811126708984,131.12509155273438,65.86119079589844,107.90452575683594,33.538936614990234,9288.0185546875,34.976806640625,35.119998931884766
2020-06-20,,,,,,,,,,,,,,,,,9332.3408203125,,
2020-06-21,,,,,,,,,,,,,,,,,9303.6298828125,,
2020-06-22,286.05438232421875,24.936853408813477,15.557302474975586,21.327762603759766,63.11288070678711,49.60413360595703,50.35923385620117,23.980390548706055,90.7494125366211,61.172515869140625,238.44717407226562,93.08230590820312,132.43643188476562,69.01726531982422,111.07425689697266,33.49142074584961,9648.7177734375,35.406124114990234,31.770000457763672
2020-06-23,287.37127685546875,24.994657516479492,15.573161125183105,21.42671012878418,63.12201690673828,49.9622688293457,50.28239822387695,23.738798141479492,91.13985443115234,61.65374755859375,240.47657775878906,93.19102478027344,132.9944610595703,70.09188079833984,112.77957916259766,33.135032653808594,9629.658203125,35.747825622558594,31.3700008392334
2020-06-24,280.0407409667969,24.265409469604492,14.709085464477539,20.67110824584961,60.928070068359375,48.835330963134766,49.4372444152832,23.52219581604004,88.76081848144531,60.295833587646484,235.51905822753906,90.11064910888672,128.67906188964844,67.09070587158203,110.46944427490234,31.395544052124023,9313.6103515625,35.274688720703125,33.84000015258789
2020-06-25,283.04290771484375,24.567781448364258,14.990506172180176,21.219823837280273,61.60454177856445,49.46086883544922,49.787254333496094,23.230615615844727,89.63250732421875,60.37683868408203,237.7610321044922,91.03474426269531,130.62289428710938,68.32989501953125,113.19600677490234,32.43924331665039,9264.8134765625,35.42364501953125,32.220001220703125
2020-06-26,276.32025146484375,24.22983169555664,14.471268653869629,20.311294555664062,60.46183776855469,48.48674774169922,48.7713623046875,22.984848022460938,88.54290008544922,58.96175765991211,232.14630126953125,89.1865234375,127.10736083984375,66.77122497558594,109.47798919677734,30.46216583251953,9162.91796875,34.99432373046875,34.72999954223633
2020-06-27,,,,,,,,,,,,,,,,,9045.390625,,
2020-06-28,,,,,,,,,,,,,,,,,9143.58203125,,
2020-06-29,280.381591796875,24.701175689697266,14.665487289428711,20.536178588867188,62.445552825927734,49.01679229736328,49.69335174560547,23.418062210083008,89.34194946289062,60.0814323425293,234.67822265625,90.96228790283203,131.26458740234375,67.14878845214844,109.45816802978516,31.768888473510742,9190.8544921875,35.15203094482422,31.780000686645508
2020-06-30,283.9730224609375,25.056913375854492,15.002398490905762,20.81502914428711,62.802066802978516,49.895416259765625,50.060428619384766,23.505537033081055,90.86746215820312,60.84852600097656,239.2782745361328,92.19444274902344,133.16183471679688,69.03661346435547,110.99493408203125,32.57500457763672,9137.9931640625,35.03813171386719,30.43000030517578
2020-07-01,285.9622497558594,25.11026954650879,14.637737274169922,20.63512420654297,62.5186882019043,49.976593017578125,50.10312271118164,24.055370330810547,91.56665802001953,61.463157653808594,242.07110595703125,92.06758880615234,131.8970489501953,71.15680694580078,111.51051330566406,31.217350006103516,9228.3251953125,35.432403564453125,28.6200008392334
2020-07-02,287.5370178222656,25.58161735534668,14.800250053405762,20.662109375,63.05803298950195,50.26787567138672,50.35923385620117,24.117847442626953,92.25676727294922,61.70615005493164,243.7139892578125,92.62023162841797,132.43643188476562,72.5509033203125,111.92691802978516,31.064624786376953,9123.41015625,36.238487243652344,27.68000030517578
2020-07-03,,,,,,,,,,,,,,,,,9087.3037109375,,
2020-07-04,,,,,,,,,,,,,,,,,9132.48828125,,
2020-07-05,,,,,,,,,,,,,,,,,9073.9423828125,,
2020-07-06,291.9758605957031,25.946243286132812,14.843849182128906,21.057907104492188,63.963050842285156,51.14650344848633,50.60680389404297,23.822101593017578,93.19203186035156,63.16888427734375,249.70558166503906,93.6349868774414,133.3943634033203,75.27131652832031,111.9566650390625,31.395544052124023,9375.474609375,37.79808044433594,27.940000534057617
2020-07-07,288.9644775390625,25.95513343811035,14.372175216674805,20.626127243041992,62.73807907104492,50.6116943359375,51.06779479980469,23.726299285888672,92.38388061523438,62.17782974243164,247.9854278564453,92.14005279541016,131.03207397460938,76.3265609741211,114.05856323242188,30.300933837890625,9252.27734375,37.167232513427734,29.43000030517578
2020-07-08,291.1746520996094,25.5860652923584,14.360282897949219,20.842018127441406,62.73807907104492,51.437782287597656,50.939735412597656,23.938732147216797,92.39297485351562,62.84012985229492,251.2518768310547,92.41189575195312,132.00863647460938,78.1466293334961,115.77381134033203,30.25851821899414,9428.3330078125,38.131011962890625,28.079999923706055
2020-07-09,289.51702880859375,25.345943450927734,13.65079402923584,20.4012508392334,61.375999450683594,51.62400817871094,50.53850555419922,23.61800193786621,91.6665267944336,62.7686653137207,253.3682861328125,90.94414520263672,129.3394317626953,78.49515533447266,115.10953521728516,29.011186599731445,9277.9677734375,38.131011962890625,29.260000228881836
2020-07-10,292.47308349609375,25.78616714477539,14.08679485321045,21.102874755859375,62.171329498291016,51.60969161987305,51.46902847290039,24.063701629638672,91.4486083984375,63.51668167114258,255.09803771972656,92.47529602050781,131.4227294921875,78.31121063232422,113.93960571289062,30.4451904296875,9278.8076171875,37.88569259643555,27.290000915527344
2020-07-11,,,,,,,,,,,,,,,,,9240.3466796875,,
2020-07-12,,,,,,,,,,,,,,,,,9276.5,,
2020-07-13,289.9405822753906,25.78616714477539,14.011484146118164,21.192829132080078,62.427268981933594,50.54005813598633,51.392189025878906,24.088695526123047,91.96617126464844,62.71146774291992,249.85060119628906,92.04041290283203,129.7579803466797,75.64888000488281,110.99493408203125,30.877948760986328,9243.6142578125,37.6316032409668,32.189998626708984
2020-07-14,293.6979675292969,26.435380935668945,14.502975463867188,21.300777435302734,63.780189514160156,51.12262725830078,52.14344024658203,24.313623428344727,93.79134368896484,63.335636138916016,251.61903381347656,93.53529357910156,131.90631103515625,76.30720520019531,113.82062530517578,30.233060836791992,9243.2138671875,37.68416976928711,29.520000457763672
2020-07-15,296.39617919921875,26.880041122436523,14.816106796264648,21.72355079650879,65.40739440917969,51.39958953857422,52.18612289428711,24.217824935913086,95.00811767578125,64.24092102050781,252.1312255859375,95.70064544677734,136.74249267578125,78.34994506835938,116.23979949951172,32.023460388183594,9192.8369140625,37.79808044433594,27.760000228881836
2020-07-16,295.4200134277344,26.968975067138672,14.7487211227417,21.72355079650879,65.42567443847656,50.76449203491211,52.29710388183594,24.52606201171875,94.85374450683594,64.06939697265625,250.41110229492188,95.56472778320312,135.93338012695312,77.21723937988281,115.30782318115234,31.9385986328125,9132.2275390625,37.263607025146484,28.0
2020-07-17,296.2764892578125,27.195755004882812,14.542616844177246,21.54364776611328,65.81875610351562,51.012786865234375,52.57881546020508,25.080062866210938,96.1522445678711,63.76922607421875,250.70098876953125,95.89091491699219,136.33323669433594,78.09822082519531,117.72702026367188,31.13249397277832,9151.392578125,37.47389221191406,25.68000030517578
2020-07-18,,,,,,,,,,,,,,,,,9159.0400390625,,
2020-07-19,,,,,,,,,,,,,,,,,9185.8173828125,,
2020-07-20,298.6708984375,26.9600830078125,14.300832748413086,21.444704055786133,65.0143051147461,52.31641387939453,52.04954147338867,24.75099754333496,96.13407135009766,64.78884887695312,257.81365966796875,95.38352966308594,135.74734497070312,81.35110473632812,119.33319091796875,30.572465896606445,9164.2314453125,37.955780029296875,24.459999084472656
2020-07-21,299.3063659667969,27.195755004882812,15.164904594421387,21.867477416992188,65.87362670898438,51.79114532470703,52.50199508666992,24.863462448120117,96.07051849365234,64.88890838623047,255.12701416015625,96.33482360839844,137.6725311279297,79.88924407958984,116.85453033447266,32.32892608642578,9374.8876953125,38.30625534057617,24.84000015258789
2020-07-22,301.00994873046875,27.51146697998047,14.978614807128906,21.867477416992188,66.40381622314453,52.20658493041992,52.92030715942383,25.246688842773438,96.93315124511719,65.44636535644531,256.02581787109375,97.10494232177734,137.74693298339844,79.89893341064453,116.28938293457031,32.01496505737305,9525.36328125,38.13977813720703,24.31999969482422
2020-07-23,297.41845703125,27.42698097229004,14.950865745544434,21.88547134399414,66.20272064208984,50.85044860839844,53.10811996459961,25.275842666625977,96.49729919433594,64.46485900878906,249.33839416503906,96.94186401367188,137.88641357421875,77.90460205078125,113.93960571289062,32.838035583496094,9581.072265625,37.8331184387207,26.079999923706055
2020-07-24,295.5028991699219,27.33359718322754,14.867630958557129,21.831499099731445,65.67251586914062,50.23445129394531,53.03981018066406,25.109220504760742,95.43488311767578,64.57918548583984,246.9707489013672,96.23519134521484,135.85897827148438,76.31688690185547,111.2725601196289,32.642887115478516,9536.892578125,37.79808044433594,25.84000015258789
2020-07-25,,,,,,,,,,,,,,,,,9677.11328125,,
2020-07-26,,,,,,,,,,,,,,,,,9905.1669921875,,
2020-07-27,297.6578369140625,27.72935676574707,14.883491516113281,21.651592254638672,65.94674682617188,51.027122497558594,53.30446243286133,24.805147171020508,96.1522445678711,64.97941589355469,251.37741088867188,96.62474822998047,137.27259826660156,79.3567886352539,114.15771484375,31.85374641418457,10990.873046875,38.385108947753906,24.739999771118164
2020-07-28,295.76995849609375,27.120161056518555,14.629815101623535,21.597620010375977,65.48966979980469,50.43022918701172,53.50080871582031,25.180036544799805,96.04326629638672,64.33619689941406,248.1787109375,96.03584289550781,135.9054718017578,76.82030487060547,111.24279022216797,31.68404197692871,10912.8232421875,38.06968307495117,25.440000534057617
2020-07-29,299.4076232910156,27.342491149902344,14.935016632080078,22.00240707397461,66.48609161376953,51.16083526611328,53.5776252746582,25.296669006347656,97.05120086669922,64.98893737792969,251.03921508789062,97.61228942871094,138.90016174316406,77.5173568725586,109.4383316040039,32.778648376464844,11100.4677734375,38.68301010131836,24.100000381469727
2020-07-30,298.3393859863281,26.813343048095703,14.348395347595215,21.606616973876953,65.81875610351562,51.44733428955078,53.5776252746582,25.296669006347656,96.37925720214844,64.93653869628906,252.3535919189453,96.84219360351562,138.35142517089844,77.83683776855469,111.00484466552734,32.19316101074219,11111.2138671875,38.19234848022461,24.760000228881836
2020-07-31,300.6968994140625,26.84001922607422,14.281015396118164,21.615612030029297,65.57194519042969,52.731849670410156,53.52642059326172,25.33832359313965,95.82535552978516,65.27483367919922,256.85687255859375,96.79689025878906,137.04937744140625,77.80780029296875,108.39727783203125,31.887691497802734,11323.466796875,37.929500579833984,24.459999084472656
2020-08-01,,,,,,,,,,,,,,,,,11759.5927734375,,
2020-08-02,,,,,,,,,,,,,,,,,11053.6142578125,,
2020-08-03,302.787353515625,26.68883514404297,14.332537651062012,21.678579330444336,65.84620666503906,54.03068542480469,53.381282806396484,25.06340217590332,96.81513214111328,65.13664245605469,260.326171875,97.03244018554688,139.2814483642578,81.01226806640625,112.94813537597656,31.79435157775879,11246.3486328125,38.19234848022461,24.280000686645508
2020-08-04,303.9569091796875,27.066804885864258,14.681341171264648,21.588624954223633,66.01073455810547,54.16917419433594,54.04717254638672,25.33832359313965,96.38834381103516,65.66075897216797,261.2926940917969,97.51261901855469,140.23936462402344,81.51568603515625,112.60111236572266,31.624652862548828,11205.892578125,38.70052719116211,23.760000228881836
2020-08-05,305.84478759765625,27.462553024291992,14.835925102233887,21.88547134399414,67.27227020263672,54.369712829589844,53.93619918823242,25.01341438293457,96.83325958251953,66.46123504638672,261.9400329589844,98.30087280273438,143.02951049804688,82.88074493408203,113.41413879394531,32.41378402709961,11747.0224609375,39.12110137939453,22.989999771118164
2020-08-06,307.8891906738281,27.34693717956543,14.71701717376709,21.87647247314453,67.5282211303711,55.13373947143555,53.927650451660156,25.159208297729492,96.315673828125,66.78519439697266,265.4094543457031,98.22837829589844,142.97366333007812,82.1643295288086,112.83907318115234,32.21860885620117,11779.7734375,39.24375915527344,22.649999618530273
2020-08-07,308.11029052734375,27.440324783325195,14.736834526062012,22.344226837158203,68.6800537109375,54.312416076660156,54.21791076660156,25.61324691772461,96.62443542480469,66.88525390625,262.3460388183594,99.22498321533203,145.2429656982422,79.86019897460938,112.94813537597656,33.64414978027344,11601.47265625,38.437679290771484,22.209999084472656
2020-08-08,,,,,,,,,,,,,,,,,11754.0458984375,,
2020-08-09,,,,,,,,,,,,,,,,,11675.7392578125,,
2020-08-10,309.0312194824219,27.707117080688477,15.19265079498291,22.506141662597656,70.3712387084961,54.15961456298828,54.49962615966797,25.604907989501953,96.29755401611328,67.6856918334961,261.22491455078125,100.26687622070312,146.74960327148438,80.8089599609375,112.93821716308594,34.272056579589844,11878.111328125,38.5340576171875,22.1299991607666
2020-08-11,306.48016357421875,27.658203125,15.14112377166748,22.767004013061523,70.74600982666016,53.185489654541016,54.124000549316406,25.0509033203125,95.68916320800781,67.55230712890625,256.27716064453125,100.15814971923828,145.90330505371094,78.97921752929688,108.44686126708984,34.94239044189453,11410.525390625,38.428916931152344,24.030000686645508
2020-08-12,310.75323486328125,27.822736740112305,15.291741371154785,22.704038619995117,70.97456359863281,54.39359664916992,54.82402420043945,25.413299560546875,97.29639434814453,68.44802856445312,262.7228698730469,100.7470474243164,146.49850463867188,81.2736587524414,108.79387664794922,34.713287353515625,11584.9345703125,38.94586181640625,22.280000686645508
2020-08-13,310.1914978027344,27.81829071044922,14.99446964263916,22.56011390686035,70.59977722167969,54.417476654052734,54.781349182128906,25.371646881103516,97.16927337646484,68.41946411132812,263.322021484375,100.2578125,146.1916046142578,83.02595520019531,110.2909927368164,34.025978088378906,11784.1376953125,38.83195114135742,22.1299991607666
2020-08-14,310.20074462890625,27.849414825439453,15.13715934753418,22.650066375732422,70.87401580810547,54.3792610168457,54.77280044555664,25.15087890625,96.97856903076172,68.41468048095703,263.0128173828125,100.54773712158203,146.09860229492188,82.01911163330078,109.2598648071289,34.47571563720703,11768.87109375,38.76185989379883,22.049999237060547
2020-08-15,,,,,,,,,,,,,,,,,11865.6982421875,,
2020-08-16,,,,,,,,,,,,,,,,,11892.8037109375,,
2020-08-17,311.1861267089844,27.973918914794922,15.049958229064941,22.272266387939453,70.544921875,54.74217987060547,55.08012390136719,25.117557525634766,97.55061340332031,69.29615020751953,266.0666809082031,100.59302520751953,146.8519287109375,84.83634185791016,113.0869369506836,33.85627365112305,12254.40234375,39.25252151489258,21.350000381469727
2020-08-18,311.8583679199219,27.85830307006836,14.85970687866211,22.128341674804688,70.16097259521484,54.947509765625,55.30208969116211,25.005088806152344,97.52336883544922,69.72494506835938,268.6275939941406,100.01319885253906,145.44757080078125,85.75605773925781,112.09547424316406,32.82955551147461,11991.2333984375,39.20870590209961,21.510000228881836
2020-08-19,310.5599060058594,27.77826690673828,14.689266204833984,22.11934471130371,69.9781494140625,54.88066101074219,54.86671829223633,24.930110931396484,97.2055892944336,69.3962173461914,266.8204650878906,99.62360382080078,145.4568634033203,86.02713012695312,111.90708923339844,33.033203125,11758.283203125,38.7268180847168,22.540000915527344
2020-08-20,311.5268249511719,27.680438995361328,14.372175216674805,21.91245460510254,69.60334777832031,55.611263275146484,54.75572967529297,24.70934295654297,96.89684295654297,69.29136657714844,270.52166748046875,99.16155242919922,144.8616180419922,86.62737274169922,111.88726043701172,32.303466796875,11878.3720703125,38.604156494140625,22.719999313354492
2020-08-21,312.6319580078125,27.52036476135254,14.281015396118164,21.867477416992188,69.8867416381836,56.31797790527344,54.892330169677734,24.75099754333496,96.99673461914062,69.64871215820312,272.396484375,98.9803466796875,143.7921142578125,86.96620178222656,110.50910949707031,32.05739212036133,11592.4892578125,38.79690933227539,22.540000915527344
2020-08-22,,,,,,,,,,,,,,,,,11681.8251953125,,
2020-08-23,,,,,,,,,,,,,,,,,11664.84765625,,
2020-08-24,315.7998962402344,28.00504493713379,14.673412322998047,22.389204025268555,71.14826965332031,56.805049896240234,55.361854553222656,24.96759796142578,96.55180358886719,70.70645141601562,274.0972900390625,100.60211181640625,145.29876708984375,85.63987731933594,107.87181091308594,33.41505432128906,11774.595703125,39.22623062133789,22.3700008392334
2020-08-25,316.90496826171875,27.893878936767578,14.467303276062012,22.452167510986328,71.05683898925781,57.091552734375,55.242332458496094,24.730165481567383,97.2055892944336,70.9399185180664,276.2522888183594,100.60211181640625,145.4568634033203,86.64672088623047,109.1706314086914,33.525352478027344,11366.134765625,39.62051773071289,22.030000686645508
2020-08-26,320.0821533203125,28.18735694885254,14.162101745605469,22.344226837158203,71.0934066772461,58.251914978027344,55.31062698364258,24.455251693725586,97.08751678466797,71.64033508300781,282.14727783203125,100.429931640625,144.54547119140625,88.48615264892578,107.82223510742188,32.73622131347656,11488.36328125,39.72565460205078,23.270000457763672
2020-08-27,320.78204345703125,28.11176872253418,14.189848899841309,22.722026824951172,71.34938049316406,58.299659729003906,55.65211486816406,24.534393310546875,97.85027313232422,71.25438690185547,281.2679748535156,100.94638061523438,144.89886474609375,87.87623596191406,106.94974517822266,33.398075103759766,11323.3974609375,39.3927116394043,24.469999313354492
2020-08-28,322.8540344238281,28.445266723632812,14.443519592285156,22.81197738647461,72.02584838867188,58.81059265136719,56.147247314453125,24.60520362854004,98.06820678710938,71.7212905883789,282.6981506347656,101.77989196777344,146.12648010253906,89.4155502319336,107.86190032958984,33.37261962890625,11542.5,39.90964889526367,22.959999084472656
2020-08-29,,,,,,,,,,,,,,,,,11506.865234375,,
2020-08-30,,,,,,,,,,,,,,,,,11711.505859375,,
2020-08-31,321.6845397949219,28.009498596191406,14.130393028259277,22.542123794555664,71.12998962402344,58.99683380126953,55.985042572021484,24.680185317993164,98.3043212890625,71.51167297363281,284.9692687988281,100.92826843261719,144.55470275878906,92.29086303710938,110.85614013671875,32.795623779296875,11680.8203125,39.02471923828125,26.40999984741211
2020-09-01,324.7143249511719,28.79654884338379,14.035264015197754,22.60508918762207,71.8521728515625,60.1237678527832,56.0447998046875,24.396934509277344,97.42350769042969,72.25971984863281,289.8398132324219,101.4446792602539,146.21018981933594,94.11093139648438,108.62531280517578,32.82955551147461,11970.478515625,39.690608978271484,26.1200008392334
2020-09-02,329.4110107421875,29.450218200683594,13.96788215637207,22.928922653198242,73.04053497314453,60.658573150634766,57.06069564819336,25.15504264831543,99.37580108642578,73.26028442382812,292.58441162109375,103.24760437011719,147.37274169921875,93.87858581542969,109.68620300292969,33.07563400268555,11414.0341796875,39.58546829223633,26.56999969482422
2020-09-03,318.0745544433594,28.636476516723633,13.864830017089844,22.57810401916504,70.99284362792969,57.201385498046875,56.078956604003906,24.871793746948242,96.66983032226562,70.93515014648438,277.75030517578125,100.8739013671875,143.0201873779297,86.94684600830078,105.59143829345703,33.1010856628418,10245.296875,38.83195114135742,33.599998474121094
2020-09-04,315.4775085449219,28.654251098632812,13.821232795715332,22.749019622802734,71.15738677978516,56.4039192199707,55.95090866088867,24.730165481567383,95.9797134399414,70.11565399169922,274.0489807128906,100.6383285522461,142.10874938964844,84.27483367919922,104.39176177978516,33.7968864440918,10511.8134765625,38.84947967529297,30.75
2020-09-05,,,,,,,,,,,,,,,,,10169.5673828125,,
2020-09-06,,,,,,,,,,,,,,,,,10280.3515625,,
2020-09-07,,,,,,,,,,,,,,,,,10369.5634765625,,
2020-09-08,306.8577575683594,28.116214752197266,13.317845344543457,22.16431999206543,69.8227310180664,53.8540153503418,54.77280044555664,24.59271240234375,94.39973449707031,69.19608306884766,260.8770751953125,98.54547882080078,139.37442016601562,80.45075225830078,102.98385620117188,32.430755615234375,10131.5166015625,38.17483139038086,31.459999084472656
2020-09-09,312.91741943359375,28.841020584106445,13.409008026123047,22.389204025268555,70.90142822265625,55.611263275146484,55.566734313964844,24.917612075805664,96.07051849365234,70.5015869140625,268.54058837890625,99.68704986572266,141.48568725585938,83.81981658935547,105.26424407958984,32.22709655761719,10242.34765625,38.74433898925781,28.809999465942383
2020-09-10,307.4841003417969,28.569774627685547,12.917519569396973,22.074371337890625,69.99641418457031,54.35539245605469,54.883792877197266,24.48857307434082,94.5994873046875,69.49148559570312,263.18670654296875,98.25557708740234,139.6441650390625,83.10340881347656,103.61840057373047,31.63312339782715,10363.138671875,38.12224578857422,29.709999084472656
2020-09-11,307.6405334472656,28.934398651123047,12.929411888122559,22.227283477783203,70.9471664428711,53.93994903564453,55.19111251831055,24.54688835144043,94.97179412841797,69.59630584716797,261.3603210449219,98.77196502685547,138.7141571044922,82.62902069091797,103.54898834228516,31.802837371826172,10400.9150390625,38.49024963378906,26.8700008392334
2020-09-12,,,,,,,,,,,,,,,,,10442.1708984375,,
2020-09-13,,,,,,,,,,,,,,,,,10323.755859375,,
2020-09-14,311.6925964355469,29.352384567260742,13.0285005569458,22.533126831054688,71.90702056884766,55.0716552734375,55.54967498779297,24.884288787841797,96.3338623046875,70.33483123779297,265.9119873046875,100.3665542602539,142.3691864013672,86.24979400634766,110.68756103515625,32.59196853637695,10680.837890625,39.112327575683594,25.850000381469727
2020-09-15,313.2673645019531,29.49467658996582,12.93337345123291,22.227283477783203,71.95271301269531,55.616024017333984,55.47282791137695,25.0509033203125,96.46099853515625,70.91133117675781,269.6809387207031,100.46617889404297,142.63885498046875,88.90245056152344,111.72863006591797,31.98102569580078,10796.951171875,39.52413558959961,25.59000015258789
2020-09-16,312.0241394042969,29.516910552978516,13.452610969543457,22.479154586791992,72.68402099609375,54.75651168823242,55.22526168823242,25.01758575439453,96.29755401611328,70.51586151123047,265.38043212890625,101.13662719726562,143.98745727539062,88.71849822998047,114.17755126953125,32.3204460144043,10974.9052734375,39.471561431884766,26.040000915527344
2020-09-17,309.27984619140625,29.73479652404785,13.472428321838379,22.24527359008789,72.8302993774414,54.3028678894043,54.875247955322266,24.813474655151367,95.9797134399414,69.52486419677734,261.2346496582031,100.7017593383789,142.93650817871094,86.4531021118164,113.99907684326172,32.14225387573242,10948.990234375,39.3138542175293,26.459999084472656
2020-09-18,305.7192077636719,29.223426818847656,13.32181167602539,22.200302124023438,72.01669311523438,53.366947174072266,54.37157440185547,24.376108169555664,95.83442687988281,68.55763244628906,257.9006042480469,99.48772430419922,142.56446838378906,87.01461029052734,115.24834442138672,31.9046688079834,10944.5859375,39.0071907043457,25.829999923706055
2020-09-19,,,,,,,,,,,,,,,,,11094.3466796875,,
2020-09-20,,,,,,,,,,,,,,,,,10938.271484375,,
2020-09-21,302.3166198730469,28.23966407775879,12.8802490234375,21.644054412841797,69.62608337402344,53.81058120727539,53.9567756652832,24.224443435668945,94.06400299072266,67.56735229492188,258.5190124511719,96.98216247558594,137.57020568847656,87.69229888916016,111.15937042236328,30.40294075012207,10462.259765625,38.64796829223633,27.780000686645508
2020-09-22,305.3955078125,28.293275833129883,12.747297286987305,21.463153839111328,70.31436920166016,54.662437438964844,54.2745246887207,24.375690460205078,93.86344146728516,68.9949951171875,263.322021484375,97.43722534179688,138.6304473876953,88.78626251220703,111.84400177001953,29.666200637817383,10538.4599609375,38.35881423950195,26.860000610351562
2020-09-23,298.3131408691406,27.46230125427246,12.171168327331543,20.98378562927246,69.05711364746094,52.958717346191406,53.45869064331055,24.00177574157715,92.8970947265625,67.86337280273438,255.28172302246094,95.34395599365234,134.50027465820312,85.14613342285156,108.30175018310547,29.040847778320312,10246.1865234375,37.76302719116211,28.579999923706055
2020-09-24,299.10821533203125,27.65888023376465,12.167141914367676,21.02901268005371,69.15806579589844,53.25543212890625,53.853729248046875,24.27065658569336,92.43217468261719,67.8347396850586,256.4704284667969,95.4986801147461,134.50027465820312,85.09773254394531,107.23014068603516,29.135074615478516,10760.06640625,37.587791442871094,28.510000228881836
2020-09-25,303.9439392089844,27.904598236083984,12.159083366394043,21.24608039855957,70.19505310058594,54.5284309387207,54.13712692260742,24.66977310180664,93.91813659667969,68.71807098388672,262.4330139160156,96.82744598388672,136.6848907470703,87.85687255859375,109.94883728027344,29.597665786743164,10692.716796875,37.622840881347656,26.3799991607666
2020-09-26,,,,,,,,,,,,,,,,,10750.7236328125,,
2020-09-27,,,,,,,,,,,,,,,,,10775.26953125,,
2020-09-28,308.9923095703125,28.35582160949707,12.445131301879883,21.75258445739746,71.46149444580078,55.57172775268555,54.74685287475586,24.73279571533203,94.76598358154297,70.15526580810547,267.8833923339844,98.69318389892578,140.0550994873047,88.79595184326172,110.07784271240234,30.651365280151367,10709.65234375,38.043399810791016,26.190000534057617
2020-09-29,307.3094482421875,28.14584732055664,12.102679252624512,21.481245040893555,70.82829284667969,55.38508224487305,54.38616943359375,24.724390029907227,94.64746856689453,69.61094665527344,266.67547607421875,97.90139770507812,139.42025756835938,89.81246948242188,110.82201385498047,30.23160171508789,10844.640625,38.01711654663086,26.270000457763672
2020-09-30,309.6395568847656,28.43177032470703,12.066421508789062,21.77067756652832,70.6447525024414,55.84928512573242,55.04743194580078,24.947059631347656,96.16081237792969,70.17913055419922,268.5018615722656,98.39285278320312,139.84036254882812,89.06703186035156,110.56403350830078,30.565692901611328,10784.4912109375,38.63043975830078,26.3700008392334
2020-10-01,311.62738037109375,28.029687881469727,11.695764541625977,21.80685806274414,70.43367004394531,56.43793487548828,55.35659408569336,25.19913101196289,95.83262634277344,71.09588623046875,272.7637023925781,98.747802734375,142.07159423828125,91.52604675292969,111.95314025878906,30.77129554748535,10619.4521484375,38.98966598510742,26.700000762939453
2020-10-02,308.6686706542969,28.279870986938477,11.808572769165039,21.978702545166016,71.2228775024414,55.00700378417969,55.04743194580078,25.497425079345703,94.95745086669922,70.79507446289062,265.0906066894531,99.1846694946289,142.69712829589844,89.37682342529297,109.50234985351562,31.645097732543945,10575.974609375,38.542816162109375,27.6299991607666
2020-10-03,,,,,,,,,,,,,,,,,10549.3291015625,,
2020-10-04,,,,,,,,,,,,,,,,,10669.5830078125,,
2020-10-05,314.14227294921875,28.820457458496094,12.163113594055176,22.340497970581055,72.3700180053711,56.2130012512207,55.41669464111328,25.81671905517578,96.90837097167969,71.73091125488281,270.74395751953125,100.92295837402344,146.6367950439453,92.8330078125,114.90999603271484,32.96434783935547,10793.33984375,39.05976486206055,27.959999084472656
2020-10-06,309.6764221191406,28.458580017089844,11.981812477111816,22.1143798828125,71.4890365600586,55.34200668334961,55.0560188293457,26.035184860229492,95.62293243408203,70.40352630615234,265.9119873046875,99.88545227050781,146.2166748046875,92.62002563476562,113.99713134765625,32.904388427734375,10604.40625,39.129859924316406,29.479999542236328
2020-10-07,315.06689453125,29.19125747680664,12.151023864746094,22.485214233398438,73.06745910644531,56.35657501220703,55.6485710144043,26.1948299407959,97.42800903320312,72.01263427734375,270.5120544433594,101.70567321777344,149.4095001220703,96.04717254638672,117.6485366821289,33.83815002441406,10668.96875,39.559181213378906,28.059999465942383
2020-10-08,317.859130859375,29.486125946044922,12.606287002563477,22.79273223876953,73.79246520996094,56.64851379394531,56.01784133911133,26.67377471923828,97.90205383300781,72.48533630371094,271.9519348144531,103.20736694335938,151.10865783691406,97.36380767822266,118.22404479980469,34.36071014404297,10915.685546875,39.88336944580078,26.360000610351562
2020-10-09,320.6977233886719,29.713973999023438,12.404845237731934,22.819868087768555,74.06776428222656,57.514713287353516,56.455833435058594,26.669574737548828,98.786376953125,73.23976135253906,276.1073913574219,103.3620834350586,151.89279174804688,99.48400115966797,119.31547546386719,33.97521209716797,11064.4580078125,40.15497589111328,25.0
2020-10-10,,,,,,,,,,,,,,,,,11296.361328125,,
2020-10-11,,,,,,,,,,,,,,,,,11384.181640625,,
2020-10-12,325.85687255859375,29.664833068847656,12.437074661254883,23.0731201171875,74.48991394042969,59.084434509277344,57.10849380493164,26.837623596191406,99.4609603881836,74.21380615234375,284.6309814453125,104.1629867553711,152.91043090820312,99.06770324707031,119.61315155029297,34.43781280517578,11555.36328125,40.50543975830078,25.06999969482422
2020-10-13,323.73040771484375,29.401235580444336,12.243690490722656,22.629928588867188,73.6639633178711,58.706356048583984,57.0655403137207,26.65277099609375,98.70431518554688,74.199462890625,284.62127685546875,103.10725402832031,151.89279174804688,101.48799896240234,121.25033569335938,33.375545501708984,11425.8994140625,40.33897399902344,26.06999969482422
2020-10-14,321.6962890625,29.486125946044922,12.296067237854004,22.41284942626953,74.07694244384766,58.39528274536133,56.773563385009766,26.61916160583496,98.12995910644531,73.37820434570312,282.2440490722656,102.8250961303711,150.38975524902344,100.4617919921875,119.00789642333984,32.878692626953125,11429.5068359375,40.067352294921875,26.399999618530273
2020-10-15,321.2987365722656,29.401235580444336,12.445131301879883,22.584705352783203,74.34309387207031,58.13207244873047,56.80790710449219,26.602354049682617,97.41887664794922,73.65036010742188,280.349853515625,103.29839324951172,151.9394989013672,99.55176544189453,119.23609161376953,33.675376892089844,11495.349609375,39.778228759765625,26.969999313354492
2020-10-16,321.1044921875,29.606752395629883,12.163113594055176,22.602794647216797,74.88453674316406,57.96458053588867,56.825096130371094,26.888038635253906,98.38523864746094,72.9819107055664,278.81329345703125,103.20736694335938,151.5660858154297,99.48400115966797,119.68260955810547,33.761051177978516,11322.123046875,39.91841506958008,27.40999984741211
2020-10-17,,,,,,,,,,,,,,,,,11358.1015625,,
2020-10-18,,,,,,,,,,,,,,,,,11483.359375,,
2020-10-19,316.22259521484375,29.262746810913086,11.905264854431152,22.259090423583984,73.95763397216797,56.90215301513672,56.086544036865234,26.661169052124023,96.8263168334961,72.08424377441406,274.2616271972656,101.83309936523438,149.75491333007812,98.99024963378906,117.37073516845703,33.538326263427734,11742.037109375,39.804508209228516,29.18000030517578
2020-10-20,317.48931884765625,29.32976531982422,12.04627513885498,22.43998908996582,74.34309387207031,57.09836196899414,56.026424407958984,26.820816040039062,96.95392608642578,72.6619873046875,274.8511047363281,102.38824462890625,150.08172607421875,97.61552429199219,115.81291961669922,34.30931091308594,11916.3349609375,40.24259567260742,29.350000381469727
2020-10-21,316.88836669921875,29.21807098388672,11.816631317138672,22.322404861450195,73.59056091308594,57.0122184753418,56.07796096801758,26.7493953704834,96.47076416015625,72.26571655273438,274.6385498046875,102.04240417480469,148.79336547851562,94.82733917236328,113.06444549560547,34.43781280517578,12823.689453125,40.356502532958984,28.649999618530273
2020-10-22,318.6266174316406,29.378908157348633,12.304123878479004,22.765600204467773,74.19625091552734,56.74422836303711,56.05220031738281,27.127506256103516,97.92939758300781,72.4137191772461,274.6287536621094,103.3438949584961,151.36065673828125,95.437255859375,116.13043212890625,36.07404327392578,12965.8916015625,40.34773254394531,28.110000610351562
2020-10-23,319.7083435058594,29.486125946044922,12.243690490722656,22.837953567504883,74.48991394042969,56.6820068359375,56.15524673461914,27.203134536743164,98.29405975341797,73.04874420166016,275.1700134277344,103.88996887207031,152.2382354736328,96.01812744140625,116.71585083007812,36.485225677490234,12931.5390625,40.58430099487305,27.549999237060547
2020-10-24,,,,,,,,,,,,,,,,,13108.0625,,
2020-10-25,,,,,,,,,,,,,,,,,13031.173828125,,
2020-10-26,313.8002014160156,28.74897003173828,11.804542541503906,22.322404861450195,72.62698364257812,55.45207595825195,55.43387985229492,27.194732666015625,97.20010375976562,71.64496612548828,271.0434875488281,101.46903991699219,148.9520721435547,94.10124969482422,115.14813232421875,35.75707244873047,13075.248046875,40.05859375,32.459999084472656
2020-10-27,312.71844482421875,28.476449966430664,11.651446342468262,21.915393829345703,71.03935241699219,55.729652404785156,55.28788375854492,27.173721313476562,96.53457641601562,71.6115493774414,273.15997314453125,100.24949645996094,147.67306518554688,95.48564910888672,116.51741027832031,34.52347946166992,13654.21875,40.233829498291016,33.349998474121094
2020-10-28,302.030029296875,27.672277450561523,11.16395378112793,21.354618072509766,68.70838165283203,53.365509033203125,53.67338562011719,26.383888244628906,93.471435546875,69.34832000732422,262.5103454589844,97.18240356445312,143.1265869140625,91.72936248779297,113.3125,33.83815002441406,13271.28515625,39.22623062133789,40.279998779296875
2020-10-29,305.09967041015625,28.24413299560547,11.506406784057617,21.517425537109375,69.70868682861328,54.25565719604492,53.656211853027344,26.455310821533203,92.70565795898438,69.78760528564453,267.1006164550781,98.16532897949219,144.83497619628906,92.92981719970703,114.31465148925781,34.729087829589844,13437.8828125,39.62051773071289,37.59000015258789
2020-10-30,301.9190368652344,28.226261138916016,11.570868492126465,21.580739974975586,69.62608337402344,53.05442428588867,53.46727752685547,26.207429885864258,92.67830657958984,68.26448059082031,260.326171875,97.84678649902344,142.921142578125,87.89559936523438,111.89361572265625,35.25163650512695,13546.5224609375,39.173667907714844,38.02000045776367
2020-10-31,,,,,,,,,,,,,,,,,13780.9951171875,,
2020-11-01,,,,,,,,,,,,,,,,,13737.109375,,
2020-11-02,305.3031005859375,29.164459228515625,11.9656982421875,21.98775291442871,71.50736999511719,53.18843460083008,54.317466735839844,26.783008575439453,94.34664154052734,68.75150299072266,260.9060974121094,100.03106689453125,145.4698028564453,87.90528869628906,111.88369750976562,36.23679733276367,13550.4892578125,39.6730842590332,37.130001068115234
2020-11-03,310.6935729980469,29.62015151977539,11.897209167480469,22.47616958618164,73.61809539794922,54.12643051147461,55.21059799194336,27.169523239135742,95.72322082519531,70.26509094238281,265.419189453125,102.11521911621094,149.59622192382812,90.19004821777344,114.91991424560547,37.23908996582031,13950.30078125,39.84832000732422,35.54999923706055
2020-11-04,317.6373291015625,29.115318298339844,11.913323402404785,22.2138671875,72.85638427734375,56.232139587402344,55.23637008666992,26.761999130249023,99.97149658203125,71.75955963134766,277.2670593261719,102.19715118408203,149.76426696777344,94.4013671875,121.9945068359375,34.58344268798828,14133.70703125,41.10123825073242,29.56999969482422
2020-11-05,323.83209228515625,30.30369758605957,11.913323402404785,22.756553649902344,74.57250213623047,57.97893142700195,55.63998031616211,27.00147247314453,100.17206573486328,73.15858459472656,284.4956970214844,104.18120574951172,153.9560089111328,97.6058349609375,121.88534545898438,36.25393295288086,15579.8486328125,41.80218505859375,27.579999923706055
2020-11-06,323.7581481933594,30.3796443939209,11.655477523803711,22.575658798217773,74.64590454101562,58.184715270996094,55.897613525390625,26.94265365600586,100.20852661132812,72.93893432617188,284.70831298828125,103.75344848632812,152.75172424316406,98.82566833496094,118.9384536743164,35.43153381347656,15565.880859375,41.99494171142578,24.860000610351562
2020-11-07,,,,,,,,,,,,,,,,,14833.75390625,,
2020-11-08,,,,,,,,,,,,,,,,,15479.5673828125,,
2020-11-09,327.8263854980469,31.063186645507812,13.319390296936035,24.429832458496094,77.1879653930664,57.76356887817383,55.768795013427734,27.442604064941406,101.14752197265625,72.7001724243164,278.890625,108.20392608642578,158.2877960205078,94.32391357421875,119.43455505371094,40.89703369140625,15332.3154296875,42.28407287597656,25.75
2020-11-10,327.34564208984375,31.429519653320312,13.750480651855469,24.556453704833984,78.54615783691406,56.68678665161133,56.868045806884766,27.837522506713867,101.43924713134766,72.44234466552734,273.8943786621094,108.79550170898438,161.22854614257812,91.7390365600586,121.0121841430664,41.39390182495117,15290.90234375,41.80218505859375,24.799999237060547
2020-11-11,329.7773132324219,30.960432052612305,13.609472274780273,24.45696449279785,77.8853988647461,58.03157424926758,57.35752487182617,27.94255828857422,101.3116226196289,73.07740783691406,280.021240234375,108.59527587890625,161.16323852539062,95.58247375488281,122.69898986816406,40.14317321777344,15701.33984375,42.07379150390625,23.450000762939453
2020-11-12,326.5781555175781,30.308155059814453,13.170326232910156,24.049951553344727,76.9952163696289,57.514713287353516,57.20296096801758,27.493017196655273,100.9378662109375,72.09857940673828,278.70697021484375,106.9024429321289,158.68923950195312,95.73737335205078,122.76844787597656,39.24368667602539,16276.34375,41.75837707519531,25.350000381469727
2020-11-13,331.0994873046875,30.83087158203125,13.649762153625488,24.447919845581055,78.7021713256836,58.00286102294922,57.99302673339844,27.766101837158203,102.21416473388672,73.26838684082031,281.1519470214844,109.2596664428711,161.97543334960938,96.23111724853516,124.06825256347656,40.408748626708984,16317.80859375,42.345401763916016,23.100000381469727
2020-11-14,,,,,,,,,,,,,,,,,16068.138671875,,
2020-11-15,,,,,,,,,,,,,,,,,15955.587890625,,
2020-11-16,335.2324523925781,31.438457489013672,14.548195838928223,24.990602493286133,80.62014770507812,58.56279373168945,58.52546310424805,28.047588348388672,102.04094696044922,74.2281265258789,283.3456726074219,111.54405212402344,165.83114624023438,96.36665344238281,124.66358947753906,42.113494873046875,16716.111328125,42.87111282348633,22.450000762939453
2020-11-17,333.42938232421875,31.322303771972656,14.697263717651367,24.95442771911621,80.40908813476562,58.237361907958984,58.113243103027344,27.497217178344727,101.37545776367188,73.91297149658203,282.4468994140625,111.28012084960938,166.6060028076172,98.00277709960938,125.75505065917969,41.95074462890625,17645.40625,42.827308654785156,22.709999084472656
2020-11-18,329.4167175292969,31.063186645507812,14.270206451416016,24.71926498413086,80.05119323730469,57.6152229309082,57.31459045410156,26.95945930480957,99.48832702636719,73.4068603515625,280.3595275878906,109.96045684814453,164.2720489501953,97.79945373535156,123.37369537353516,41.22257995605469,17804.005859375,42.6783561706543,23.84000015258789
2020-11-19,330.8035583496094,31.192747116088867,14.503875732421875,24.800662994384766,80.25305938720703,58.079429626464844,57.46916198730469,26.690584182739258,99.41537475585938,73.76974487304688,282.55328369140625,110.51564025878906,165.53236389160156,99.96805572509766,124.09803009033203,41.291107177734375,17817.08984375,42.748451232910156,23.110000610351562
2020-11-20,328.5383605957031,31.165939331054688,14.427332878112793,24.583589553833008,79.5280990600586,57.48122024536133,57.10849380493164,26.694778442382812,99.1875,73.38300323486328,280.6204528808594,109.88764190673828,165.70973205566406,101.55577087402344,125.06048583984375,40.83707809448242,18621.314453125,42.985008239746094,23.700000762939453
2020-11-21,,,,,,,,,,,,,,,,,18642.232421875,,
2020-11-22,,,,,,,,,,,,,,,,,18370.001953125,,
2020-11-23,330.50775146484375,31.4250545501709,15.44662857055664,25.044876098632812,80.85877227783203,57.46686935424805,57.12565994262695,26.6989803314209,98.93221282958984,74.18991088867188,280.630126953125,111.5167465209961,168.80926513671875,103.99542999267578,125.50700378417969,41.58237838745117,18364.12109375,43.09891128540039,22.65999984741211
2020-11-24,335.8333435058594,32.20689392089844,16.240312576293945,25.922212600708008,82.27202606201172,58.26608657836914,57.51211166381836,26.98466682434082,99.22394561767578,75.29290008544922,284.572998046875,113.9467544555664,171.98336791992188,102.75624084472656,125.08033752441406,43.629791259765625,19107.46484375,43.67719268798828,21.639999389648438
2020-11-25,335.3155822753906,31.871814727783203,15.861604690551758,25.831762313842773,81.64798736572266,58.39051055908203,57.47774887084961,27.056089401245117,98.85929107666016,75.38358306884766,286.3221740722656,113.10033416748047,171.39524841308594,105.02164459228516,125.83442687988281,42.96159362792969,18732.12109375,43.43185806274414,21.25
2020-11-26,,,,,,,,,,,,,,,,,17150.623046875,,
2020-11-27,336.24945068359375,32.03711700439453,15.67627239227295,25.7503662109375,81.51032257080078,58.701568603515625,57.46916198730469,26.787206649780273,99.77095031738281,75.54594421386719,288.9604187011719,113.04574584960938,172.12338256835938,108.2164306640625,130.43836975097656,42.34480285644531,17108.40234375,43.843666076660156,20.84000015258789
2020-11-28,,,,,,,,,,,,,,,,,17717.4140625,,
2020-11-29,,,,,,,,,,,,,,,,,18177.484375,,
2020-11-30,334.76092529296875,31.7154483795166,14.810070991516113,25.216720581054688,80.78536224365234,59.0940055847168,57.46059036254883,26.400691986083984,100.04442596435547,75.08756256103516,289.5498352050781,111.83528137207031,168.99595642089844,108.7876205444336,132.16482543945312,40.777103424072266,19625.8359375,42.69587707519531,20.56999969482422
2020-12-01,338.4222412109375,32.06392288208008,14.878561019897461,25.60564422607422,80.58345794677734,59.85014724731445,57.967254638671875,26.585548400878906,100.8831558227539,75.64619445800781,293.26080322265625,112.87281799316406,170.56434631347656,109.16519165039062,131.90687561035156,41.822242736816406,18802.998046875,43.53700256347656,20.770000457763672
2020-12-02,339.13421630859375,31.65290069580078,15.362030029296875,25.88603973388672,80.69356536865234,59.759220123291016,57.48635482788086,26.761999130249023,101.63981628417969,75.17350006103516,293.63775634765625,113.19137573242188,170.74168395996094,108.75857543945312,131.78781127929688,42.55897521972656,19201.091796875,43.59833526611328,21.170000076293945
2020-12-03,339.041748046875,31.43399429321289,15.523178100585938,25.89507484436035,80.90465545654297,59.720943450927734,57.632362365722656,26.48471450805664,101.51219940185547,75.38358306884766,294.05328369140625,113.8284683227539,171.7033233642578,110.6367416381836,132.68080139160156,42.7902717590332,19445.3984375,44.097755432128906,21.280000686645508
2020-12-04,341.9635314941406,32.06839370727539,16.369237899780273,26.21164321899414,81.86824798583984,60.31914138793945,58.078895568847656,26.220043182373047,102.59705352783203,75.45520782470703,295.2515869140625,115.65778350830078,175.6990203857422,113.45396423339844,135.14151000976562,43.6126594543457,18699.765625,44.55336380004883,20.790000915527344
2020-12-05,,,,,,,,,,,,,,,,,19154.23046875,,
2020-12-06,,,,,,,,,,,,,,,,,19345.12109375,,
2020-12-07,341.26080322265625,31.858417510986328,15.986495018005371,26.03074836730957,81.47364044189453,60.491432189941406,57.85561752319336,26.367080688476562,101.96802520751953,75.28333282470703,296.9234924316406,115.08440399169922,175.86708068847656,116.83269500732422,136.4016571044922,43.552696228027344,19191.630859375,44.55336380004883,21.299999237060547
2020-12-08,342.2593688964844,32.03711700439453,16.224197387695312,26.021705627441406,81.86824798583984,60.68764114379883,58.173362731933594,26.28725814819336,102.74291229248047,75.12576293945312,297.92852783203125,115.40296173095703,178.1263427734375,118.27519989013672,139.0310516357422,43.53555679321289,18321.14453125,44.57088088989258,20.68000030517578
2020-12-09,339.1896057128906,32.05499267578125,16.260456085205078,25.958391189575195,82.05177307128906,59.52471923828125,57.941497802734375,26.241043090820312,102.38735961914062,75.05415344238281,291.1830139160156,115.02981567382812,176.82862854003906,116.15502166748047,136.21315002441406,43.7068977355957,18553.916015625,44.18536376953125,22.270000457763672
2020-12-10,339.07879638671875,31.858417510986328,16.760032653808594,26.003618240356445,81.2717514038086,59.610862731933594,57.68385314941406,26.106603622436523,102.21416473388672,74.9873046875,292.3524169921875,115.12992858886719,178.53709411621094,121.2085952758789,141.24375915527344,43.87822723388672,18264.9921875,44.754886627197266,22.520000457763672
2020-12-11,338.6811828613281,31.675247192382812,16.566646575927734,25.741315841674805,81.46443176269531,59.48643112182617,57.81268310546875,26.14861297607422,101.81303405761719,74.62919616699219,291.7049560546875,114.42003631591797,177.65951538085938,119.92100524902344,141.1643829345703,43.4670295715332,18058.904296875,44.43946075439453,23.309999465942383
2020-12-12,,,,,,,,,,,,,,,,,18803.65625,,
2020-12-13,,,,,,,,,,,,,,,,,19142.3828125,,
2020-12-14,337.1648254394531,31.273170471191406,15.986495018005371,25.442832946777344,80.40908813476562,59.7017936706543,57.58940124511719,26.014179229736328,101.0472412109375,74.73900604248047,293.8213195800781,113.6009292602539,177.86741638183594,120.28888702392578,144.9149932861328,43.18433380126953,19246.64453125,44.20841598510742,24.719999313354492
2020-12-15,341.72308349609375,31.840543746948242,16.30074691772461,25.87698745727539,81.5287094116211,60.69722366333008,57.72681427001953,26.526731491088867,102.14122772216797,75.74649047851562,296.9621276855469,115.48486328125,182.31576538085938,120.33729553222656,145.18289184570312,44.13523483276367,19417.076171875,44.68643569946289,22.889999389648438
2020-12-16,342.2593688964844,31.75119972229004,16.220165252685547,25.922212600708008,81.0239486694336,61.10879135131836,57.838436126708984,26.220043182373047,101.84037780761719,76.24302673339844,298.59527587890625,115.2391357421875,181.66021728515625,119.99845886230469,143.39688110351562,44.169498443603516,21310.59765625,44.89889907836914,22.5
2020-12-17,344.1732177734375,32.11753845214844,16.14362144470215,25.99456787109375,81.5195083618164,61.5921516418457,58.20772171020508,26.3964900970459,102.93437194824219,76.76349639892578,300.54742431640625,115.89443969726562,183.823486328125,122.05086517333984,145.5102996826172,43.98103332519531,22805.162109375,45.19102478027344,21.93000030517578
2020-12-18,342.799072265625,32.260498046875,15.873688697814941,25.768447875976562,81.5287094116211,61.37678527832031,58.33651351928711,26.169626235961914,103.01641082763672,76.39110565185547,299.6390380859375,115.62138366699219,182.93385314941406,123.24166107177734,146.4033203125,43.32996368408203,23137.9609375,45.137908935546875,21.56999969482422
2020-12-19,,,,,,,,,,,,,,,,,23869.83203125,,
2020-12-20,,,,,,,,,,,,,,,,,23477.294921875,,
2020-12-21,341.5733642578125,32.08943176269531,15.567488670349121,26.115812301635742,81.03661346435547,61.438194274902344,57.70784378051758,25.85271453857422,101.9856948852539,75.52810668945312,299.0784606933594,114.7007827758789,182.8401641845703,127.15286254882812,148.86300659179688,43.55875778198242,22803.08203125,44.47398376464844,25.15999984741211
2020-12-22,340.9976806640625,31.891881942749023,15.30618953704834,25.861194610595703,80.6587905883789,61.97064971923828,57.300838470458984,25.801876068115234,101.67443084716797,75.20283508300781,299.89166259765625,114.26241302490234,184.91921997070312,130.74459838867188,150.1345977783203,43.222042083740234,23783.029296875,44.11989212036133,24.229999542236328
2020-12-23,341.3040466308594,31.936779022216797,15.645055770874023,26.288583755493164,81.08267974853516,61.500545501708984,57.49134826660156,25.75103759765625,101.7476577758789,75.365478515625,298.3813781738281,114.92910766601562,186.4925079345703,130.65745544433594,150.14453125,44.64664840698242,23241.345703125,44.57135772705078,23.309999465942383
2020-12-24,342.6319274902344,32.138824462890625,15.563398361206055,26.3249568939209,81.09188079833984,61.90827941894531,57.77711486816406,25.933216094970703,102.04058837890625,75.5233383178711,299.697998046875,115.14830017089844,186.37075805664062,128.7889862060547,149.02197265625,44.42217254638672,23735.94921875,44.37660598754883,21.530000686645508
2020-12-25,,,,,,,,,,,,,,,,,24664.791015625,,
2020-12-26,,,,,,,,,,,,,,,,,26437.037109375,,
2020-12-27,,,,,,,,,,,,,,,,,26272.294921875,,
2020-12-28,345.5754699707031,32.01310348510742,15.465410232543945,26.4522647857666,81.1932601928711,62.60862731933594,58.236083984375,26.047605514526367,102.29692077636719,76.38435363769531,302.7187194824219,115.49534606933594,185.67774963378906,125.66194915771484,145.49534606933594,44.707088470458984,27084.80859375,44.50053787231445,21.700000762939453
2020-12-29,344.9161376953125,31.936779022216797,15.363347053527832,26.3613338470459,80.7048568725586,62.31121063232422,58.062889099121094,26.043367385864258,102.78205871582031,76.40829467773438,302.9898376464844,114.91997528076172,182.0816192626953,122.28227233886719,141.2335968017578,44.0163688659668,27362.4375,45.16446304321289,23.079999923706055
2020-12-30,345.4081726074219,32.376792907714844,15.604228973388672,26.479543685913086,81.22091674804688,62.27764129638672,58.00227737426758,26.174711227416992,102.76376342773438,76.86753845214844,302.9994201660156,115.74192810058594,183.93588256835938,125.01670837402344,143.1310272216797,44.57759475708008,28840.953125,45.76641845703125,22.770000457763672
2020-12-31,347.1632385253906,32.50250244140625,15.473578453063965,26.80689811706543,81.59871673583984,62.36878204345703,58.409278869628906,26.564491271972656,103.84394073486328,76.91056823730469,303.74493408203125,116.48170471191406,183.6080322265625,122.4494857788086,139.85275268554688,44.85386657714844,29001.720703125,45.73986053466797,22.75
2021-01-01,,,,,,,,,,,,,,,,,29374.15234375,,
2021-01-02,,,,,,,,,,,,,,,,,32127.267578125,,
2021-01-03,,,,,,,,,,,,,,,,,32782.0234375,,
2021-01-04,342.43695068359375,32.192691802978516,15.49807357788086,26.443164825439453,79.626708984375,61.35185241699219,57.77711486816406,25.89508056640625,103.39537811279297,76.26000213623047,299.45599365234375,114.80122375488281,181.2107391357422,122.64620971679688,140.02162170410156,44.64664840698242,31971.9140625,46.03199768066406,26.969999313354492
2021-01-05,344.7953796386719,32.91558837890625,16.192142486572266,26.561382293701172,80.40998840332031,61.74999237060547,57.77711486816406,25.890846252441406,104.1460189819336,76.82926177978516,301.9247131347656,115.77847290039062,184.0107879638672,125.6658935546875,139.52493286132812,45.24240493774414,33992.4296875,47.13853073120117,25.34000015258789
2021-01-06,346.85675048828125,34.26254653930664,16.68614959716797,27.73440933227539,82.32670593261719,60.685089111328125,57.82040786743164,26.53483009338379,105.57405853271484,77.61377716064453,297.7424011230469,118.54576873779297,191.54017639160156,126.12818145751953,142.37603759765625,48.77372741699219,36824.36328125,46.74017333984375,25.06999969482422
2021-01-07,352.0102233886719,34.51848602294922,16.931114196777344,28.13451385498047,82.77825164794922,62.32080841064453,57.6472282409668,26.18741798400879,106.94719696044922,79.11101531982422,304.94537353515625,119.7238998413086,194.948974609375,136.11183166503906,148.2272186279297,49.904788970947266,39371.04296875,47.18278884887695,22.3700008392334
2021-01-08,354.015869140625,34.35235595703125,16.910701751708984,28.1163272857666,82.57550048828125,62.72373580932617,57.93300247192383,26.40772819519043,107.45982360839844,80.74222564697266,308.86639404296875,119.9339828491211,194.52755737304688,140.1446075439453,148.55503845214844,49.239967346191406,40797.609375,48.43095779418945,21.559999465942383
2021-01-09,,,,,,,,,,,,,,,,,40254.546875,,
2021-01-10,,,,,,,,,,,,,,,,,38356.44140625,,
2021-01-11,351.6295166015625,34.35235595703125,17.176076889038086,28.207258224487305,82.5478515625,62.2056770324707,57.439395904541016,26.161998748779297,107.9632797241211,79.23538970947266,304.4032287597656,119.79695892333984,194.35899353027344,135.95443725585938,147.08477783203125,49.94795227050781,35566.65625,47.77589797973633,24.079999923706055
2021-01-12,351.7037658691406,34.78786849975586,17.776243209838867,28.498245239257812,83.36801147460938,61.90827941894531,57.24888229370117,26.022186279296875,106.79158782958984,80.4456558227539,303.919189453125,120.73765563964844,197.84274291992188,138.67904663085938,148.3663330078125,50.80272674560547,33922.9609375,48.24506759643555,23.329999923706055
2021-01-13,352.65087890625,34.433170318603516,17.63743019104004,28.48005485534668,82.64923095703125,62.3016357421875,57.33548355102539,26.530595779418945,107.08448028564453,80.44086456298828,305.97161865234375,120.34496307373047,196.42864990234375,139.39706420898438,147.59146118164062,50.40556335449219,37316.359375,48.351295471191406,22.209999084472656
2021-01-14,351.41595458984375,34.31644058227539,18.16002082824707,28.607362747192383,82.93488311767578,61.754783630371094,57.03239822387695,26.42890739440918,106.74578857421875,79.92900848388672,304.33544921875,120.74678039550781,200.3525390625,142.8987274169922,152.41943359375,51.49345016479492,39187.328125,48.802757263183594,23.25
2021-01-15,348.8531188964844,33.82703399658203,17.453706741333008,28.13451385498047,81.85673522949219,61.12158966064453,56.833213806152344,26.68735694885254,107.0753402709961,79.31192779541016,301.9247131347656,119.84264373779297,197.3651123046875,139.58395385742188,150.73062133789062,50.4141960144043,36825.3671875,48.112281799316406,24.34000015258789
2021-01-16,,,,,,,,,,,,,,,,,36178.140625,,
2021-01-17,,,,,,,,,,,,,,,,,35791.27734375,,
2021-01-18,,,,,,,,,,,,,,,,,36630.07421875,,
2021-01-19,351.5923767089844,33.94377517700195,17.804821014404297,28.207258224487305,82.12397766113281,61.917869567871094,56.58209228515625,26.58566665649414,107.88090515136719,79.76160430908203,306.3298034667969,120.41802215576172,199.89364624023438,143.73480224609375,153.20420837402344,50.81999206542969,36069.8046875,48.90898895263672,23.239999771118164
2021-01-20,356.45794677734375,34.05601501464844,17.870149612426758,28.089046478271484,82.63079071044922,63.1458740234375,56.68600845336914,26.742433547973633,108.47591400146484,81.26840209960938,313.45538330078125,121.16690826416016,200.77398681640625,144.69873046875,153.1148223876953,50.422828674316406,35547.75,49.76765823364258,21.579999923706055
2021-01-21,356.7828674316406,33.55763626098633,17.265899658203125,27.788965225219727,81.98574829101562,63.96133041381836,56.4954948425293,26.58566665649414,107.9632797241211,81.64632415771484,315.96282958984375,120.55497741699219,199.03208923339844,142.43641662597656,149.78688049316406,49.42991256713867,30825.69921875,49.8561897277832,21.31999969482422
2021-01-22,355.5201416015625,33.3960075378418,17.176076889038086,27.588918685913086,81.56185150146484,63.716697692871094,56.348289489746094,26.623804092407227,107.64289855957031,81.36885833740234,315.05279541015625,120.04353332519531,201.34519958496094,143.68560791015625,151.55517578125,50.04293441772461,33005.76171875,49.42241668701172,21.90999984741211
2021-01-23,,,,,,,,,,,,,,,,,32067.642578125,,
2021-01-24,,,,,,,,,,,,,,,,,32289.37890625,,
2021-01-25,356.92218017578125,33.22089767456055,17.000516891479492,27.388866424560547,81.00894165039062,64.24915313720703,56.91116714477539,27.157638549804688,108.34777069091797,81.67024230957031,317.6571044921875,119.9339828491211,201.14852905273438,144.26593017578125,156.1050262451172,49.63713455200195,32366.392578125,49.79421615600586,23.190000534057617
2021-01-26,356.3651428222656,32.76292037963867,16.63715934753418,27.170629501342773,80.26254272460938,64.29232025146484,57.422080993652344,26.886478424072266,107.94497680664062,81.61762237548828,318.1219177246094,119.34033966064453,199.75314331054688,139.50527954101562,153.36318969726562,48.946414947509766,32569.849609375,49.4312744140625,23.020000457763672
2021-01-27,347.6553649902344,31.797592163085938,16.412609100341797,26.370424270629883,78.66836547851562,63.07870101928711,56.45219802856445,26.161998748779297,104.6678237915039,79.10144805908203,309.2535705566406,116.59130096435547,196.09149169921875,136.0823211669922,151.29690551757812,47.26276397705078,30432.546875,48.05916976928711,37.209999084472656
2021-01-28,350.6451721191406,32.345359802246094,16.6044979095459,26.861459732055664,79.83866119384766,63.3377571105957,56.66869354248047,26.475515365600586,106.1965560913086,79.35021209716797,311.08343505859375,117.62333679199219,195.4640655517578,138.06919860839844,150.64122009277344,48.10890579223633,33466.09765625,48.39555740356445,30.209999084472656
2021-01-29,343.62542724609375,31.716777801513672,16.053329467773438,26.3249568939209,78.11546325683594,61.84592056274414,55.499629974365234,26.33147430419922,105.2994384765625,77.49895477294922,304.5387878417969,115.5318832397461,192.50474548339844,135.18722534179688,151.873046875,46.94330596923828,34316.38671875,47.19164276123047,33.09000015258789
2021-01-30,,,,,,,,,,,,,,,,,34269.5234375,,
2021-01-31,,,,,,,,,,,,,,,,,33114.359375,,
2021-02-01,349.3452453613281,32.08943176269531,16.16764259338379,26.670501708984375,78.9263687133789,63.39532470703125,55.55158615112305,26.458568572998047,105.70222473144531,79.51283264160156,312.1484375,117.06623077392578,197.23402404785156,140.2823028564453,158.56866455078125,47.79808044433594,33537.17578125,48.466373443603516,30.239999771118164
2021-02-02,354.2851257324219,32.51148986816406,16.34320068359375,27.31612205505371,80.60350036621094,64.25394439697266,55.923954010009766,26.67464256286621,106.00430297851562,81.20144653320312,317.24072265625,118.60966491699219,200.04348754882812,144.48233032226562,162.16482543945312,48.98958206176758,35510.2890625,49.09488296508789,25.559999465942383
2021-02-03,354.5636901855469,32.57434844970703,17.041351318359375,27.470706939697266,80.6587905883789,64.0333023071289,56.01055908203125,26.589908599853516,105.25367736816406,80.74700927734375,315.982177734375,118.92020416259766,200.64283752441406,143.71511840820312,160.00912475585938,49.41264343261719,37472.08984375,49.34275817871094,22.90999984741211
2021-02-04,358.59356689453125,32.457611083984375,17.22915267944336,28.0799503326416,81.52500915527344,65.05501556396484,56.41756057739258,26.797513961791992,105.69306945800781,81.60803985595703,319.71917724609375,120.43624877929688,204.73529052734375,145.9184112548828,161.69790649414062,50.984046936035156,36926.06640625,49.36045455932617,21.770000457763672
2021-02-05,360.0047912597656,33.01436233520508,17.376136779785156,28.089046478271484,82.0041732788086,64.91111755371094,56.94579315185547,26.94156265258789,105.88532257080078,82.38776397705078,320.80352783203125,121.05731201171875,207.57289123535156,147.0102081298828,165.68150329589844,50.897708892822266,38144.30859375,49.785369873046875,20.8700008392334
2021-02-06,,,,,,,,,,,,,,,,,39266.01171875,,
2021-02-07,,,,,,,,,,,,,,,,,38903.44140625,,
2021-02-08,362.6048583984375,33.28824234008789,18.102861404418945,28.452781677246094,82.70452117919922,65.59226989746094,57.16229248046875,26.733959197998047,106.01344299316406,82.85657501220703,322.9527893066406,122.47293090820312,212.87342834472656,150.79710388183594,172.8440399169922,51.97696304321289,46196.46484375,49.8738899230957,21.239999771118164
2021-02-09,362.3634033203125,33.04130172729492,17.910968780517578,28.46186637878418,82.91646575927734,65.51551818847656,57.110313415527344,26.772092819213867,106.1690673828125,82.3973388671875,322.8849792480469,122.42723846435547,213.8754425048828,152.3905487060547,170.72804260253906,52.60723876953125,46481.10546875,50.405025482177734,21.6299991607666
2021-02-10,362.2055358886719,33.00537872314453,18.253923416137695,28.46186637878418,82.7874526977539,65.41959381103516,57.04969787597656,26.87801170349121,106.3613052368164,81.58413696289062,322.1493225097656,122.80168914794922,212.47073364257812,150.59054565429688,166.9033966064453,52.598609924316406,44918.18359375,50.58207702636719,21.989999771118164
2021-02-11,362.7906188964844,33.036808013916016,17.972213745117188,28.370941162109375,82.61235809326172,66.13911437988281,56.79857635498047,26.725486755371094,106.56270599365234,81.35929870605469,323.92095947265625,122.8382339477539,212.2272186279297,152.0364532470703,164.73777770996094,52.24461364746094,47909.33203125,51.12206268310547,21.25
2021-02-12,364.58270263671875,33.37804412841797,18.237592697143555,28.661916732788086,83.21135711669922,66.47969818115234,56.88517379760742,26.530595779418945,107.35910034179688,81.47412872314453,325.7314147949219,123.57799530029297,212.82659912109375,154.0135040283203,163.2377166748047,52.73675537109375,47504.8515625,51.166324615478516,19.969999313354492
2021-02-13,,,,,,,,,,,,,,,,,47105.515625,,
2021-02-14,,,,,,,,,,,,,,,,,48717.2890625,,
2021-02-15,,,,,,,,,,,,,,,,,47945.05859375,,
2021-02-16,364.26690673828125,33.315181732177734,18.694862365722656,29.1529541015625,83.12841033935547,66.26383972167969,56.78126525878906,26.234025955200195,106.2972412109375,81.12013244628906,324.8504638671875,123.66936492919922,211.4873809814453,152.57742309570312,159.10511779785156,54.17863845825195,49199.87109375,51.290260314941406,21.459999084472656
2021-02-17,364.3504943847656,33.29722595214844,18.972488403320312,29.29845428466797,82.89803314208984,65.67861938476562,56.98908996582031,26.25520133972168,106.68170166015625,81.58892059326172,323.29168701171875,123.60541534423828,209.8297882080078,149.67578125,159.66143798828125,54.01459503173828,52149.0078125,51.307960510253906,21.5
2021-02-18,362.79986572265625,33.09067916870117,18.54379653930664,29.125680923461914,82.48336791992188,65.35722351074219,56.95445251464844,26.411970138549805,106.01344299316406,81.61283111572266,321.87823486328125,122.91131591796875,206.58018493652344,146.74462890625,155.5089569091797,53.38431167602539,51679.796875,50.59978103637695,22.489999771118164
2021-02-19,362.15911865234375,33.69683074951172,18.854082107543945,29.47122573852539,83.83797454833984,65.26129150390625,56.23569869995117,26.0179500579834,104.73186492919922,81.13927459716797,320.4744567871094,123.84286499023438,210.88804626464844,150.1085662841797,158.02227783203125,55.09384536743164,55888.1328125,50.92730712890625,22.049999237060547
2021-02-20,,,,,,,,,,,,,,,,,56099.51953125,,
2021-02-21,,,,,,,,,,,,,,,,,57539.9453125,,
2021-02-22,359.37353515625,33.82703399658203,19.507322311401367,29.7440185546875,84.10519409179688,63.82222366333008,56.28765869140625,25.509532928466797,104.48473358154297,79.42672729492188,312.1677551269531,124.05290985107422,209.52078247070312,141.42330932617188,153.2737579345703,56.22491455078125,54207.3203125,49.4312744140625,23.450000762939453
2021-02-23,359.8099670410156,33.94377517700195,19.82986068725586,29.925886154174805,84.36322021484375,63.644752502441406,56.365596771240234,25.721378326416016,104.310791015625,78.90534210205078,311.2383117675781,124.38168334960938,207.67587280273438,136.76100158691406,149.83656311035156,56.7861213684082,48824.42578125,49.65258026123047,23.110000610351562
2021-02-24,363.7748718261719,34.24009704589844,20.53209114074707,30.507848739624023,85.9574203491211,64.6185073852539,56.33095932006836,25.420560836791992,105.03398895263672,79.73286437988281,313.8039245605469,126.34530639648438,212.5830841064453,136.0528106689453,152.09164428710938,58.52155685424805,49705.33203125,49.333900451660156,21.34000015258789
2021-02-25,355.0093688964844,33.44987869262695,20.136062622070312,29.95315933227539,84.3724365234375,62.359195709228516,55.71613311767578,25.1917781829834,103.98125457763672,76.76707458496094,302.86383056640625,123.40447998046875,204.7259521484375,127.38720703125,145.91258239746094,56.794761657714844,47093.8515625,48.20965576171875,28.889999389648438
2021-02-26,353.1800842285156,33.023338317871094,19.658384323120117,29.38028907775879,83.49701690673828,62.69015884399414,54.815521240234375,24.72573471069336,103.08415222167969,77.08755493164062,304.1321716308594,122.56426239013672,204.44500732421875,128.22328186035156,147.0251922607422,55.48237991333008,46339.76171875,47.56343078613281,27.950000762939453
2021-02-27,,,,,,,,,,,,,,,,,46188.453125,,
2021-02-28,,,,,,,,,,,,,,,,,45137.76953125,,
2021-03-01,361.7413330078125,33.85846710205078,20.168729782104492,30.298704147338867,85.6348876953125,64.70963287353516,55.3697395324707,25.272274017333984,104.42980194091797,78.89575958251953,313.2811279296875,125.34066009521484,211.71212768554688,134.4593505859375,150.6014862060547,57.47684097290039,49631.2421875,48.838165283203125,23.350000381469727
2021-03-02,358.9185791015625,34.04703903198242,20.058494567871094,30.18958282470703,85.38607025146484,63.68312454223633,55.27448654174805,25.196016311645508,104.12773132324219,77.98689270019531,308.2565002441406,124.71961975097656,207.63845825195312,131.32162475585938,145.88279724121094,56.89837646484375,48378.98828125,48.36014175415039,24.100000381469727
2021-03-03,354.16436767578125,33.71030044555664,20.352447509765625,30.42601203918457,85.47824096679688,62.080955505371094,55.01469421386719,24.899442672729492,102.80953216552734,76.15475463867188,299.310791015625,124.080322265625,205.39088439941406,123.059326171875,139.01828002929688,57.39051818847656,50538.2421875,48.26276779174805,26.670000076293945
2021-03-04,349.78173828125,33.05476760864258,20.838302612304688,30.080472946166992,84.11439514160156,60.70906066894531,54.815521240234375,24.87826156616211,101.42727661132812,74.54269409179688,294.4119567871094,122.39073944091797,199.650146484375,116.48882293701172,134.5380096435547,56.622066497802734,48561.16796875,47.13853073120117,28.56999969482422
2021-03-05,356.21649169921875,33.813560485839844,21.61810302734375,30.653343200683594,86.10485076904297,61.85551452636719,56.027870178222656,25.284984588623047,103.45946502685547,75.01627349853516,298.8460693359375,125.18540954589844,203.88311767578125,115.15110778808594,137.85597229003906,58.10713577270508,48927.3046875,47.6519660949707,24.65999984741211
2021-03-06,,,,,,,,,,,,,,,,,48912.3828125,,
2021-03-07,,,,,,,,,,,,,,,,,51206.69140625,,
2021-03-08,354.44305419921875,34.26704406738281,21.6589298248291,31.04435920715332,87.00791931152344,60.35890197753906,56.270347595214844,25.64087677001953,103.20315551757812,75.1071548461914,290.3845520019531,126.00737762451172,204.84771728515625,108.4527359008789,134.04129028320312,59.60945129394531,52246.5234375,46.368377685546875,25.469999313354492
2021-03-09,359.5035095214844,34.478065490722656,21.279232025146484,30.762474060058594,86.64854431152344,62.41194534301758,56.218379974365234,25.979816436767578,103.80732727050781,77.94380950927734,301.837646484375,126.18999481201172,209.15553283691406,119.75439453125,140.26995849609375,58.43523025512695,54824.1171875,47.38639450073242,24.030000686645508
2021-03-10,361.7413330078125,35.04829025268555,21.81815528869629,31.389892578125,87.9294204711914,62.16251754760742,56.95445251464844,26.157760620117188,104.04534149169922,78.34086608886719,300.9759826660156,127.48694610595703,212.7891082763672,119.20358276367188,140.5481414794922,59.790767669677734,56008.55078125,47.17393112182617,22.559999465942383
2021-03-11,365.4090881347656,35.23686599731445,21.826318740844727,31.298967361450195,87.99393463134766,63.49125289916992,56.8159065246582,26.08997344970703,104.67699432373047,79.54154968261719,307.9080505371094,128.34542846679688,217.47158813476562,126.57080078125,145.98211669921875,60.239749908447266,57805.12109375,48.66112518310547,21.90999984741211
2021-03-12,365.9011535644531,35.331153869628906,21.871231079101562,31.617233276367188,89.17344665527344,63.03554916381836,57.28351593017578,26.441621780395508,104.90582275390625,79.77593231201172,305.41009521484375,129.3226318359375,218.7545623779297,124.60359191894531,145.54501342773438,61.38806915283203,57332.08984375,47.79359817504883,20.690000534057617
2021-03-13,,,,,,,,,,,,,,,,,61243.0859375,,
2021-03-14,,,,,,,,,,,,,,,,,59302.31640625,,
2021-03-15,368.0832214355469,35.37156677246094,21.62218475341797,31.43535804748535,89.91984558105469,63.707096099853516,57.53464889526367,26.78056526184082,105.6290054321289,80.84744262695312,308.6727294921875,130.41864013671875,219.5318145751953,126.76753997802734,147.24375915527344,60.731876373291016,55907.19921875,47.90867614746094,20.030000686645508
2021-03-16,367.6189880371094,35.079715728759766,21.00568962097168,31.108007431030273,88.63896179199219,64.1867904663086,57.60392379760742,26.81446075439453,105.56490325927734,80.01032257080078,310.36700439453125,129.2130584716797,215.8607940673828,123.95440673828125,144.92910766601562,59.81668472290039,56804.90234375,48.112281799316406,19.790000915527344
2021-03-17,368.87249755859375,35.394004821777344,21.168996810913086,31.31714630126953,89.6618423461914,64.13402557373047,57.517337799072266,26.37807273864746,105.1804428100586,81.13446044921875,311.6448974609375,129.87977600097656,217.55584716796875,125.37080383300781,146.5582733154297,60.222476959228516,58870.89453125,48.174251556396484,19.229999542236328
2021-03-18,363.50555419921875,35.19646072387695,20.21772003173828,31.480825424194336,89.57889556884766,62.35438537597656,57.28351593017578,26.28062629699707,104.96074676513672,79.14930725097656,302.0990905761719,128.61029052734375,210.93487548828125,118.10193634033203,139.56468200683594,60.550575256347656,57858.921875,47.28902053833008,21.579999923706055
2021-03-19,362.83294677734375,35.021358489990234,20.221803665161133,31.117097854614258,88.89698028564453,62.16731643676758,57.482696533203125,26.3526554107666,105.33605194091797,79.62286376953125,303.16400146484375,128.372802734375,212.5269317626953,120.35440063476562,144.11453247070312,60.0497932434082,58346.65234375,47.873268127441406,20.950000762939453
2021-03-20,,,,,,,,,,,,,,,,,58313.64453125,,
2021-03-21,,,,,,,,,,,,,,,,,57523.421875,,
2021-03-22,365.730224609375,35.04300308227539,20.02787971496582,30.71614646911621,88.84709167480469,63.38972473144531,58.08953094482422,26.314664840698242,106.2528305053711,80.14704132080078,308.84930419921875,128.54344177246094,210.9254913330078,122.67572021484375,146.1912841796875,58.1574821472168,54529.14453125,47.73162841796875,18.8799991607666
2021-03-23,362.85162353515625,34.31254959106445,19.734926223754883,30.2868595123291,87.2942123413086,62.99555587768555,58.33332443237305,26.707355499267578,105.17803192138672,79.39480590820312,307.5018615722656,126.69009399414062,203.27438354492188,119.70521545410156,137.6654510498047,56.196632385253906,54738.9453125,46.81983947753906,20.299999237060547
2021-03-24,361.0070495605469,34.560543060302734,20.230056762695312,30.396459579467773,87.93199157714844,62.23125076293945,58.1069450378418,26.71589469909668,105.05863952636719,78.22095489501953,302.3158874511719,126.52493286132812,198.57321166992188,112.89864349365234,130.59042358398438,55.85824966430664,52774.265625,45.74871826171875,21.200000762939453
2021-03-25,363.03790283203125,35.06102752685547,20.304323196411133,30.907941818237305,89.33698272705078,62.19279098510742,58.67285919189453,27.001876831054688,105.49955749511719,78.90611267089844,301.7923889160156,128.04800415039062,203.2813262939453,112.54454803466797,134.3564910888672,57.454708099365234,51704.16015625,45.96116638183594,19.809999465942383
2021-03-26,368.8882751464844,35.93124771118164,20.807706832885742,31.392019271850586,90.88060760498047,63.77428436279297,59.70893096923828,27.09151268005371,107.49290466308594,79.56249237060547,306.31927490234375,130.44271850585938,206.9874267578125,112.1019287109375,132.2200927734375,58.599979400634766,55137.3125,47.1562385559082,18.860000610351562
2021-03-27,,,,,,,,,,,,,,,,,55973.51171875,,
2021-03-28,,,,,,,,,,,,,,,,,55950.74609375,,
2021-03-29,368.7018737792969,35.80949783325195,20.56014060974121,31.118011474609375,90.89909362792969,63.44261169433594,60.309688568115234,27.381763458251953,107.99811553955078,79.12649536132812,306.2320251464844,129.7637939453125,201.16091918945312,109.34781646728516,128.5434112548828,56.69118118286133,57750.19921875,46.82870101928711,20.739999771118164
2021-03-30,367.72381591796875,35.70579528808594,20.382719039916992,31.337221145629883,91.29657745361328,62.841739654541016,59.665409088134766,27.134197235107422,107.02440643310547,79.90267944335938,304.6907958984375,130.01145935058594,204.54798889160156,112.54454803466797,129.28866577148438,58.11410140991211,58917.69140625,46.97918701171875,19.610000610351562
2021-03-31,369.21429443359375,35.52995681762695,20.242435455322266,31.099740982055664,91.00077819824219,63.84157943725586,59.4738655090332,27.334815979003906,107.23568725585938,80.5255355834961,309.3533935546875,129.9748077392578,207.2970733642578,117.98390197753906,134.793701171875,57.558815002441406,58918.83203125,47.21820068359375,19.399999618530273
2021-04-01,373.2015686035156,35.841068267822266,20.75819206237793,31.483360290527344,91.3058090209961,65.12505340576172,59.186553955078125,27.3091983795166,106.9141845703125,81.1723403930664,314.6268310546875,131.2776641845703,209.92417907714844,118.86914825439453,136.16500854492188,57.97527313232422,59095.80859375,47.67850875854492,17.329999923706055
2021-04-02,,,,,,,,,,,,,,,,,59384.3125,,
2021-04-03,,,,,,,,,,,,,,,,,57603.890625,,
2021-04-04,,,,,,,,,,,,,,,,,58758.5546875,,
2021-04-05,378.5580749511719,36.282936096191406,20.2630672454834,31.729957580566406,92.43348693847656,66.47100830078125,59.94400405883789,27.607990264892578,107.6582260131836,83.01695251464844,320.908203125,132.47044372558594,211.0781707763672,119.64620208740234,137.75489807128906,58.10542678833008,59057.87890625,47.86441421508789,17.90999984741211
2021-04-06,378.3345031738281,36.36408233642578,20.209423065185547,31.666032791137695,92.211669921875,66.1873779296875,60.19650650024414,27.75311279296875,107.24488067626953,83.37628173828125,320.685302734375,132.6447296142578,210.45895385742188,121.80030822753906,134.14781188964844,58.01866912841797,58192.359375,48.12998962402344,18.1200008392334
2021-04-07,378.7723083496094,35.73735427856445,20.279569625854492,31.821304321289062,91.78648376464844,66.53832244873047,60.048492431640625,27.718969345092773,107.00605010986328,83.12712097167969,321.4607849121094,132.14932250976562,207.0625,118.83964538574219,130.91831970214844,57.71498489379883,56048.9375,47.42180252075195,17.15999984741211
2021-04-08,380.5702819824219,35.782447814941406,20.015499114990234,31.830427169799805,92.00830841064453,67.49971008300781,60.10942840576172,27.697629928588867,107.17137145996094,83.52002716064453,324.81475830078125,132.3970184326172,208.8170166015625,122.105224609375,131.73318481445312,57.836456298828125,58323.953125,47.81129455566406,16.950000762939453
2021-04-09,383.3370666503906,36.09355545043945,19.883464813232422,32.10443878173828,92.90491485595703,68.14864349365234,60.004966735839844,27.667741775512695,108.34717559814453,84.31537628173828,326.7826232910156,133.15855407714844,208.8451690673828,121.23965454101562,128.8117218017578,58.495849609375,58245.00390625,47.404090881347656,16.690000534057617
2021-04-10,,,,,,,,,,,,,,,,,59793.234375,,
2021-04-11,,,,,,,,,,,,,,,,,60204.96484375,,
2021-04-12,383.4768371582031,36.21980285644531,19.72667694091797,32.24144744873047,93.24691772460938,67.82176208496094,60.32709503173828,27.693355560302734,108.45741271972656,84.85675811767578,326.3560791015625,133.387939453125,208.02894592285156,120.46260070800781,126.24800872802734,58.990421295166016,59893.453125,47.120819091796875,16.90999984741211
2021-04-13,384.6133728027344,36.13414764404297,19.7473087310791,31.940032958984375,92.79398345947266,68.46111297607422,60.004966735839844,28.02202033996582,108.90750885009766,85.7527084350586,330.1656494140625,133.15855407714844,207.4846649169922,125.46916198730469,128.0962677001953,57.77571105957031,63503.45703125,47.315574645996094,16.649999618530273
2021-04-14,383.29986572265625,36.395660400390625,20.296077728271484,32.13184356689453,92.91413879394531,67.73526000976562,59.95271682739258,28.145803451538086,108.89834594726562,84.90947723388672,326.200927734375,133.36956787109375,209.5301513671875,122.82325744628906,131.48472595214844,58.3830680847168,63109.6953125,47.55459213256836,16.989999771118164
2021-04-15,387.41748046875,36.82399368286133,20.131031036376953,32.10443878173828,93.28389739990234,68.89854431152344,60.43156433105469,28.4573974609375,110.7630615234375,85.5179443359375,331.14471435546875,134.4155731201172,210.4402313232422,124.5445785522461,132.63742065429688,58.079402923583984,63314.01171875,47.98834991455078,16.56999969482422
2021-04-16,388.7123107910156,37.270381927490234,19.970115661621094,32.33277893066406,93.48722839355469,68.88411712646484,60.77983093261719,28.68788719177246,111.58977508544922,86.17911529541016,331.5325012207031,135.01194763183594,210.7779541015625,122.3412857055664,130.71958923339844,58.712772369384766,61572.7890625,48.112281799316406,16.25
2021-04-17,,,,,,,,,,,,,,,,,60683.8203125,,
2021-04-18,,,,,,,,,,,,,,,,,56216.18359375,,
2021-04-19,386.8025207519531,37.099037170410156,19.949480056762695,32.24144744873047,93.09901428222656,68.31208801269531,60.544761657714844,28.54276466369629,111.61735534667969,85.2113265991211,328.498291015625,134.37881469726562,208.0382537841797,118.46587371826172,127.90745544433594,58.3830680847168,55724.265625,47.93523406982422,17.290000915527344
2021-04-20,383.9705505371094,36.74283981323242,19.421348571777344,31.638628005981445,92.07301330566406,67.70640563964844,60.87560272216797,28.90557861328125,112.04907989501953,84.13809967041016,326.10406494140625,133.37876892089844,203.778564453125,117.04947662353516,127.48014831542969,56.04912567138672,56473.03125,47.54573059082031,18.68000030517578
2021-04-21,387.603759765625,37.410152435302734,19.668914794921875,32.07703399658203,93.33011627197266,68.38899993896484,61.180320739746094,28.66228485107422,113.37184143066406,85.25921630859375,328.8957824707031,135.14035034179688,208.76071166992188,119.82325744628906,131.93186950683594,57.53278350830078,53906.08984375,47.83786392211914,17.5
2021-04-22,384.0636901855469,36.778907775878906,19.43785285949707,31.720836639404297,92.85868835449219,67.58623504638672,60.727596282958984,28.4573974609375,112.86664581298828,84.31537628173828,324.9310607910156,134.28712463378906,207.8975372314453,119.41997528076172,133.69070434570312,56.59574508666992,51762.2734375,47.66966247558594,18.709999084472656
2021-04-23,388.2279052734375,37.383094787597656,19.615276336669922,32.314517974853516,93.87544250488281,68.595703125,60.57088851928711,28.418987274169922,113.61066436767578,85.19695281982422,329.0218200683594,135.73675537109375,211.81942749023438,121.67243957519531,133.45223999023438,58.86894226074219,51093.65234375,48.36014175415039,17.329999923706055
2021-04-24,,,,,,,,,,,,,,,,,50050.8671875,,
2021-04-25,,,,,,,,,,,,,,,,,49004.25390625,,
2021-04-26,389.0383605957031,37.60403823852539,19.7473087310791,32.44237518310547,93.59815979003906,68.94658660888672,59.89176940917969,28.256784439086914,113.22488403320312,85.57064819335938,331.1641540527344,135.9661407470703,214.02430725097656,125.63639068603516,138.0828094482422,59.11186599731445,54021.75390625,48.4221076965332,17.639999389648438
2021-04-27,388.9544982910156,37.504844665527344,19.986621856689453,32.69811248779297,94.3746109008789,68.77835845947266,59.848236083984375,28.039094924926758,112.57268524169922,85.47002410888672,329.7293701171875,136.11297607421875,214.3433074951172,124.1707992553711,138.47036743164062,59.528343200683594,55033.1171875,48.39555740356445,17.559999465942383
2021-04-28,388.84271240234375,37.608551025390625,20.67567253112793,32.82598876953125,94.18049621582031,68.13904571533203,59.89176940917969,28.00067710876465,112.23280334472656,85.36942291259766,328.61474609375,136.14964294433594,214.70925903320312,123.32489776611328,138.8082275390625,59.450252532958984,54824.703125,48.75849914550781,17.280000686645508
2021-04-29,391.3207092285156,37.843013763427734,20.90672492980957,33.41054153442383,94.84600830078125,68.08135223388672,60.52733612060547,28.256784439086914,111.78270721435547,85.39336395263672,329.79736328125,137.0396270751953,213.9117431640625,119.76424407958984,137.18849182128906,60.15303421020508,53555.109375,48.6434211730957,17.610000610351562
2021-04-30,388.74957275390625,37.44171905517578,20.37860107421875,33.118263244628906,94.21745300292969,67.15360260009766,60.57958984375,28.478740692138672,111.4520034790039,85.72398376464844,327.6356201171875,136.0487060546875,211.00318908691406,118.79045867919922,135.75758361816406,59.33746337890625,57750.17578125,47.78474044799805,18.610000610351562
2021-05-01,,,,,,,,,,,,,,,,,57828.05078125,,
2021-05-02,,,,,,,,,,,,,,,,,56631.078125,,
2021-05-03,389.5880126953125,38.00082015991211,20.939735412597656,33.28266906738281,95.18803405761719,66.96611022949219,61.07585144042969,28.47447395324707,112.7196273803711,85.31671142578125,325.8907470703125,136.85614013671875,212.0352325439453,114.99372863769531,134.1378631591797,59.736572265625,57200.29296875,47.78474044799805,18.309999465942383
2021-05-04,387.1845397949219,38.415626525878906,20.952117919921875,33.54753875732422,95.60396575927734,65.76438903808594,60.762420654296875,28.367759704589844,112.83907318115234,84.42555236816406,320.0260925292969,136.7001495361328,209.5019073486328,111.43306732177734,128.9906005859375,60.69963836669922,53333.5390625,47.24475860595703,19.479999542236328
2021-05-05,387.3056335449219,38.902587890625,21.628787994384766,33.82155227661133,95.69638061523438,65.60575103759766,60.71889114379883,27.889698028564453,113.0411376953125,84.16204071044922,318.9500732421875,136.98458862304688,208.66685485839844,109.72158813476562,126.81440734863281,60.88185119628906,57424.0078125,47.46605682373047,19.149999618530273
2021-05-06,390.3985290527344,39.23173904418945,21.740192413330078,34.32388687133789,96.3619155883789,66.2643051147461,61.50249099731445,28.103124618530273,113.18814086914062,84.3440933227539,321.35418701171875,137.68190002441406,208.8451690673828,106.56420135498047,124.89659118652344,61.28963851928711,56396.515625,47.91753387451172,18.389999389648438
2021-05-07,393.23980712890625,39.6194953918457,22.128042221069336,34.506568908691406,97.37867736816406,66.83153533935547,61.50249099731445,28.188491821289062,113.96891784667969,85.1010971069336,323.9617004394531,139.13156127929688,211.47227478027344,107.92158508300781,126.93363189697266,61.4284782409668,57356.40234375,48.41325378417969,16.690000534057617
2021-05-08,,,,,,,,,,,,,,,,,58803.77734375,,
2021-05-09,,,,,,,,,,,,,,,,,58232.31640625,,
2021-05-10,389.3458251953125,39.443660736083984,22.13629150390625,34.47916030883789,97.47112274169922,65.144287109375,61.97261428833008,28.47447395324707,114.11590576171875,83.58709716796875,315.7802734375,138.66366577148438,206.0961151123047,102.27567291259766,122.31298065185547,60.76038360595703,55859.796875,47.54573059082031,19.65999984741211
2021-05-11,385.8710021972656,39.574405670166016,21.566896438598633,33.86721420288086,96.02915954589844,64.94718933105469,61.432804107666016,28.12446403503418,112.88499450683594,82.64323425292969,315.3440856933594,136.99375915527344,205.4393310546875,104.3805923461914,124.31031799316406,60.23980712890625,56704.57421875,47.41294860839844,21.84000015258789
2021-05-12,377.6731262207031,38.57796096801758,21.670047760009766,33.520145416259766,93.72756958007812,63.120513916015625,60.614402770996094,27.467130661010742,111.8194351196289,79.84518432617188,307.1820373535156,133.956787109375,198.76834106445312,100.48550415039062,123.33649444580078,58.738807678222656,49150.53515625,46.10280990600586,27.59000015258789
2021-05-13,382.2098693847656,39.168609619140625,21.405982971191406,34.05902099609375,95.48381805419922,63.95695114135742,61.46764373779297,27.99640655517578,112.82987213134766,80.41053771972656,309.5570068359375,135.76426696777344,202.42752075195312,97.84943389892578,121.70685577392578,60.70832443237305,49716.19140625,46.04084014892578,23.1299991607666
2021-05-14,388.078857421875,39.637535095214844,22.070280075073242,34.597896575927734,96.80560302734375,65.36540985107422,61.737545013427734,28.132999420166016,113.39939880371094,81.80477142333984,316.3910217285156,137.89288330078125,207.37213134765625,102.60025787353516,126.11882781982422,61.775516510009766,49880.53515625,46.87295913696289,18.809999465942383
2021-05-15,,,,,,,,,,,,,,,,,46760.1875,,
2021-05-16,,,,,,,,,,,,,,,,,46456.05859375,,
2021-05-17,387.09130859375,39.9847297668457,22.5819091796875,34.66183090209961,96.50981903076172,64.88470458984375,61.65048599243164,27.902507781982422,113.18814086914062,81.65624237060547,314.4716491699219,137.74612426757812,207.6536102294922,101.61664581298828,125.83065032958984,61.818885803222656,43537.51171875,46.82870101928711,19.719999313354492
2021-05-18,383.7561950683594,39.542842864990234,22.057899475097656,34.17776107788086,95.10482025146484,64.36553192138672,61.45893478393555,27.898239135742188,113.22488403320312,81.0190200805664,312.3487548828125,136.52581787109375,206.07733154296875,103.0723876953125,126.3771743774414,60.786399841308594,42909.40234375,47.45720672607422,21.34000015258789
2021-05-19,382.75018310546875,38.938663482666016,21.509132385253906,33.967681884765625,94.56871032714844,64.59148406982422,61.25868606567383,27.851282119750977,113.0319595336914,80.33865356445312,312.7074279785156,135.81932067871094,204.49166870117188,101.28221893310547,124.16124725341797,60.560829162597656,37002.44140625,47.315574645996094,22.18000030517578
2021-05-20,386.8677062988281,38.961204528808594,21.47612762451172,33.9859504699707,94.78132629394531,65.82685852050781,61.824615478515625,28.09458351135254,114.2169418334961,81.1627426147461,318.75628662109375,136.846923828125,205.85214233398438,104.84288024902344,126.76472473144531,60.37862014770508,40782.73828125,47.58999252319336,20.670000076293945
2021-05-21,386.551025390625,39.046878814697266,21.52151107788086,34.32388687133789,95.24346923828125,65.46635437011719,61.83329772949219,28.239713668823242,114.23530578613281,80.75550079345703,316.9919738769531,137.03045654296875,206.386962890625,104.10517120361328,125.87039947509766,61.194210052490234,37304.69140625,47.04115295410156,20.149999618530273
2021-05-22,,,,,,,,,,,,,,,,,37536.6328125,,
2021-05-23,,,,,,,,,,,,,,,,,34770.58203125,,
2021-05-24,390.49169921875,39.39405059814453,21.736068725585938,34.4882926940918,95.83506774902344,66.62965393066406,62.01613998413086,28.188491821289062,114.34554290771484,81.55561828613281,322.3235168457031,137.81951904296875,207.72866821289062,106.94781494140625,125.0456314086914,60.79509353637695,38705.98046875,47.4306526184082,18.399999618530273
2021-05-25,389.62530517578125,39.06039810180664,21.294578552246094,34.14122009277344,95.54852294921875,66.64886474609375,62.03355407714844,27.847017288208008,114.00569152832031,81.8143539428711,322.7694396972656,137.24147033691406,205.7207794189453,107.587158203125,123.47561645507812,59.40686798095703,38402.22265625,47.89982604980469,18.84000015258789
2021-05-26,390.3985290527344,39.07393264770508,21.484375,34.24169158935547,95.85354614257812,66.64405059814453,61.90296936035156,27.851282119750977,113.34427642822266,82.5953140258789,323.89385986328125,137.70941162109375,209.5582733154297,109.60355377197266,126.1585693359375,60.31787109375,39294.19921875,48.2539176940918,17.360000610351562
2021-05-27,390.6033935546875,39.38504409790039,21.500885009765625,34.634429931640625,97.16609954833984,66.29313659667969,61.51987838745117,27.66347312927246,113.09628295898438,82.92591094970703,322.68218994140625,138.3883514404297,211.71621704101562,110.43962097167969,127.77826690673828,61.35904312133789,38436.96875,48.26276779174805,16.739999771118164
2021-05-28,391.3020935058594,39.34446334838867,21.542142868041992,34.6983642578125,97.16609954833984,66.52867889404297,61.65048599243164,27.8128719329834,113.53720092773438,82.81090545654297,323.6999816894531,138.65444946289062,211.5755157470703,110.2625732421875,127.29137420654297,61.333011627197266,35697.60546875,48.57260513305664,16.760000228881836
2021-05-29,,,,,,,,,,,,,,,,,34616.06640625,,
2021-05-30,,,,,,,,,,,,,,,,,35678.12890625,,
2021-05-31,,,,,,,,,,,,,,,,,37332.85546875,,
2021-06-01,390.9574890136719,39.89454650878906,22.371477127075195,34.9084358215332,97.54505920410156,66.20182037353516,61.4415168762207,27.642139434814453,111.67244720458984,82.65281677246094,322.6239318847656,139.1132354736328,213.97740173339844,109.42650604248047,125.65177917480469,61.88831329345703,36684.92578125,49.57291030883789,17.899999618530273
2021-06-02,391.5722351074219,39.56088638305664,22.788209915161133,34.96324920654297,97.26777648925781,66.6584701538086,61.667884826660156,27.787254333496094,111.4520034790039,82.26950073242188,323.254150390625,139.21412658691406,214.23074340820312,109.4756851196289,126.4367904663086,61.25492477416992,37575.1796875,49.65258026123047,17.479999542236328
2021-06-03,390.118896484375,39.55187225341797,22.850099563598633,35.045440673828125,97.05516052246094,66.03839111328125,62.05097198486328,27.953725814819336,111.7918701171875,81.29212951660156,319.8904724121094,139.0122833251953,212.43865966796875,105.66911315917969,125.95982360839844,61.463172912597656,39208.765625,49.12145233154297,18.040000915527344
2021-06-04,393.68695068359375,39.637535095214844,23.002763748168945,35.136775970458984,97.36944580078125,67.30741119384766,62.268619537353516,27.911043167114258,112.1501235961914,81.94371032714844,325.31878662109375,139.70042419433594,213.35818481445312,107.71502685546875,125.95982360839844,61.35904312133789,36894.40625,49.56406021118164,16.420000076293945
2021-06-05,,,,,,,,,,,,,,,,,35551.95703125,,
2021-06-06,,,,,,,,,,,,,,,,,35862.37890625,,
2021-06-07,393.3050537109375,39.15509033203125,22.903736114501953,34.9084358215332,96.6946792602539,67.29300689697266,62.16415786743164,27.962268829345703,112.55429077148438,81.94371032714844,326.2881774902344,139.4526824951172,216.21981811523438,110.84290313720703,131.77288818359375,61.57595443725586,33560.70703125,49.31618881225586,16.420000076293945
2021-06-08,393.388916015625,39.227230072021484,23.101791381835938,34.81709671020508,96.94425201416016,67.29780578613281,61.64177322387695,27.723237991333008,112.20524597167969,82.60491943359375,326.44329833984375,139.6269989013672,218.50918579101562,111.27568817138672,132.61753845214844,61.54124450683594,33472.6328125,49.07718276977539,17.06999969482422
2021-06-09,392.802001953125,38.92061996459961,22.957374572753906,34.4882926940918,95.95520782470703,67.34590148925781,61.34574890136719,27.97079849243164,113.28916931152344,82.14973449707031,326.5208435058594,138.99391174316406,217.0548553466797,111.00028228759766,133.85964965820312,60.5174446105957,37345.12109375,48.935543060302734,17.889999389648438
2021-06-10,394.62786865234375,38.68616485595703,22.928499221801758,34.086421966552734,95.48381805419922,67.84099578857422,61.72882843017578,28.15434455871582,115.22740936279297,82.53783416748047,329.9233093261719,139.260009765625,215.4452362060547,113.08553314208984,135.2309112548828,59.34614944458008,36702.59765625,49.32763671875,16.100000381469727
2021-06-11,395.2799377441406,38.8304443359375,22.850099563598633,34.305625915527344,95.67791748046875,68.24478149414062,61.76366424560547,28.218374252319336,114.40985107421875,82.98820495605469,330.7860412597656,139.6269989013672,217.71920776367188,114.21668243408203,134.97256469726562,59.51966857910156,37334.3984375,49.15870666503906,15.649999618530273
2021-06-12,,,,,,,,,,,,,,,,,35552.515625,,
2021-06-13,,,,,,,,,,,,,,,,,39097.859375,,
2021-06-14,396.1650085449219,38.352508544921875,22.751075744628906,33.94941329956055,95.24346923828125,68.93700408935547,61.72882843017578,28.278127670288086,114.51089477539062,83.01214599609375,333.9559020996094,139.19580078125,217.08026123046875,116.39045715332031,135.8172149658203,58.487186431884766,40218.4765625,49.29207992553711,16.389999389648438
2021-06-15,395.4383850097656,38.27134704589844,23.184309005737305,34.01335144042969,95.65019226074219,68.51396942138672,61.58082580566406,28.363489151000977,114.54763793945312,82.57135772705078,331.7748718261719,139.21412658691406,216.46006774902344,113.20355987548828,132.58773803710938,59.311439514160156,40406.26953125,48.95421600341797,17.020000457763672
2021-06-16,393.2304992675781,37.847511291503906,23.060529708862305,33.9768180847168,94.74433135986328,68.14384460449219,60.762420654296875,27.93665313720703,114.10673522949219,82.60968780517578,330.5631408691406,138.26913452148438,215.99960327148438,112.65274810791016,132.74671936035156,60.187740325927734,38347.0625,48.28738784790039,18.149999618530273
2021-06-17,393.1000671386719,37.00435256958008,22.276580810546875,32.97212219238281,93.28389739990234,68.93218231201172,60.98008728027344,28.09031867980957,114.97936248779297,82.9211196899414,334.76043701171875,136.9112091064453,213.5752716064453,116.55767059326172,133.53172302246094,57.15970230102539,38053.50390625,48.55411148071289,17.75
2021-06-18,387.7970275878906,36.404666900634766,21.616409301757812,32.177520751953125,92.07301330566406,68.30245208740234,59.900482177734375,27.36041831970215,113.6657943725586,82.48511505126953,332.1334533691406,134.55316162109375,208.72666931152344,116.95111083984375,132.7367706298828,55.23354721069336,35787.24609375,48.21625518798828,20.700000762939453
2021-06-19,,,,,,,,,,,,,,,,,35615.87109375,,
2021-06-20,,,,,,,,,,,,,,,,,35698.296875,,
2021-06-21,393.3486633300781,37.16047286987305,22.537588119506836,32.92851257324219,94.09813690185547,69.03447723388672,60.587501525878906,27.71487045288086,115.03153991699219,83.12089538574219,334.19775390625,137.14801025390625,213.19003295898438,117.55111694335938,133.9391326904297,57.47826385498047,31676.693359375,48.42075729370117,17.889999389648438
2021-06-22,395.45159912109375,37.309913635253906,22.687646865844727,32.98352813720703,94.20014190673828,69.6605453491211,60.67512893676758,27.54711151123047,115.28050994873047,83.90303802490234,337.3129577636719,137.4332275390625,214.15785217285156,119.03636169433594,132.83612060546875,57.434661865234375,32505.66015625,48.19847106933594,16.65999984741211
2021-06-23,394.97491455078125,37.06990432739258,22.750171661376953,33.04771041870117,93.98688507080078,69.58346557617188,60.29832077026367,27.25460433959961,114.80099487304688,84.5508041381836,337.4779357910156,137.20321655273438,214.86265563964844,121.5052261352539,133.46218872070312,57.42594528198242,33723.02734375,48.491878509521484,16.31999969482422
2021-06-24,397.3115539550781,37.187644958496094,22.946077346801758,33.460350036621094,94.71941375732422,70.02169799804688,60.59626388549805,27.228790283203125,115.39117431640625,84.83866119384766,339.5646057128906,138.10494995117188,217.89773559570312,123.2265396118164,136.42337036132812,58.32417297363281,34662.4375,48.93642807006836,15.970000267028809
2021-06-25,398.7228088378906,37.192169189453125,23.06694984436035,33.86381912231445,94.90485382080078,69.93983459472656,61.06071090698242,27.521299362182617,115.91678619384766,85.37608337402344,339.1471862792969,139.0710906982422,218.2642059326172,123.43309783935547,137.80458068847656,58.98695373535156,31637.779296875,49.34541702270508,15.619999885559082
2021-06-26,,,,,,,,,,,,,,,,,32186.27734375,,
2021-06-27,,,,,,,,,,,,,,,,,34649.64453125,,
2021-06-28,399.5265808105469,37.192169189453125,22.287490844726562,33.61624526977539,94.4041519165039,70.6718521118164,61.11327362060547,27.697662353515625,116.09200286865234,85.39529418945312,343.2717590332031,138.49139404296875,216.5352325439453,128.09539794921875,136.9798126220703,57.37361526489258,34434.3359375,49.3898811340332,15.760000228881836
2021-06-29,399.7416076660156,37.17405700683594,22.17912483215332,33.49703598022461,94.21868896484375,71.1871337890625,60.841636657714844,27.250303268432617,116.22112274169922,85.6064224243164,344.51397705078125,138.3901824951172,215.50160217285156,128.73475646972656,134.88314819335938,57.05094909667969,35867.77734375,49.35430908203125,16.020000457763672
2021-06-30,400.0780334472656,37.273677825927734,22.454227447509766,33.64374542236328,94.95120239257812,71.11007690429688,61.314823150634766,27.19868278503418,116.1473617553711,85.673583984375,343.97052001953125,138.69381713867188,215.52975463867188,128.63638305664062,134.54530334472656,57.146873474121094,35040.8359375,49.03424072265625,15.829999923706055
2021-07-01,402.2930908203125,37.477474212646484,22.846036911010742,33.909671783447266,95.62810516357422,71.23047637939453,61.130821228027344,27.495492935180664,117.18019104003906,86.1582260131836,344.1064453125,139.66000366210938,217.42791748046875,127.0429458618164,137.6157989501953,57.68756103515625,33572.1171875,48.758609771728516,15.479999542236328
2021-07-02,405.3680419921875,37.531803131103516,22.796018600463867,33.872989654541016,95.77648162841797,72.16954803466797,61.27976989746094,27.538501739501953,118.30523681640625,86.91634368896484,348.0563049316406,140.07403564453125,215.3606719970703,126.04949188232422,135.66815185546875,56.972469329833984,33897.046875,48.70526123046875,15.069999694824219
2021-07-03,,,,,,,,,,,,,,,,,34668.546875,,
2021-07-04,,,,,,,,,,,,,,,,,35287.78125,,
2021-07-05,,,,,,,,,,,,,,,,,33746.00390625,,
2021-07-06,404.6296691894531,36.97480392456055,22.054075241088867,33.341148376464844,94.85848236083984,72.44403839111328,61.02565383911133,27.654645919799805,118.1945571899414,87.0171127319336,349.560546875,138.8502655029297,212.23159790039062,125.15441131591797,132.74671936035156,55.402740478515625,34235.1953125,47.851722717285156,16.440000534057617
2021-07-07,406.05963134765625,37.3597297668457,21.695608139038086,33.38698959350586,95.80428314208984,72.83894348144531,61.34988021850586,27.83531379699707,118.94152069091797,86.96913146972656,350.298095703125,139.1815185546875,210.25827026367188,122.22325897216797,130.52085876464844,55.08879470825195,33855.328125,47.79837417602539,16.200000762939453
2021-07-08,402.7510986328125,36.8525390625,21.5705623626709,32.717613220214844,94.46907043457031,72.1502914428711,61.12205123901367,27.753585815429688,118.28678894042969,86.75321960449219,348.1824035644531,137.90249633789062,208.3225860595703,121.28882598876953,131.0773162841797,54.07719421386719,32877.37109375,46.802574157714844,19.0
2021-07-09,407.05035400390625,37.577083587646484,22.029062271118164,33.66209030151367,95.96192169189453,72.81486511230469,61.47256851196289,27.787994384765625,118.6925277709961,87.56411743164062,350.3563537597656,139.8624267578125,212.72018432617188,123.56096649169922,132.95541381835938,56.50154495239258,33798.01171875,47.611663818359375,16.18000030517578
2021-07-10,,,,,,,,,,,,,,,,,33520.51953125,,
2021-07-11,,,,,,,,,,,,,,,,,34240.1875,,
2021-07-12,408.50836181640625,37.699363708496094,21.995718002319336,33.99219512939453,96.09175109863281,72.8726806640625,61.37618637084961,27.878324508666992,118.923095703125,88.16392517089844,351.7247009277344,140.31329345703125,212.8987579345703,122.69538879394531,130.99781799316406,56.61491775512695,33155.84765625,47.6561164855957,16.170000076293945
2021-07-13,407.1157531738281,37.35519790649414,21.82899284362793,33.625396728515625,95.16449737548828,73.1712646484375,61.3586540222168,27.667551040649414,118.81241607666016,87.10828399658203,351.7247009277344,138.98829650878906,208.8863983154297,120.26587677001953,128.8117218017578,55.38529586791992,32702.025390625,47.70057678222656,17.1200008392334
2021-07-14,407.72332763671875,37.2781982421875,21.178749084472656,33.46952438354492,95.15521240234375,73.71060943603516,61.90196228027344,27.908437728881836,118.7017593383789,86.94994354248047,352.3555603027344,138.78582763671875,205.66336059570312,116.23307037353516,125.1549301147461,55.106231689453125,32822.34765625,47.905067443847656,16.329999923706055
2021-07-15,406.3307189941406,37.28274154663086,20.88280487060547,33.579551696777344,95.34066772460938,73.10381317138672,62.15607452392578,28.22244644165039,118.28678894042969,86.47969818115234,349.8807373046875,138.41778564453125,204.4982147216797,114.4920883178711,125.14501190185547,55.769004821777344,31780.73046875,48.02064514160156,17.010000228881836
2021-07-16,403.1436462402344,36.72121047973633,20.290918350219727,33.12107467651367,94.49687194824219,72.38146209716797,62.252471923828125,28.5063533782959,118.60954284667969,85.41449737548828,347.0469665527344,137.38723754882812,201.97987365722656,114.61995697021484,125.14501190185547,54.07719421386719,31421.5390625,47.64723205566406,18.450000762939453
2021-07-17,,,,,,,,,,,,,,,,,31533.068359375,,
2021-07-18,,,,,,,,,,,,,,,,,31796.810546875,,
2021-07-19,397.1900634765625,35.933265686035156,19.57398223876953,32.1949348449707,92.52179718017578,71.38457489013672,62.06846237182617,28.0546875,117.36461639404297,84.43563842773438,344.2034606933594,134.90283203125,198.95420837402344,115.357666015625,125.34373474121094,52.2109489440918,30817.83203125,46.84703063964844,22.5
2021-07-20,402.88189697265625,36.34082794189453,19.836578369140625,32.99270248413086,95.10884857177734,72.44403839111328,62.085968017578125,28.17513656616211,118.79398345947266,85.9950942993164,348.201904296875,137.46084594726562,205.1277618408203,118.78063201904297,128.2452850341797,53.632423400878906,29807.34765625,46.99818420410156,19.729999542236328
2021-07-21,406.1437683105469,36.73933029174805,20.52850341796875,33.56121826171875,96.01757049560547,73.14237213134766,61.928253173828125,27.865421295166016,118.98763275146484,86.78678894042969,350.89007568359375,138.841064453125,208.6608428955078,120.64949035644531,129.42779541015625,54.8010139465332,32110.693359375,47.300472259521484,17.90999984741211
2021-07-22,406.9942321777344,36.7529182434082,20.29924964904785,33.194435119628906,95.66519927978516,73.68172454833984,61.82308578491211,27.908437728881836,119.86370849609375,87.16106414794922,353.2096252441406,138.45460510253906,205.34385681152344,119.71505737304688,127.16218566894531,53.580108642578125,32313.10546875,47.38938903808594,17.690000534057617
2021-07-23,411.1814270019531,37.01103210449219,20.22422218322754,33.24945068359375,96.07318878173828,74.41372680664062,62.56794357299805,28.265464782714844,121.24694061279297,87.93840026855469,357.33416748046875,139.60479736328125,206.3023681640625,120.42324829101562,125.71141052246094,54.033592224121094,33581.55078125,46.68699264526367,17.200000762939453
2021-07-24,,,,,,,,,,,,,,,,,34292.4453125,,
2021-07-25,,,,,,,,,,,,,,,,,35350.1875,,
2021-07-26,412.19085693359375,37.32349395751953,20.724411010742188,33.44200897216797,96.02684783935547,74.37519073486328,62.673099517822266,28.274070739746094,120.46310424804688,88.5909423828125,357.61566162109375,140.00042724609375,206.9037322998047,119.60685729980469,123.43586730957031,54.478336334228516,37337.53515625,45.79788589477539,17.579999923706055
2021-07-27,410.312255859375,37.37331008911133,20.532670974731445,33.43284606933594,95.498291015625,73.67207336425781,62.804527282714844,28.76014518737793,121.02564239501953,87.69367980957031,353.6754150390625,139.7520294189453,204.48876953125,116.67570495605469,122.2037124633789,54.23416519165039,39406.94140625,44.87321853637695,19.360000610351562
2021-07-28,410.1439208984375,37.48197555541992,20.720243453979492,33.38698959350586,95.27574920654297,73.58057403564453,62.252471923828125,28.540769577026367,121.45906066894531,87.41056823730469,355.0340881347656,139.82562255859375,207.49569702148438,119.36095428466797,126.4765396118164,54.923099517822266,39995.90625,46.091285705566406,18.309999465942383
2021-07-29,411.8449401855469,37.89408493041992,20.92031478881836,33.7537841796875,96.02684783935547,73.9225082397461,62.55917739868164,28.618194580078125,121.75414276123047,88.39422607421875,355.6650085449219,140.87457275390625,209.09310913085938,119.60685729980469,124.37986755371094,55.27193069458008,40008.421875,46.32245635986328,17.700000762939453
2021-07-30,409.84490966796875,38.04804992675781,20.586862564086914,33.48786926269531,95.84139251708984,73.87435150146484,62.66433334350586,28.377304077148438,121.86482238769531,86.57566833496094,353.811279296875,140.4881134033203,207.7118377685547,118.03308868408203,122.63098907470703,54.565547943115234,42235.546875,45.87790298461914,18.239999771118164
2021-07-31,,,,,,,,,,,,,,,,,41626.1953125,,
2021-08-01,,,,,,,,,,,,,,,,,39974.89453125,,
2021-08-02,408.98504638671875,37.586143493652344,20.432636260986328,33.49703598022461,95.18302154541016,73.60948181152344,62.40145492553711,28.5966854095459,122.03079223632812,86.82518005371094,353.8404541015625,140.27647399902344,206.67822265625,119.13472747802734,123.14768981933594,54.04231262207031,39201.9453125,46.20687484741211,19.459999084472656
2021-08-03,412.3123779296875,37.97559356689453,20.78276824951172,33.872989654541016,96.4255599975586,74.08143615722656,62.681854248046875,28.76014518737793,123.72760009765625,87.46815490722656,355.9851379394531,141.4542694091797,207.53326416015625,118.24948120117188,124.03207397460938,55.03648376464844,38152.98046875,46.402469635009766,18.040000915527344
2021-08-04,410.28411865234375,37.613304138183594,20.22005271911621,33.5887336730957,95.11812591552734,74.23070526123047,61.866886138916016,28.71712875366211,123.20197296142578,86.61885070800781,356.4995422363281,140.1200714111328,204.94923400878906,121.25932312011719,124.01220703125,54.487064361572266,39747.50390625,46.642539978027344,17.969999313354492
2021-08-05,412.88250732421875,37.55897521972656,20.449310302734375,34.02888107299805,95.5632095336914,74.64005279541016,62.16485595703125,29.031143188476562,122.69477844238281,87.44895935058594,358.76080322265625,141.17823791503906,208.63267517089844,123.51177978515625,128.7222900390625,55.62075424194336,40869.5546875,46.571407318115234,17.280000686645508
2021-08-06,413.564697265625,38.102394104003906,20.636877059936523,34.71660614013672,96.00830841064453,74.57745361328125,62.16485595703125,29.013933181762695,122.59331512451172,86.85396575927734,357.1886901855469,141.75791931152344,209.91061401367188,120.9937515258789,126.48648071289062,57.277687072753906,42816.5,46.18020248413086,16.149999618530273
2021-08-07,,,,,,,,,,,,,,,,,44555.80078125,,
2021-08-08,,,,,,,,,,,,,,,,,43798.1171875,,
2021-08-09,413.2283630371094,38.0571174621582,20.345102310180664,34.80830383300781,95.62810516357422,74.33665466308594,62.39268493652344,29.005338668823242,123.0636215209961,86.7340316772461,357.8484802246094,141.4358673095703,208.75486755371094,122.65603637695312,126.72496795654297,56.89397430419922,46365.40234375,46.33134841918945,16.719999313354492
2021-08-10,413.7422790527344,38.6322135925293,20.703571319580078,35.17509078979492,96.60173034667969,73.8021240234375,62.8396110534668,29.03544807434082,122.77774810791016,87.07469177246094,356.0143737792969,142.098388671875,209.16831970214844,119.4494857788086,125.68160247802734,57.53931427001953,45585.03125,46.393592834472656,16.790000915527344
2021-08-11,414.7704162597656,39.175636291503906,20.86612892150879,35.57856750488281,97.85353088378906,73.81175231933594,63.04990005493164,29.306442260742188,121.56049346923828,87.3290023803711,355.40289306640625,143.00930786132812,210.19253540039062,119.31177520751953,124.86679077148438,58.51604080200195,45593.63671875,46.518062591552734,16.170000076293945
2021-08-12,416.0134582519531,39.11223220825195,20.845291137695312,35.64274978637695,97.66809844970703,74.23553466796875,63.01487350463867,29.336549758911133,122.51953125,87.36739349365234,356.6839599609375,142.93569946289062,209.69448852539062,119.8527603149414,125.98963165283203,58.149776458740234,44428.2890625,46.109073638916016,15.59000015258789
2021-08-13,416.77044677734375,39.14846420288086,20.599361419677734,35.3768196105957,97.36209106445312,74.64005279541016,63.54065704345703,29.543031692504883,123.28496551513672,87.11787414550781,357.93585205078125,142.91732788085938,207.78701782226562,118.13143920898438,123.8333511352539,57.469547271728516,47793.3203125,45.99348831176758,15.449999809265137
2021-08-14,,,,,,,,,,,,,,,,,47096.9453125,,
2021-08-15,,,,,,,,,,,,,,,,,47047.00390625,,
2021-08-16,417.7519226074219,38.953731536865234,20.22005271911621,35.28512954711914,97.6958999633789,74.97718048095703,63.90869903564453,29.72368621826172,124.68667602539062,86.71481323242188,358.09112548828125,142.9633026123047,205.851318359375,115.06259155273438,121.02120971679688,57.26896286010742,46004.484375,45.57561111450195,16.1200008392334
2021-08-17,415.0134582519531,38.505428314208984,20.011648178100586,35.037540435791016,96.63883972167969,74.3559341430664,63.943748474121094,29.740903854370117,126.1621322631836,84.65633392333984,354.9370422363281,141.88674926757812,203.34237670898438,113.99044799804688,122.91914367675781,56.30097198486328,44695.359375,44.7398567199707,17.90999984741211
2021-08-18,410.4710998535156,38.0571174621582,19.59482192993164,34.6065673828125,95.5817642211914,73.33016967773438,63.146297454833984,29.590343475341797,124.24401092529297,84.95864868164062,351.52093505859375,140.42372131347656,201.56642150878906,113.9412612915039,120.84233856201172,55.78645324707031,44801.1875,44.810977935791016,21.56999969482422
2021-08-19,411.106689453125,37.71747589111328,19.0862979888916,34.34981918334961,94.91411590576172,74.04772186279297,63.65455627441406,29.710784912109375,124.80650329589844,84.41643524169922,353.21917724609375,140.1108856201172,199.15155029296875,111.98388671875,117.9407730102539,55.02774429321289,46717.578125,44.046348571777344,21.670000076293945
2021-08-20,414.37786865234375,37.939369201660156,19.12797737121582,34.56071090698242,95.16449737548828,75.00126647949219,63.75972366333008,30.080717086791992,125.51660919189453,85.22732543945312,356.87811279296875,141.12303161621094,202.51553344726562,113.90193176269531,121.35904693603516,56.14399719238281,49339.17578125,44.010780334472656,18.559999465942383
2021-08-21,,,,,,,,,,,,,,,,,48905.4921875,,
2021-08-22,,,,,,,,,,,,,,,,,49321.65234375,,
2021-08-23,418.0229797363281,38.26541519165039,19.844913482666016,34.84498977661133,95.94337463378906,75.9692153930664,63.55815887451172,29.693584442138672,125.56272888183594,86.3261489868164,362.21575927734375,142.1811981201172,206.3681182861328,117.5216064453125,126.93363189697266,56.72829055786133,49546.1484375,44.6776123046875,17.149999618530273
2021-08-24,418.6865234375,38.505428314208984,20.174205780029297,35.055885314941406,96.4255599975586,75.88252258300781,63.076202392578125,29.500009536743164,125.12004089355469,86.93553161621094,363.32208251953125,142.76087951660156,208.39776611328125,119.07571411132812,126.9435806274414,57.04222869873047,47706.1171875,45.691192626953125,17.219999313354492
2021-08-25,419.5650634765625,38.68203353881836,20.328432083129883,35.468536376953125,97.04684448242188,75.83918762207031,62.97105026245117,29.555936813354492,124.77889251708984,87.27142333984375,363.7394104003906,143.5154266357422,209.1306915283203,119.04619598388672,128.3446807861328,57.60908126831055,48960.7890625,45.74454116821289,16.790000915527344
2021-08-26,417.0882873535156,38.414859771728516,20.019981384277344,35.2943000793457,96.62026977539062,75.36244201660156,62.681854248046875,29.48280143737793,124.29010772705078,86.46532440185547,361.4296569824219,142.53082275390625,206.9130859375,117.20685577392578,127.7683334350586,56.6672477722168,46942.21875,45.30887222290039,18.84000015258789
2021-08-27,420.8175048828125,38.92203903198242,20.55351448059082,35.76195526123047,97.28791046142578,76.0896224975586,62.90093231201172,29.474199295043945,124.15180206298828,87.25223541259766,364.9427795410156,144.05828857421875,212.74839782714844,120.0298080444336,131.1965789794922,58.33290481567383,49058.66796875,45.86901092529297,16.389999389648438
2021-08-28,,,,,,,,,,,,,,,,,48902.40234375,,
2021-08-29,,,,,,,,,,,,,,,,,48829.83203125,,
2021-08-30,422.66815185546875,38.88127899169922,20.311758041381836,35.25761795043945,97.17665100097656,76.9083023071289,63.18134307861328,29.517221450805664,124.85261535644531,87.90959930419922,369.0382995605469,143.8466339111328,211.87452697753906,120.77735137939453,130.7991180419922,56.963748931884766,47054.984375,45.96681594848633,16.190000534057617
2021-08-31,422.0418395996094,38.76806640625,20.174205780029297,35.21177291870117,96.90775299072266,76.50377655029297,63.321571350097656,29.48280143737793,124.68667602539062,88.12073516845703,368.7374267578125,143.81907653808594,212.2879638671875,120.0298080444336,132.00144958496094,57.46083068847656,47166.6875,46.59807586669922,16.479999542236328
2021-09-01,422.2660827636719,38.66844177246094,19.878263473510742,35.010032653808594,96.5368423461914,76.52302551269531,63.65455627441406,29.869943618774414,124.72354125976562,88.11591339111328,369.34881591796875,143.8466339111328,213.71629333496094,121.69210815429688,134.22731018066406,57.08583068847656,48847.02734375,47.193782806396484,16.110000610351562
2021-09-02,423.5653381347656,38.91750717163086,20.382619857788086,35.12923812866211,97.57535552978516,76.44115447998047,63.899940490722656,30.140939712524414,126.06068420410156,88.11112976074219,369.1741943359375,144.82199096679688,215.200927734375,122.78392028808594,135.66815185546875,57.01606369018555,49327.72265625,46.98039627075195,16.40999984741211
2021-09-03,423.4624328613281,38.65938949584961,20.26590347290039,34.90917205810547,96.98191833496094,76.74456024169922,63.821048736572266,29.89145851135254,126.19903564453125,88.05833435058594,370.30963134765625,144.35276794433594,214.20486450195312,123.01998138427734,133.3429412841797,56.84165954589844,50025.375,47.229347229003906,16.40999984741211
2021-09-04,,,,,,,,,,,,,,,,,49944.625,,
2021-09-05,,,,,,,,,,,,,,,,,51753.41015625,,
2021-09-06,,,,,,,,,,,,,,,,,52633.53515625,,
2021-09-07,421.9483642578125,38.405792236328125,20.145029067993164,34.69826889038086,95.3035888671875,76.76382446289062,63.0849609375,29.495708465576172,125.46126556396484,88.31745147705078,370.8337097167969,143.1473846435547,212.72962951660156,122.66588592529297,132.62747192382812,56.61491775512695,46811.12890625,47.50497055053711,18.139999389648438
2021-09-08,421.43438720703125,38.03899383544922,19.886600494384766,34.6157341003418,95.43338775634766,76.47007751464844,63.62826156616211,30.024803161621094,125.40592956542969,88.41822052001953,369.54290771484375,143.0553436279297,210.4086456298828,119.18389892578125,131.4748077392578,55.89109420776367,46091.390625,46.81147003173828,17.959999084472656
2021-09-09,419.63055419921875,38.05257797241211,19.928281784057617,34.71660614013672,94.96974182128906,76.18112182617188,63.260223388671875,29.86134147644043,123.95814514160156,88.30306243896484,368.2716064453125,142.65048217773438,210.30528259277344,119.71505737304688,131.9815673828125,56.12656021118164,46391.421875,46.722557067871094,18.799999237060547
2021-09-10,416.32196044921875,38.04352951049805,19.919944763183594,34.45985412597656,94.54324340820312,75.42984771728516,62.98857116699219,29.444095611572266,122.82386016845703,87.7608413696289,365.4765319824219,141.7119140625,208.2474365234375,118.48554229736328,130.88851928710938,55.4550666809082,44883.91015625,46.669212341308594,20.950000762939453
2021-09-11,,,,,,,,,,,,,,,,,45201.45703125,,
2021-09-12,,,,,,,,,,,,,,,,,46063.26953125,,
2021-09-13,417.3873596191406,38.034461975097656,20.490989685058594,34.854156494140625,94.79359436035156,75.45392608642578,63.146297454833984,29.392478942871094,122.06767272949219,87.97677612304688,365.2242126464844,142.10757446289062,209.43138122558594,116.23307037353516,130.2525634765625,56.117835998535156,44963.07421875,46.7936897277832,19.3700008392334
2021-09-14,415.1350402832031,37.61784744262695,20.195043563842773,34.386497497558594,93.6530532836914,75.35760498046875,62.857120513916016,29.293537139892578,122.04923248291016,87.68407440185547,364.1857604980469,141.0954132080078,206.76275634765625,114.9445571899414,128.17576599121094,54.83589553833008,47092.4921875,46.402469635009766,19.459999084472656
2021-09-15,418.6024169921875,38.0163459777832,20.949493408203125,34.71660614013672,94.68232727050781,76.01737976074219,63.0849609375,29.254817962646484,122.84232330322266,88.2502670288086,366.8934631347656,142.34683227539062,208.63267517089844,115.8888168334961,129.60665893554688,55.734130859375,48176.34765625,46.393592834472656,18.18000030517578
2021-09-16,417.9388427734375,37.60426330566406,20.711902618408203,34.6157341003418,94.03324890136719,76.06072235107422,62.87464904785156,29.00963592529297,122.52876281738281,88.6533432006836,367.1457824707031,142.07997131347656,208.78305053710938,116.62652587890625,130.17306518554688,55.60331726074219,47783.359375,45.86901092529297,18.690000534057617
2021-09-17,413.8677062988281,36.82988739013672,20.557682037353516,34.45985412597656,93.03178405761719,74.87602996826172,62.53289031982422,28.562273025512695,122.64865112304688,88.3414535522461,362.79803466796875,140.81935119628906,209.05555725097656,119.50849914550781,132.04119873046875,55.67308044433594,47267.51953125,45.673404693603516,20.809999465942383
2021-09-18,,,,,,,,,,,,,,,,,48278.36328125,,
2021-09-19,,,,,,,,,,,,,,,,,47260.21875,,
2021-09-20,406.9667663574219,36.12218475341797,19.929914474487305,33.66047286987305,91.96479797363281,73.51219940185547,61.908607482910156,28.509830474853516,121.36876678466797,86.32555389404297,355.3013610839844,138.69252014160156,204.08474731445312,114.2363510131836,127.94719696044922,54.28782272338867,42843.80078125,44.44644546508789,25.709999084472656
2021-09-21,406.58233642578125,36.035770416259766,19.9763240814209,33.61442947387695,91.4810562133789,73.54115295410156,61.83805847167969,28.43181800842285,121.55387878417969,86.45531463623047,355.7386169433594,138.19384765625,204.39483642578125,115.21996307373047,129.42779541015625,54.173851013183594,40693.67578125,44.77541732788086,24.360000610351562
2021-09-22,410.5484924316406,36.408721923828125,20.59227752685547,34.17620849609375,92.2066421508789,74.54942321777344,62.0144157409668,28.414480209350586,121.75746154785156,87.63264465332031,359.0613708496094,139.74533081054688,207.57086181640625,116.17406463623047,129.79547119140625,55.09443664550781,43574.5078125,45.335548400878906,20.8700008392334
2021-09-23,415.5366516113281,36.92723083496094,21.313701629638672,35.0142707824707,93.62065887451172,75.54804229736328,62.24365997314453,28.262788772583008,122.63661193847656,88.52166748046875,362.3744201660156,141.7954864501953,211.2449493408203,117.38389587402344,132.23001098632812,57.18984603881836,44895.09765625,45.691192626953125,18.6299991607666
2021-09-24,416.2210998535156,36.872650146484375,21.474021911621094,35.19845199584961,93.81600952148438,75.60112762451172,62.27012252807617,28.232444763183594,122.13688659667969,88.85322570800781,362.7144775390625,142.03564453125,210.22607421875,115.21012115478516,129.54702758789062,57.78602600097656,42839.75,45.148841857910156,17.75
2021-09-25,,,,,,,,,,,,,,,,,42716.59375,,
2021-09-26,,,,,,,,,,,,,,,,,43208.5390625,,
2021-09-27,415.0303039550781,37.15918731689453,22.23763084411621,35.67734909057617,93.90899658203125,74.86782836914062,61.987972259521484,27.898723602294922,120.39710235595703,89.3289794921875,359.8192138671875,142.50660705566406,213.4211883544922,115.11176300048828,131.0773162841797,59.95158004760742,42235.73046875,45.44224166870117,18.760000228881836
2021-09-28,406.66668701171875,36.6998176574707,22.313579559326172,35.08793640136719,92.82063293457031,72.6486587524414,61.25609588623047,27.54766082763672,118.33343505859375,87.60861206054688,349.63720703125,140.3733367919922,208.5673065185547,110.30191040039062,126.93363189697266,59.504459381103516,41034.54296875,44.855430603027344,23.25
2021-09-29,407.3511657714844,36.549720764160156,22.313579559326172,35.115570068359375,92.9229507446289,72.55699920654297,61.811614990234375,27.907386779785156,119.26810455322266,87.69509887695312,349.06402587890625,140.6780548095703,208.1243133544922,107.92158508300781,124.83695220947266,60.153221130371094,41564.36328125,44.43754959106445,22.559999465942383
2021-09-30,402.3724365234375,35.98118591308594,21.976064682006836,34.5629997253418,91.01593017578125,72.0359878540039,60.700592041015625,27.68634796142578,117.80593872070312,86.2342300415039,347.78155517578125,138.360107421875,206.17332458496094,108.71830749511719,124.91646575927734,59.39924621582031,43790.89453125,44.79319763183594,23.139999389648438
2021-10-01,407.1543273925781,36.55427169799805,22.714366912841797,35.13398742675781,92.26246643066406,73.12145233154297,60.85929870605469,27.68634796142578,117.83369445800781,86.88297271728516,349.9384460449219,140.22555541992188,209.5003662109375,109.34781646728516,125.37355041503906,60.81955337524414,48116.94140625,44.74874496459961,21.100000381469727
2021-10-02,,,,,,,,,,,,,,,,,47711.48828125,,
2021-10-03,,,,,,,,,,,,,,,,,48199.953125,,
2021-10-04,401.90362548828125,36.395076751708984,23.08562469482422,34.830074310302734,91.76012420654297,71.4281234741211,60.665321350097656,28.0677547454834,116.03836822509766,86.19578552246094,342.59332275390625,139.3389892578125,207.59646606445312,105.43305969238281,122.44218444824219,61.038734436035156,49112.90234375,44.09080123901367,22.959999084472656
2021-10-05,406.0853576660156,36.71800231933594,23.220630645751953,35.511573791503906,92.78341674804688,72.44606018066406,60.97393798828125,27.998403549194336,116.73243713378906,86.54179382324219,347.21795654296875,140.33636474609375,208.31280517578125,107.25273132324219,122.81977844238281,61.36312484741211,51514.8125,44.4019889831543,21.299999237060547
2021-10-06,407.7730712890625,36.64978790283203,22.975933074951172,35.54840087890625,93.19273376464844,72.91883087158203,61.56470489501953,28.43181800842285,116.51960754394531,86.81570434570312,349.4429016113281,140.53033447265625,207.22894287109375,108.13797760009766,121.51805114746094,61.17026138305664,55361.44921875,44.15303421020508,21.0
2021-10-07,411.2986145019531,37.12735366821289,23.153127670288086,35.76021957397461,93.91832733154297,73.58456420898438,61.83805847167969,28.280118942260742,118.0650405883789,88.16605377197266,352.6490173339844,141.7216339111328,210.4240264892578,110.75437927246094,123.1278305053711,61.72257614135742,53805.984375,45.015472412109375,19.540000915527344
2021-10-08,410.5484924316406,36.92267990112305,23.86611557006836,35.93521499633789,93.90899658203125,73.30958557128906,61.76752471923828,28.07208251953125,117.4727783203125,87.76237487792969,350.8905029296875,141.38917541503906,208.8406219482422,108.78715515136719,122.66080474853516,61.994380950927734,53967.84765625,45.18440628051758,18.770000457763672
2021-10-09,,,,,,,,,,,,,,,,,54968.22265625,,
2021-10-10,,,,,,,,,,,,,,,,,54771.578125,,
2021-10-11,407.576171875,36.92723083496094,23.77751922607422,35.57603454589844,93.155517578125,72.90434265136719,61.74988555908203,27.690683364868164,116.5566177368164,87.40676879882812,348.1993103027344,140.61343383789062,207.64366149902344,108.43305206298828,123.28680419921875,61.27546310424805,57484.7890625,45.09550094604492,20.0
2021-10-12,406.5729675292969,36.977256774902344,23.79861068725586,35.46551513671875,92.84852600097656,72.52806854248047,61.776344299316406,27.877050399780273,115.99210357666016,88.09876251220703,346.9847717285156,140.650390625,208.7841033935547,109.9084701538086,123.82340240478516,61.24038314819336,56041.05859375,44.864322662353516,19.850000381469727
2021-10-13,408.0356750488281,37.254703521728516,23.77751922607422,35.26292037963867,93.04386901855469,72.9719009399414,61.89096450805664,28.202104568481445,116.17719268798828,88.53125762939453,349.7635192871094,140.88121032714844,209.77369689941406,111.57077026367188,124.22086334228516,60.89844512939453,57401.09765625,45.48670196533203,18.639999389648438
2021-10-14,414.8990478515625,38.1598014831543,24.068618774414062,35.852325439453125,94.80207824707031,74.6169662475586,62.587581634521484,28.548839569091797,117.84294128417969,89.45872497558594,356.2050476074219,143.3008575439453,212.88394165039062,113.68553161621094,126.29767608642578,61.81026840209961,57321.5234375,45.62895584106445,16.860000610351562
2021-10-15,418.0588684082031,38.27350616455078,24.186748504638672,36.3864631652832,95.71370697021484,75.21517181396484,62.43765640258789,28.466487884521484,118.42596435546875,90.8282699584961,358.4493408203125,143.790283203125,212.21478271484375,113.90193176269531,124.29043579101562,61.74012756347656,61593.94921875,46.18020248413086,16.299999237060547
2021-10-16,,,,,,,,,,,,,,,,,60892.1796875,,
2021-10-17,,,,,,,,,,,,,,,,,61553.6171875,,
2021-10-18,419.2965393066406,38.24622344970703,24.20362091064453,36.39567184448242,95.77881622314453,75.85197448730469,62.06731414794922,28.193445205688477,117.62084197998047,91.9383544921875,362.05377197265625,143.84571838378906,212.09226989746094,115.13143920898438,121.69690704345703,61.88918685913086,62026.078125,46.06462097167969,16.309999465942383
2021-10-19,422.53125,38.44634246826172,24.47784996032715,36.75483703613281,96.34627532958984,76.60457611083984,62.09376525878906,28.548839569091797,119.1662826538086,91.67886352539062,364.7936706542969,144.6861114501953,212.88394165039062,117.63963317871094,122.8992691040039,61.94179153442383,64261.9921875,46.678096771240234,15.699999809265137
2021-10-20,424.1909484863281,38.75563049316406,24.6761417388916,37.04955291748047,96.95094299316406,76.39229583740234,62.455299377441406,28.999584197998047,120.86907196044922,91.611572265625,364.31756591796875,145.79429626464844,214.2977294921875,116.75438690185547,122.48192596435547,63.56373977661133,65992.8359375,46.669212341308594,15.489999771118164
2021-10-21,425.2972412109375,38.655555725097656,24.220495223999023,36.89299011230469,97.14630126953125,76.68658447265625,62.375938415527344,28.999584197998047,121.35954284667969,92.95712280273438,366.5423889160156,145.9698028564453,214.8443603515625,117.69866180419922,123.05825805664062,63.14290237426758,62210.171875,46.366905212402344,15.010000228881836
2021-10-22,424.8565979003906,38.58279037475586,24.448322296142578,37.40871810913086,97.49050903320312,76.4212417602539,62.86090850830078,29.146947860717773,121.8499984741211,92.62554168701172,363.46258544921875,146.38536071777344,214.33543395996094,115.81996154785156,123.39610290527344,63.80924987792969,60692.265625,46.26911163330078,15.430000305175781
2021-10-23,,,,,,,,,,,,,,,,,61393.6171875,,
2021-10-24,,,,,,,,,,,,,,,,,60930.8359375,,
2021-10-25,427.1350402832031,38.969398498535156,24.806922912597656,37.362674713134766,97.71375274658203,76.67211151123047,62.81682205200195,29.02125358581543,121.99807739257812,94.92254638671875,367.18365478515625,146.71780395507812,216.3712615966797,119.81340789794922,123.60478973388672,64.05472564697266,63039.82421875,46.509178161621094,15.239999771118164
2021-10-26,427.51953125,39.078548431396484,24.95036506652832,37.39028549194336,97.1091079711914,76.88920593261719,63.03725051879883,29.17728614807129,122.5995864868164,94.93696594238281,368.3398132324219,146.43154907226562,214.74069213867188,119.21341705322266,123.2271957397461,63.50238037109375,60363.79296875,46.26911163330078,15.979999542236328
2021-10-27,425.62542724609375,38.519107818603516,24.233158111572266,36.77326202392578,95.97418212890625,76.8216552734375,62.66693115234375,28.982248306274414,121.62789916992188,95.14839172363281,369.19476318359375,144.48294067382812,210.7916259765625,116.73472595214844,121.44849395751953,61.29300308227539,58482.38671875,45.895687103271484,16.979999542236328
2021-10-28,429.73223876953125,38.901161193847656,24.406129837036133,37.22452163696289,97.1741943359375,77.59354400634766,62.88736343383789,29.17294692993164,122.64588165283203,96.4122314453125,373.2948303222656,145.95132446289062,214.99522399902344,119.7740707397461,125.37355041503906,62.38015365600586,60622.13671875,45.94013977050781,16.530000686645508
2021-10-29,430.604248046875,38.714691162109375,24.245813369750977,37.077178955078125,97.20209503173828,77.9264144897461,62.82563781738281,28.999584197998047,123.83968353271484,96.662109375,375.1310729980469,145.6927490234375,214.9386749267578,119.29209899902344,124.02214050292969,62.16974639892578,62227.96484375,45.27330780029297,16.260000228881836
2021-10-30,,,,,,,,,,,,,,,,,61888.83203125,,
2021-10-31,,,,,,,,,,,,,,,,,61318.95703125,,
2021-11-01,431.3450622558594,38.8056526184082,24.663480758666992,37.0955924987793,97.47189331054688,77.81063079833984,62.922630310058594,29.103609085083008,123.69158935546875,98.43534851074219,376.4135437011719,146.8563690185547,220.50881958007812,123.06916046142578,128.77195739746094,64.2212905883789,61004.40625,45.62895584106445,16.40999984741211
2021-11-02,433.0890197753906,39.2468376159668,24.431446075439453,37.187686920166016,97.79747772216797,78.49568939208984,63.34587860107422,29.129608154296875,124.46895599365234,97.77220153808594,377.9874572753906,147.26272583007812,220.97068786621094,121.07243347167969,130.4314422607422,64.01089477539062,63226.40234375,45.219970703125,16.030000686645508
2021-11-03,435.7330627441406,39.65618133544922,24.228939056396484,37.325828552246094,97.58352661132812,78.95398712158203,63.93666076660156,29.02125358581543,125.20004272460938,99.53099060058594,382.0000305175781,148.13079833984375,224.91978454589844,122.59703063964844,133.30316162109375,65.77313232421875,62970.046875,45.433349609375,15.100000381469727
2021-11-04,437.7864685058594,39.63343811035156,24.262693405151367,36.83773422241211,97.97422790527344,80.18901062011719,63.998374938964844,28.86089324951172,124.33940124511719,100.87174224853516,386.896728515625,147.8260498046875,224.8349609375,122.35112762451172,132.36911010742188,64.71227264404297,61452.23046875,45.32666015625,15.4399995803833
2021-11-05,439.305419921875,39.942718505859375,24.579103469848633,36.85614013671875,98.9696044921875,80.60388946533203,64.36872863769531,29.13394546508789,122.95124816894531,101.52046203613281,387.26593017578125,148.9527130126953,227.90753173828125,120.2855453491211,130.49107360839844,65.39613342285156,61125.67578125,45.27330780029297,16.479999542236328
2021-11-06,,,,,,,,,,,,,,,,,61527.48046875,,
2021-11-07,,,,,,,,,,,,,,,,,63326.98828125,,
2021-11-08,439.6804504394531,40.443031311035156,24.802698135375977,37.05876159667969,99.37891387939453,81.03809356689453,63.8572883605957,28.700532913208008,123.68236541748047,100.08361053466797,386.7413024902344,149.17434692382812,228.61439514160156,121.37735748291016,129.6861572265625,65.47504425048828,67566.828125,45.691192626953125,17.219999313354492
2021-11-09,438.2271423339844,40.6295051574707,24.903953552246094,36.85614013671875,99.63009643554688,80.70519256591797,64.07774353027344,28.84789276123047,123.22889709472656,98.23351287841797,384.07928466796875,149.15591430664062,227.28541564941406,118.59374237060547,127.81803894042969,65.24710083007812,66971.828125,45.51336669921875,17.780000686645508
2021-11-10,434.70172119140625,40.35205841064453,24.245813369750977,36.791683197021484,99.0719223022461,79.37371826171875,64.271728515625,29.08193588256836,123.58055114746094,97.86830139160156,378.43438720703125,148.20468139648438,223.70394897460938,114.62979888916016,125.39341735839844,65.07174682617188,64995.23046875,45.32666015625,18.729999542236328
2021-11-11,434.8423156738281,40.67497634887695,24.338624954223633,36.89299011230469,98.66260528564453,79.74517822265625,64.2276382446289,28.904232025146484,123.21961975097656,97.60399627685547,379.4836730957031,148.56484985351562,225.5041046142578,115.41667938232422,125.5126724243164,65.6416244506836,64949.9609375,46.109073638916016,17.65999984741211
2021-11-12,438.1240539550781,40.97971725463867,24.279565811157227,36.97587585449219,99.44402313232422,80.71483612060547,64.2276382446289,28.886899948120117,123.83039093017578,97.93079376220703,383.4768371582031,149.28518676757812,225.73033142089844,116.54783630371094,125.74121856689453,65.39613342285156,64155.94140625,46.23354721069336,16.290000915527344
2021-11-13,,,,,,,,,,,,,,,,,64469.52734375,,
2021-11-14,,,,,,,,,,,,,,,,,65466.83984375,,
2021-11-15,438.2740478515625,40.79323959350586,24.482067108154297,36.97587585449219,99.63009643554688,80.63284301757812,64.5362548828125,29.268299102783203,123.06231689453125,97.84906768798828,383.3893737792969,149.54380798339844,224.8349609375,115.60356903076172,123.1079330444336,65.6416244506836,63557.87109375,46.082401275634766,16.489999771118164
2021-11-16,440.0085754394531,40.67953872680664,24.520042419433594,36.93903732299805,99.64869689941406,81.48189544677734,64.1306381225586,29.129608154296875,123.58055114746094,99.39163970947266,386.1195068359375,149.7377166748047,225.24966430664062,116.97077941894531,123.72402954101562,65.61532592773438,60161.24609375,46.14463424682617,16.3700008392334
2021-11-17,438.9398193359375,40.41118240356445,24.144561767578125,36.5153923034668,99.05331420898438,81.23585510253906,63.989566802978516,29.155614852905273,123.75637817382812,100.02596282958984,386.3234558105469,148.94346618652344,222.29959106445312,114.80684661865234,122.15399932861328,65.05419921875,60368.01171875,45.90457534790039,17.110000610351562
2021-11-18,440.4305725097656,40.23835372924805,24.001123428344727,36.33121109008789,98.84867095947266,82.04634094238281,63.760292053222656,29.003921508789062,123.80265808105469,101.1600570678711,390.32635498046875,148.3986053466797,221.35711669921875,111.95437622070312,121.44849395751953,64.91393280029297,56942.13671875,45.34443664550781,17.59000015258789
2021-11-19,439.64300537109375,40.16557312011719,23.064531326293945,35.93521499633789,98.35563659667969,82.64454650878906,63.53105545043945,29.168621063232422,123.05307006835938,101.59735107421875,392.50262451171875,147.43814086914062,219.34011840820312,111.3838882446289,121.15038299560547,64.4229736328125,58119.578125,45.27330780029297,17.90999984741211
2021-11-20,,,,,,,,,,,,,,,,,59697.1953125,,
2021-11-21,,,,,,,,,,,,,,,,,58730.4765625,,
2021-11-22,438.4053649902344,40.229251861572266,23.473758697509766,36.44172286987305,98.62539672851562,81.72310638427734,64.03366088867188,29.3463134765625,122.4977798461914,101.34266662597656,387.94598388671875,147.6690216064453,218.4070587158203,106.71173858642578,118.52704620361328,65.11558532714844,56289.2890625,44.90877914428711,19.170000076293945
2021-11-23,438.98663330078125,40.27019500732422,24.1951847076416,37.01270294189453,98.7928466796875,81.53498077392578,64.45690155029297,29.37665367126465,122.62736511230469,100.60740661621094,386.17779541015625,148.27853393554688,218.0300750732422,104.22321319580078,118.62641143798828,66.150146484375,57569.07421875,44.864322662353516,19.3799991607666
2021-11-24,440.15875244140625,39.98365020751953,24.431446075439453,36.92981719970703,98.68122100830078,82.12835693359375,64.26290130615234,29.39399528503418,122.58108520507812,100.81402587890625,387.4213562011719,148.35244750976562,218.2656707763672,106.0035400390625,119.29219055175781,65.98355865478516,56280.42578125,44.802085876464844,18.579999923706055
2021-11-25,,,,,,,,,,,,,,,,,57274.6796875,,
2021-11-26,430.3417663574219,39.29685974121094,23.44844627380371,35.7049674987793,96.01140594482422,80.07804870605469,63.451683044433594,28.934574127197266,122.12763977050781,98.06532287597656,380.07635498046875,144.4921875,210.03758239746094,105.36420440673828,116.0428237915039,62.678253173828125,53569.765625,43.299495697021484,28.6200008392334
2021-11-27,,,,,,,,,,,,,,,,,54815.078125,,
2021-11-28,,,,,,,,,,,,,,,,,57248.45703125,,
2021-11-29,435.6205139160156,39.478790283203125,23.583450317382812,35.815486907958984,96.17884826660156,82.08010864257812,63.610408782958984,29.363656997680664,122.46078491210938,99.58866119384766,388.3248596191406,145.70193481445312,209.90562438964844,105.16747283935547,114.32373809814453,62.80976104736328,57806.56640625,43.46842956542969,22.959999084472656
2021-11-30,427.14447021484375,38.500919342041016,23.03078269958496,34.959007263183594,93.74156951904297,81.39506530761719,61.97914123535156,28.505495071411133,120.05470275878906,98.24312591552734,382.6218566894531,141.84170532226562,205.62664794921875,103.9576416015625,115.53604125976562,61.2053108215332,57005.42578125,43.423973083496094,27.190000534057617
2021-12-01,422.4001159667969,38.109771728515625,22.78608512878418,34.572200775146484,92.439208984375,80.2806625366211,61.6793327331543,28.557504653930664,119.84185028076172,96.46990966796875,376.1123962402344,140.07778930664062,200.99896240234375,96.98384857177734,111.42216491699219,60.398712158203125,57229.828125,43.584014892578125,31.1200008392334
2021-12-02,428.8696594238281,38.887516021728516,23.44844627380371,35.60366439819336,95.18347930908203,81.01876068115234,62.331851959228516,28.92157554626465,120.42488861083984,97.84427642822266,378.8230285644531,143.46707153320312,206.60690307617188,97.39696502685547,113.84678649902344,62.45029830932617,56477.81640625,44.11746597290039,27.950000762939453
2021-12-03,425.137939453125,38.80110168457031,23.2628173828125,35.02347183227539,95.07184600830078,79.66316223144531,63.10780334472656,29.211959838867188,120.64695739746094,95.94129180908203,372.23583984375,142.68209838867188,202.36558532714844,91.9969482421875,108.8386001586914,60.74941635131836,53598.24609375,43.49509811401367,30.670000076293945
2021-12-04,,,,,,,,,,,,,,,,,49200.703125,,
2021-12-05,,,,,,,,,,,,,,,,,49368.84765625,,
2021-12-06,430.1729431152344,39.36962890625,23.608760833740234,35.5576171875,96.68116760253906,80.42056274414062,64.21882629394531,29.658374786376953,121.33177947998047,97.03695678710938,375.218505859375,144.7969207763672,206.42782592773438,93.3936767578125,108.8882827758789,62.31001281738281,50582.625,43.83295822143555,27.18000030517578
2021-12-07,439.0710144042969,39.97001266479492,24.161436080932617,36.19306945800781,97.66725158691406,83.2282943725586,64.35990142822266,29.879419326782227,122.89571380615234,99.30033111572266,386.5178527832031,147.24424743652344,211.21571350097656,98.46910095214844,114.31381225585938,62.49413299560547,50700.0859375,44.52646255493164,21.889999389648438
2021-12-08,440.233642578125,40.13828659057617,24.157217025756836,35.999671936035156,97.90909576416016,83.60941314697266,64.15709686279297,29.84908103942871,123.82118225097656,99.55020141601562,388.2471923828125,147.6228790283203,212.65780639648438,101.52812194824219,115.9533920288086,62.37137222290039,50504.796875,44.70428466796875,19.899999618530273
2021-12-09,437.2613830566406,39.91542434692383,23.971588134765625,35.92599105834961,97.60211944580078,82.70726013183594,64.33344268798828,29.81006622314453,124.10803985595703,97.82505798339844,382.5343933105469,146.57003784179688,207.84158325195312,96.12811279296875,111.07439422607422,61.67875289916992,47672.12109375,44.49089431762695,21.579999923706055
2021-12-10,441.3775939941406,40.161033630371094,24.148780822753906,35.96282958984375,98.00212097167969,84.3668212890625,65.41801452636719,29.97042465209961,124.54297637939453,98.50743103027344,386.6927490234375,147.52130126953125,207.26663208007812,94.59367370605469,109.21620178222656,61.81904602050781,47243.3046875,44.52646255493164,18.690000534057617
2021-12-11,,,,,,,,,,,,,,,,,49362.5078125,,
2021-12-12,,,,,,,,,,,,,,,,,50098.3359375,,
2021-12-13,437.4676818847656,39.91996765136719,23.477985382080078,35.57603454589844,96.98816680908203,83.11251831054688,66.27332305908203,30.338829040527344,125.71826171875,95.97016143798828,381.1061706542969,146.4500274658203,204.2376708984375,92.95105743408203,110.10057830810547,60.27597427368164,46737.48046875,43.8203239440918,20.309999465942383
2021-12-14,434.4579772949219,39.879032135009766,23.38094711303711,35.7878532409668,96.06720733642578,81.74723052978516,66.31741333007812,30.156795501708984,125.20931243896484,95.4126968383789,377.16162109375,145.57266235351562,202.47927856445312,91.88874816894531,108.08336639404297,60.82830810546875,46612.6328125,43.72111511230469,21.889999389648438
2021-12-15,441.246337890625,39.965450286865234,23.267038345336914,35.88916015625,96.90443420410156,83.91333770751953,66.987548828125,30.650888442993164,127.77271270751953,96.6236801147461,385.7600402832031,147.1611328125,205.69354248046875,93.86580657958984,112.67422485351562,61.301753997802734,48896.72265625,43.59486389160156,19.290000915527344
2021-12-16,437.3552551269531,40.37479782104492,23.414695739746094,36.34040832519531,96.95094299316406,81.53498077392578,67.46370697021484,30.806913375854492,128.53152465820312,94.49005126953125,375.8403015136719,146.90255737304688,201.53387451171875,90.36416625976562,109.64348602294922,61.41573715209961,47665.42578125,43.64897155761719,20.56999969482422
2021-12-17,432.700439453125,39.86994934082031,22.937963485717773,35.53920364379883,95.29512023925781,80.98982238769531,66.30859375,30.343162536621094,127.63388061523438,93.84610748291016,373.9652099609375,144.9539337158203,203.38682556152344,95.60679626464844,114.88020324707031,59.925270080566406,46202.14453125,43.43253707885742,21.56999969482422
2021-12-18,,,,,,,,,,,,,,,,,46848.77734375,,
2021-12-19,,,,,,,,,,,,,,,,,46707.015625,,
2021-12-20,428.0993347167969,39.157737731933594,22.653779983520508,34.84888458251953,93.76840209960938,80.02654266357422,66.32813262939453,30.371994018554688,126.86100769042969,92.33110809326172,370.3376159667969,143.46644592285156,200.53182983398438,93.17728424072266,115.05908203125,58.915565490722656,46880.27734375,42.783206939697266,22.8700008392334
2021-12-21,435.7020568847656,39.65143966674805,23.299074172973633,35.570655822753906,95.63592529296875,82.0517349243164,66.23934936523438,30.328311920166016,127.39046478271484,94.72297668457031,378.62591552734375,146.3746795654297,206.2607421875,96.75762176513672,115.84408569335938,60.72334671020508,48936.61328125,43.50468063354492,21.010000228881836
2021-12-22,440.05841064453125,39.966854095458984,23.448644638061523,35.737220764160156,95.90672302246094,83.12474060058594,66.65660858154297,30.459360122680664,128.87681579589844,96.45074462890625,383.2370300292969,147.40274047851562,208.2460479736328,96.64942169189453,115.78445434570312,61.19071960449219,48628.51171875,43.71210479736328,18.6299991607666
2021-12-23,442.7964782714844,40.36912155151367,23.461469650268555,35.922298431396484,97.03656005859375,83.58876037597656,66.80754852294922,30.454994201660156,129.40640258789062,97.78865051269531,386.126220703125,148.4030303955078,209.90985107421875,97.4461441040039,117.47374725341797,61.7286262512207,50784.5390625,43.93756103515625,17.959999084472656
2021-12-24,,,,,,,,,,,,,,,,,50822.1953125,,
2021-12-25,,,,,,,,,,,,,,,,,50429.859375,,
2021-12-26,,,,,,,,,,,,,,,,,50809.515625,,
2021-12-27,449.06298828125,40.97711181640625,23.974287033081055,36.29244613647461,98.0636978149414,85.38194274902344,67.5177993774414,30.603511810302734,130.77195739746094,98.74156951904297,392.5077819824219,150.3017120361328,211.8762664794922,95.81336212158203,114.44300079345703,62.628108978271484,50640.41796875,44.135963439941406,17.68000030517578
2021-12-28,448.69610595703125,41.21481704711914,23.957195281982422,36.31094741821289,98.55858612060547,84.93724060058594,67.8995590209961,30.878705978393555,130.42822265625,98.78489685058594,390.68865966796875,150.53329467773438,210.58108520507812,94.06253051757812,112.49536895751953,62.67219924926758,47588.85546875,43.991676330566406,17.540000915527344
2021-12-29,449.27001953125,41.38395690917969,23.8033447265625,36.264678955078125,98.73601531982422,85.00977325439453,68.21029663085938,31.04469108581543,131.1714324951172,98.98221588134766,390.63031005859375,150.97781372070312,210.80799865722656,93.05394744873047,112.02833557128906,62.78683853149414,46444.7109375,43.793270111083984,16.950000762939453
2021-12-30,448.02801513671875,41.2376708984375,23.65804672241211,36.19989776611328,98.38115692138672,84.4490966796875,67.9971923828125,31.15826988220215,131.44082641601562,98.62606048583984,389.4630126953125,150.73703002929688,210.75123596191406,95.90020751953125,112.52517700195312,62.495845794677734,47178.125,44.29496383666992,17.329999923706055
2021-12-31,446.89898681640625,41.42052459716797,23.717878341674805,36.13512420654297,98.80137634277344,84.03823852539062,68.45886993408203,31.26746368408203,130.88343811035156,98.39024353027344,387.03094482421875,150.73703002929688,210.29745483398438,93.80765533447266,111.25325775146484,62.478187561035156,46306.4453125,44.078399658203125,17.219999313354492
2022-01-01,,,,,,,,,,,,,,,,,47686.8125,,
2022-01-02,,,,,,,,,,,,,,,,,47345.21875,,
2022-01-03,449.48651123046875,40.8811149597168,24.452922821044922,36.57929992675781,97.9889907836914,84.83577728271484,68.44998931884766,30.957340240478516,129.53643798828125,101.21530151367188,390.7568054199219,150.86671447753906,213.01071166992188,96.18780517578125,114.7112808227539,63.64221954345703,46458.1171875,44.39421844482422,16.600000381469727
2022-01-04,449.33587646484375,41.38395690917969,25.299068450927734,37.54167556762695,99.959228515625,83.9367446899414,68.91165161132812,30.86122703552246,127.82711029052734,100.59925842285156,385.6884765625,152.07998657226562,212.68927001953125,91.92337799072266,110.65703582763672,65.4411849975586,45897.57421875,44.240821838378906,16.90999984741211
2022-01-05,440.7076416015625,41.37937927246094,25.294797897338867,37.106746673583984,99.00680541992188,81.35572814941406,68.8495101928711,30.843759536743164,126.91670989990234,97.88491821289062,373.839599609375,149.73675537109375,205.4855499267578,85.40771484375,104.56574249267578,65.01786804199219,43569.00390625,43.51896286010742,19.729999542236328
2022-01-06,440.2936706542969,40.85825729370117,25.858896255493164,37.6527099609375,99.4643325805664,80.94487762451172,68.6630630493164,30.524879455566406,125.44892120361328,97.62983703613281,373.5770263671875,150.07022094726562,206.65782165527344,84.87218475341797,104.53592681884766,67.47821807861328,43160.9296875,43.71747589111328,19.610000610351562
2022-01-07,438.5529479980469,40.82168960571289,26.21359634399414,38.09687042236328,99.43634033203125,80.2005386352539,68.73409271240234,30.756399154663086,124.80795288085938,96.00315856933594,369.5301513671875,149.8293914794922,204.2660369873047,83.72177124023438,102.33988189697266,68.13959503173828,41557.90234375,44.11449432373047,18.760000228881836
2022-01-08,,,,,,,,,,,,,,,,,41733.94140625,,
2022-01-09,,,,,,,,,,,,,,,,,41911.6015625,,
2022-01-10,438.00726318359375,40.40569305419922,26.132404327392578,37.967323303222656,98.3158187866211,80.21504211425781,68.19253540039062,30.555448532104492,126.08992767333984,95.4159927368164,369.7733459472656,149.07916259765625,203.55702209472656,83.93995666503906,102.48894500732422,68.03375244140625,41821.26171875,44.11449432373047,19.399999618530273
2022-01-11,441.99676513671875,40.84912109375,27.021289825439453,38.300453186035156,98.90408325195312,81.1768798828125,68.11261749267578,30.28026580810547,127.09321594238281,96.33522033691406,375.3280944824219,150.48696899414062,205.72189331054688,86.26060485839844,103.23420715332031,68.27186584472656,42735.85546875,45.13412094116211,18.40999984741211
2022-01-12,443.1916809082031,41.260528564453125,27.072572708129883,38.328216552734375,99.2215805053711,81.5587158203125,68.1392593383789,30.376365661621094,126.73090362548828,96.97051239013672,376.8165283203125,150.60733032226562,204.1904296875,83.86061096191406,99.96497344970703,68.45704650878906,43949.1015625,45.88304138183594,17.6200008392334
2022-01-13,437.08514404296875,40.94054412841797,26.935815811157227,38.1801643371582,99.43634033203125,79.44652557373047,68.26354217529297,30.524879455566406,124.76146697998047,95.02136993408203,367.3899841308594,149.91273498535156,202.3185272216797,79.31849670410156,97.4807357788086,68.86270141601562,42591.5703125,45.233375549316406,20.309999465942383
2022-01-14,437.2639465332031,40.59312438964844,27.568294525146484,37.782257080078125,98.83871459960938,80.11836242675781,68.3878402709961,30.315204620361328,124.54782104492188,94.57862091064453,369.6761474609375,149.65341186523438,202.60218811035156,79.57634735107422,99.85565185546875,69.47118377685547,43099.69921875,45.21532440185547,19.190000534057617
2022-01-15,,,,,,,,,,,,,,,,,43177.3984375,,
2022-01-16,,,,,,,,,,,,,,,,,43113.87890625,,
2022-01-17,,,,,,,,,,,,,,,,,42250.55078125,,
2022-01-18,429.5201721191406,40.05827713012695,27.67940330505371,36.940181732177734,97.69953155517578,78.19467163085938,67.40238952636719,29.952651977539062,122.80136108398438,92.78829956054688,360.473388671875,147.27308654785156,196.47616577148438,76.27389526367188,93.92333221435547,67.99848937988281,42375.6328125,44.41226577758789,22.790000915527344
2022-01-19,425.0601806640625,39.95772171020508,27.478553771972656,36.320194244384766,96.6070327758789,77.10233306884766,67.82853698730469,30.08806037902832,122.29967498779297,91.11347961425781,356.5140075683594,145.74490356445312,193.2808074951172,75.12348175048828,92.9097900390625,66.14665222167969,41744.328125,44.60174560546875,23.850000381469727
2022-01-20,420.35565185546875,39.37715530395508,27.22641372680664,36.08885955810547,95.37447357177734,76.10664367675781,67.3846206665039,30.12738037109375,121.50077819824219,89.45310974121094,351.88348388671875,143.89251708984375,189.782958984375,75.24249267578125,91.38944244384766,64.40940856933594,40680.41796875,44.86342239379883,25.59000015258789
2022-01-21,412.103759765625,38.41718673706055,26.687955856323242,35.348575592041016,94.49671936035156,74.59381103515625,67.4378890991211,30.070587158203125,120.27455139160156,86.83020782470703,342.1261901855469,141.79006958007812,186.22836303710938,70.928466796875,89.46168518066406,63.148399353027344,36457.31640625,44.213748931884766,28.850000381469727
2022-01-22,,,,,,,,,,,,,,,,,35030.25,,
2022-01-23,,,,,,,,,,,,,,,,,36276.8046875,,
2022-01-24,413.8538818359375,38.440040588378906,26.867441177368164,35.45035934448242,95.03829956054688,74.98046112060547,67.21593475341797,29.782289505004883,119.87508392333984,87.87454986572266,343.69244384765625,142.85520935058594,190.52035522460938,72.9317626953125,91.528564453125,64.03022766113281,36654.328125,43.591148376464844,29.899999618530273
2022-01-25,408.8010559082031,38.09263229370117,27.91016960144043,35.59842300415039,94.10454559326172,73.24527740478516,66.47018432617188,29.314891815185547,119.10403442382812,86.3874282836914,335.72515869140625,141.5029296875,187.97731018066406,70.21442413330078,90.80316925048828,63.97731399536133,36954.00390625,43.50994110107422,31.15999984741211
2022-01-26,407.7755432128906,37.694915771484375,27.8631649017334,35.690956115722656,93.28285217285156,73.67543029785156,65.9641342163086,29.074644088745117,118.48160552978516,85.9687271118164,335.1997985839844,140.3637237548828,185.2641143798828,68.45906066894531,89.02445983886719,63.62458419799805,36852.12109375,42.95951843261719,31.959999084472656
2022-01-27,405.7619934082031,37.822914123535156,28.166582107543945,35.36708450317383,92.45181274414062,73.1679458618164,66.40805053710938,29.332366943359375,118.78817749023438,83.8848648071289,331.8242492675781,139.5764923095703,181.0572052001953,65.7813949584961,84.97021484375,62.28419494628906,37138.234375,42.4632453918457,30.489999771118164
2022-01-28,415.8391418457031,38.04233932495117,28.046918869018555,35.82976531982422,93.09608459472656,76.36764526367188,67.18931579589844,29.686187744140625,121.21281433105469,85.71366882324219,342.2331848144531,141.9660186767578,184.58343505859375,68.34005737304688,88.02083587646484,62.61928176879883,37784.33203125,42.6707878112793,27.65999984741211
2022-01-29,,,,,,,,,,,,,,,,,38138.1796875,,
2022-01-30,,,,,,,,,,,,,,,,,37917.6015625,,
2022-01-31,423.328857421875,38.60460662841797,28.170856475830078,36.14438247680664,94.06721496582031,78.28652954101562,67.44676208496094,30.249691009521484,121.9095230102539,89.01033782958984,353.17730712890625,144.15184020996094,190.24620056152344,74.8061294555664,92.84021759033203,63.13957595825195,38483.125,44.06938171386719,24.829999923706055
2022-02-01,426.18927001953125,39.198883056640625,29.175121307373047,36.64406967163086,95.3651351928711,78.48950958251953,67.3846206665039,29.847816467285156,122.23467254638672,89.54936981201172,355.580078125,145.27252197265625,192.25038146972656,76.4424819946289,94.34069061279297,64.09196472167969,38743.2734375,44.3400764465332,21.959999084472656
2022-02-02,430.329345703125,39.322296142578125,29.269145965576172,36.893917083740234,96.02811431884766,79.12752532958984,68.19253540039062,30.28899574279785,123.87897491455078,89.0151596069336,358.4693298339844,146.21722412109375,190.34072875976562,72.53507232666016,91.27020263671875,63.924407958984375,36952.984375,44.26789093017578,22.09000015258789
2022-02-03,420.21441650390625,38.63660430908203,28.99136734008789,36.486759185791016,94.49671936035156,76.83165740966797,68.21029663085938,30.15358543395996,123.3494644165039,86.29118347167969,343.9356689453125,144.3648681640625,186.73887634277344,68.46897888183594,88.87541198730469,63.55405044555664,37154.6015625,43.798683166503906,24.350000381469727
2022-02-04,422.1903991699219,37.99663162231445,29.444358825683594,37.106746673583984,93.47892761230469,77.1409912109375,67.37574768066406,29.913345336914062,122.90352630615234,88.74564361572266,348.2743225097656,144.23521423339844,187.54249572753906,72.1482925415039,90.21688842773438,64.7709732055664,41500.875,43.906959533691406,23.219999313354492
2022-02-05,,,,,,,,,,,,,,,,,41441.1640625,,
2022-02-06,,,,,,,,,,,,,,,,,42412.43359375,,
2022-02-07,420.8354187011719,37.8092041015625,29.820425033569336,37.21778869628906,93.55363464355469,76.62866973876953,67.50003814697266,29.86964988708496,122.68990325927734,88.5627670288086,345.47265625,144.3278045654297,188.4689178466797,71.88053131103516,92.661376953125,65.07962799072266,43840.28515625,43.81673049926758,22.860000610351562
2022-02-08,424.298095703125,38.39433670043945,29.179397583007812,37.735992431640625,94.48739624023438,77.5760269165039,67.75750732421875,29.891496658325195,123.69316101074219,89.80924224853516,349.35418701171875,145.65228271484375,191.6831512451172,71.79127502441406,92.35332489013672,66.69336700439453,44118.4453125,44.240821838378906,21.440000534057617
2022-02-09,430.5081481933594,39.23087692260742,29.42298698425293,37.97659683227539,95.78533935546875,79.29668426513672,67.77526092529297,30.022541046142578,124.65000915527344,90.99797821044922,356.7572021484375,148.11593627929688,195.3228302001953,75.48050689697266,96.64604949951172,66.12899780273438,44338.796875,44.93560791015625,19.959999084472656
2022-02-10,422.77374267578125,39.00230407714844,29.239221572875977,37.643455505371094,94.21660614013672,77.2231674194336,67.04723358154297,29.262475967407227,122.69915008544922,89.42906188964844,348.68292236328125,145.78192138671875,192.3260040283203,73.14994049072266,93.76435852050781,65.97024536132812,43565.11328125,44.637840270996094,23.90999984741211
2022-02-11,414.4372863769531,38.398895263671875,30.089664459228516,37.11600875854492,92.77860260009766,74.86446380615234,66.80754852294922,29.27994728088379,120.99913024902344,86.85908508300781,337.6220703125,143.85545349121094,190.37860107421875,71.30532836914062,92.76072692871094,65.42354583740234,42407.9375,43.961097717285156,27.360000610351562
2022-02-12,,,,,,,,,,,,,,,,,42244.46875,,
2022-02-13,,,,,,,,,,,,,,,,,42197.515625,,
2022-02-14,413.082275390625,38.08347702026367,29.380252838134766,36.699588775634766,92.43310546875,74.84028625488281,66.62110900878906,29.03095817565918,119.76360321044922,87.35479736328125,338.04046630859375,142.70697021484375,189.71678161621094,70.79954528808594,91.23045349121094,64.91206359863281,42586.91796875,43.65431594848633,28.329999923706055
2022-02-15,419.7440490722656,38.78288269042969,29.07256507873535,37.19929122924805,93.82442474365234,76.80748748779297,66.73653411865234,28.89554214477539,121.11060333251953,89.30873107910156,346.44549560546875,144.8834991455078,194.80288696289062,74.6573715209961,95.03627014160156,66.64928436279297,44575.203125,44.60174560546875,25.700000762939453
2022-02-16,420.21441650390625,39.06630325317383,29.30760955810547,37.227054595947266,94.3193130493164,76.73015594482422,66.86080169677734,28.96107292175293,121.29642486572266,89.56380462646484,346.35791015625,145.36514282226562,195.2093963623047,72.26730346679688,94.05253601074219,66.77275085449219,43961.859375,44.92658233642578,24.290000915527344
2022-02-17,411.2381286621094,38.398895263671875,29.260597229003906,36.301692962646484,92.59185028076172,74.43429565429688,67.37574768066406,28.978538513183594,119.34555053710938,87.16710662841797,336.0559387207031,142.75332641601562,190.2083740234375,67.61609649658203,90.03803253173828,64.73567962646484,40538.01171875,44.40324020385742,28.110000610351562
2022-02-18,408.5752868652344,38.33491516113281,29.081111907958984,36.29244613647461,91.826171875,73.68028259277344,67.50003814697266,28.926124572753906,118.4537582397461,86.62806701660156,332.2230529785156,142.2161102294922,188.57289123535156,64.26405334472656,88.82571411132812,64.85034942626953,40030.9765625,43.961097717285156,27.75
2022-02-19,,,,,,,,,,,,,,,,,40122.15625,,
2022-02-20,,,,,,,,,,,,,,,,,38431.37890625,,
2022-02-21,,,,,,,,,,,,,,,,,37075.28125,,
2022-02-22,404.1906433105469,37.79090881347656,28.611024856567383,36.10737609863281,90.93910217285156,72.998779296875,66.97624969482422,28.89554214477539,118.1564712524414,84.10139465332031,328.88629150390625,140.7990264892578,185.91639709472656,62.8657112121582,88.12020111083984,64.52406311035156,38286.02734375,43.338497161865234,28.809999465942383
2022-02-23,397.0207824707031,37.30635452270508,28.90589714050293,35.47812271118164,89.26766204833984,71.1717529296875,66.4346694946289,28.406312942504883,117.56192779541016,81.29081726074219,320.4617614746094,138.6225128173828,182.43743896484375,60.37647247314453,84.56279754638672,63.3864860534668,37296.5703125,42.83320236206055,31.020000457763672
2022-02-24,402.99560546875,37.1966438293457,28.679407119750977,35.052459716796875,90.40685272216797,73.60295104980469,65.28939819335938,28.63345718383789,118.03569793701172,83.14852142333984,331.2308044433594,139.9469451904297,187.2209930419922,65.0772705078125,88.43818664550781,62.24892807006836,38332.609375,41.94892883300781,30.31999969482422
2022-02-25,411.88726806640625,38.554325103759766,29.43580436706543,36.181396484375,92.56383514404297,74.60346984863281,67.39351654052734,29.520198822021484,121.64942169189453,84.79444885253906,336.3671875,143.707275390625,191.43734741210938,67.25907135009766,89.23313903808594,65.11488342285156,39214.21875,42.72492218017578,27.59000015258789
2022-02-26,,,,,,,,,,,,,,,,,39105.1484375,,
2022-02-27,,,,,,,,,,,,,,,,,37709.78515625,,
2022-02-28,410.83349609375,38.115482330322266,30.16230010986328,35.64468765258789,93.27349853515625,74.46813201904297,66.49681091308594,29.67308235168457,120.72972869873047,85.39122772216797,337.369140625,142.86444091796875,192.2125701904297,69.88715362548828,89.26294708251953,65.50292205810547,43193.234375,42.16548538208008,30.149999618530273
2022-03-01,404.5764465332031,37.23779296875,30.46571922302246,34.330684661865234,91.8822021484375,72.97945404052734,66.10617065429688,29.41536521911621,120.06088256835938,84.09662628173828,332.2035217285156,140.41004943847656,188.59181213378906,67.7450180053711,88.52762603759766,61.92263412475586,44354.63671875,41.606048583984375,33.31999969482422
2022-03-02,412.01904296875,38.056053161621094,31.162302017211914,35.219024658203125,93.84309387207031,74.55996704101562,66.80754852294922,29.773555755615234,121.87237548828125,85.86286926269531,337.7778015136719,143.401611328125,193.08229064941406,67.001220703125,88.75617980957031,64.68278503417969,43924.1171875,41.67822265625,30.739999771118164
2022-03-03,409.9678955078125,38.10176086425781,31.247770309448242,35.10798263549805,93.94581604003906,73.67061614990234,67.34910583496094,30.2977294921875,122.49478912353516,83.91854095458984,332.95269775390625,143.10525512695312,190.7945098876953,62.73678207397461,86.10301971435547,64.27715301513672,42451.7890625,41.09171676635742,30.479999542236328
2022-03-04,406.636962890625,37.969200134277344,32.149471282958984,34.45098114013672,93.7403793334961,72.38009643554688,67.35799407958984,30.96607208251953,123.10791015625,82.58544158935547,328.1275329589844,142.24391174316406,187.80714416503906,59.73184585571289,83.37039184570312,61.755088806152344,39137.60546875,40.26158142089844,31.979999542236328
2022-03-05,,,,,,,,,,,,,,,,,39400.5859375,,
2022-03-06,,,,,,,,,,,,,,,,,38419.984375,,
2022-03-07,394.6496276855469,36.65266036987305,32.623836517333984,33.1924934387207,91.22856140136719,69.73139953613281,66.1328125,31.367937088012695,120.96200561523438,78.53797149658203,316.0258483886719,138.3076171875,183.1370086669922,57.56987762451172,83.23126220703125,59.091949462890625,38062.0390625,38.75471115112305,36.45000076293945
2022-03-08,391.6575927734375,36.46523666381836,33.13665008544922,32.998172760009766,90.66831970214844,69.39308166503906,64.34835052490234,30.883068084716797,118.49090576171875,78.70159912109375,314.5569152832031,137.31655883789062,184.14854431152344,58.135162353515625,83.78772735595703,59.568138122558594,38737.26953125,38.88103485107422,35.130001068115234
2022-03-09,402.15826416015625,37.59434509277344,32.12384033203125,34.21038818359375,92.31172943115234,72.13842010498047,64.78336334228516,30.664657592773438,120.72972869873047,81.23306274414062,325.8803405761719,140.22479248046875,189.33863830566406,61.19960403442383,87.88172149658203,61.68454360961914,41982.92578125,39.98186492919922,32.45000076293945
2022-03-10,400.3422546386719,37.694915771484375,33.10674285888672,33.92353439331055,92.19033813476562,70.87690734863281,64.17076110839844,30.869964599609375,120.68330383300781,81.81060791015625,322.2615051269531,139.95620727539062,188.9982452392578,59.04755401611328,87.42462921142578,61.7286262512207,39437.4609375,39.23293685913086,30.229999542236328
2022-03-11,395.251953125,37.41607666015625,32.84178161621094,33.68293762207031,91.45268249511719,69.62989807128906,63.425018310546875,30.7651309967041,119.78216552734375,80.23684692382812,315.5783996582031,138.48355102539062,185.98257446289062,55.12030792236328,84.07589721679688,61.74625778198242,38794.97265625,38.41182327270508,30.75
2022-03-12,,,,,,,,,,,,,,,,,38904.01171875,,
2022-03-13,,,,,,,,,,,,,,,,,37849.6640625,,
2022-03-14,392.3632507324219,37.36121368408203,31.85887908935547,34.10860061645508,91.76079559326172,68.33937072753906,63.76237487792969,30.73018455505371,120.6275634765625,78.89892578125,309.5177307128906,137.97418212890625,182.18222045898438,51.85751724243164,80.55824279785156,62.07255554199219,39666.75390625,37.4824333190918,31.770000457763672
2022-03-15,400.9914245605469,37.79090881347656,30.69221305847168,34.58978271484375,93.21746826171875,70.63524627685547,65.19175720214844,31.123321533203125,123.03361511230469,81.54107666015625,319.226318359375,140.197021484375,185.08448791503906,53.940147399902344,81.74073791503906,62.257728576660156,39338.78515625,37.53657150268555,29.829999923706055
2022-03-16,409.8832092285156,38.385189056396484,30.55118751525879,35.5614128112793,94.45004272460938,72.93111419677734,65.26274108886719,31.066539764404297,124.51067352294922,84.32282257080078,331.0654602050781,142.84591674804688,190.90794372558594,59.543418884277344,85.64591979980469,64.21540832519531,41143.9296875,40.559349060058594,26.670000076293945
2022-03-17,415.01116943359375,39.12116241455078,31.602466583251953,36.00558090209961,95.6639175415039,73.44827270507812,65.71553802490234,31.197580337524414,126.4800796508789,85.72810363769531,335.0733642578125,144.6427459716797,193.90475463867188,62.409515380859375,88.9946517944336,63.51879119873047,40951.37890625,40.3518180847168,25.670000076293945
2022-03-18,419.5566711425781,39.3588752746582,31.57254981994629,36.08885955810547,96.02811431884766,74.95147705078125,65.86649322509766,30.931116104125977,127.26042938232422,87.53287506103516,341.9316101074219,145.5689239501953,195.94676208496094,65.22602081298828,91.5782470703125,63.395294189453125,41801.15625,40.92930603027344,23.8700008392334
2022-03-19,,,,,,,,,,,,,,,,,42190.65234375,,
2022-03-20,,,,,,,,,,,,,,,,,41247.82421875,,
2022-03-21,419.4341125488281,39.68603515625,32.84529495239258,36.05356216430664,96.24451446533203,74.80911254882812,65.95118713378906,31.137800216674805,127.16353607177734,86.79972076416016,340.9810791015625,145.16342163085938,194.21676635742188,63.450828552246094,88.45806121826172,63.053279876708984,41077.99609375,40.297672271728516,23.530000686645508
2022-03-22,424.34197998046875,39.901695251464844,32.603694915771484,36.6388053894043,96.7691650390625,75.88410949707031,66.44171905517578,31.181766510009766,127.19149017333984,88.95428466796875,347.6822204589844,146.38177490234375,196.16419982910156,66.41609954833984,91.6279296875,64.10771179199219,42358.80859375,41.028560638427734,22.940000534057617
2022-03-23,418.87713623046875,39.71814727783203,33.16455841064453,35.96065902709961,95.84165954589844,74.71710205078125,65.9066162109375,31.225749969482422,124.90839385986328,87.85047912597656,342.685546875,144.2891845703125,192.76083374023438,65.1268539428711,89.29275512695312,61.83049392700195,42892.95703125,40.75785827636719,23.56999969482422
2022-03-24,425.1914978027344,40.51655578613281,33.24652862548828,36.24863815307617,96.57242584228516,76.65888214111328,66.370361328125,31.5467472076416,126.39937591552734,88.5349349975586,350.30224609375,145.97256469726562,194.9773712158203,65.85081481933594,91.19070434570312,62.43302536010742,43960.93359375,40.97441864013672,21.670000076293945
2022-03-25,427.2679443359375,40.97081756591797,33.97565841674805,36.713134765625,97.17202758789062,76.61528778076172,66.92330932617188,32.004085540771484,126.98645782470703,88.38070678710938,350.0100402832031,146.96771240234375,195.24258422851562,63.97644805908203,89.05427551269531,63.611515045166016,44348.73046875,40.649574279785156,20.809999465942383
2022-03-26,,,,,,,,,,,,,,,,,44500.828125,,
2022-03-27,,,,,,,,,,,,,,,,,46820.4921875,,
2022-03-28,430.30712890625,40.78728103637695,33.13436508178711,36.610939025878906,97.20011901855469,77.5256576538086,67.19977569580078,32.21075439453125,127.90901184082031,90.73771667480469,355.42559814453125,147.40484619140625,195.30892944335938,66.50535583496094,89.14370727539062,62.98240280151367,47128.00390625,40.78493118286133,19.6299991607666
2022-03-29,435.6303405761719,41.13141632080078,33.048072814941406,36.694549560546875,98.09952545166016,79.17204284667969,67.79727935791016,32.50978469848633,128.66383361816406,92.3187026977539,361.5423889160156,149.85086059570312,200.5376434326172,70.79954528808594,92.95947265625,64.16972351074219,47465.73046875,41.47972106933594,18.899999618530273
2022-03-30,432.9404602050781,40.99375534057617,33.432044982910156,36.43444061279297,97.98709869384766,78.11642456054688,67.84188842773438,32.778018951416016,128.91542053222656,90.91606140136719,357.5488586425781,148.70692443847656,196.51193237304688,68.1119613647461,90.10757446289062,62.19377899169922,47062.6640625,41.36241149902344,19.329999923706055
2022-03-31,426.2768859863281,40.44772720336914,32.979042053222656,35.598358154296875,96.47872924804688,76.95909118652344,67.68135070800781,32.74283218383789,127.65741729736328,89.17119598388672,353.1171569824219,146.67942810058594,194.43746948242188,65.7417221069336,89.3126449584961,61.05073928833008,45538.67578125,40.73981857299805,20.559999465942383
2022-04-01,427.4850769042969,40.87445831298828,33.24652862548828,35.50546646118164,95.72924041748047,76.73151397705078,68.35916137695312,33.200164794921875,128.66383361816406,89.28205871582031,352.44512939453125,147.15371704101562,196.61610412597656,66.98138427734375,92.67130279541016,60.46593475341797,46281.64453125,41.41655349731445,19.6299991607666
2022-04-02,,,,,,,,,,,,,,,,,45868.94921875,,
2022-04-03,,,,,,,,,,,,,,,,,46453.56640625,,
2022-04-04,431.1470642089844,40.883636474609375,33.28968048095703,35.347537994384766,95.60745239257812,78.18905639648438,68.14511108398438,32.94511795043945,127.59217071533203,91.28720092773438,359.7015075683594,147.46995544433594,196.93817138671875,69.91690063476562,95.4834213256836,60.14693832397461,46622.67578125,42.14743423461914,18.56999969482422
2022-04-05,425.701171875,40.557857513427734,32.767635345458984,35.12458801269531,94.24898529052734,76.54265594482422,68.20753479003906,33.151790618896484,127.8624496459961,89.1470947265625,351.714599609375,145.89817810058594,192.2777862548828,65.9301528930664,92.661376953125,59.305171966552734,45555.9921875,41.37144088745117,21.030000686645508
2022-04-06,421.4443054199219,40.089820861816406,32.9617805480957,34.88304901123047,93.51821899414062,74.73162841796875,69.07261657714844,33.811397552490234,129.81004333496094,86.87202453613281,344.07843017578125,145.16342163085938,189.54977416992188,62.87562942504883,92.74085235595703,58.41909408569336,43206.73828125,40.830039978027344,22.100000381469727
2022-04-07,423.5680847167969,40.35136413574219,33.393218994140625,34.84589385986328,93.83676147460938,74.84786224365234,69.91094970703125,33.727848052978516,132.3074493408203,87.31546783447266,344.8965148925781,145.60984802246094,188.93405151367188,62.141746520996094,91.84654998779297,57.67478561401367,43503.84765625,40.50520706176758,21.549999237060547
2022-04-08,422.4354248046875,40.59914016723633,34.31218338012695,35.19889450073242,93.31211853027344,73.8019027709961,70.20526123046875,33.84218978881836,133.09954833984375,86.51052856445312,340.0752258300781,145.916748046875,187.427978515625,60.148372650146484,89.76972961425781,57.586181640625,42287.6640625,40.541297912597656,21.15999984741211
2022-04-09,,,,,,,,,,,,,,,,,42782.13671875,,
2022-04-10,,,,,,,,,,,,,,,,,42207.671875,,
2022-04-11,415.215087890625,40.39725112915039,33.281044006347656,35.04096984863281,93.01233673095703,71.94244384765625,69.91986846923828,33.380455017089844,130.45306396484375,84.90544128417969,332.0299072265625,144.5030517578125,186.1681671142578,59.34507369995117,86.76878356933594,57.78998947143555,39521.90234375,40.03600311279297,24.3700008392334
2022-04-12,413.6765441894531,40.406429290771484,33.833290100097656,34.660091400146484,92.86241149902344,71.62285614013672,69.93769836425781,33.50797653198242,129.18569946289062,85.09341430664062,330.6272888183594,144.0194549560547,186.7554473876953,59.34507369995117,86.59986114501953,57.258338928222656,40127.18359375,39.90967559814453,24.260000228881836
2022-04-13,418.4146423339844,41.002933502197266,34.33806228637695,34.660091400146484,93.73371887207031,72.77532958984375,70.33010864257812,33.44202423095703,129.8193359375,87.20943450927734,337.34796142578125,145.6470489501953,190.3075408935547,61.21944046020508,89.83930206298828,58.06465530395508,41166.73046875,40.433021545410156,21.81999969482422
2022-04-14,413.20465087890625,40.865272521972656,34.45024108886719,34.26991653442383,93.63063049316406,71.00788879394531,70.31226348876953,33.45960998535156,129.19500732421875,85.98993682861328,329.6338195800781,144.65187072753906,188.46046447753906,58.50210189819336,87.21595764160156,57.32036209106445,39935.515625,39.90967559814453,22.700000762939453
2022-04-15,,,,,,,,,,,,,,,,,40553.46484375,,
2022-04-16,,,,,,,,,,,,,,,,,40424.484375,,
2022-04-17,,,,,,,,,,,,,,,,,39716.953125,,
2022-04-18,413.37451171875,40.90199279785156,34.955020904541016,34.474300384521484,93.30274963378906,71.24031066894531,69.73257446289062,33.27931213378906,127.76924896240234,86.250244140625,329.886962890625,144.34494018554688,187.191162109375,56.87566375732422,83.06233978271484,57.515296936035156,40826.21484375,39.77433395385742,22.170000076293945
2022-04-19,420.0474548339844,41.28742599487305,34.67028045654297,34.94807815551758,94.99848175048828,72.57679748535156,70.79386138916016,33.494789123535156,128.99002075195312,88.7518539428711,337.2603454589844,146.90261840820312,190.9232635498047,59.176475524902344,84.06596374511719,59.588722229003906,41502.75,39.57582092285156,21.3700008392334
2022-04-20,419.736083984375,41.54896926879883,34.804019927978516,35.189613342285156,95.51376342773438,72.50900268554688,71.85514068603516,33.76742935180664,130.7232666015625,87.60948181152344,332.3415832519531,147.84197998046875,191.652587890625,55.66575622558594,84.2547607421875,59.960872650146484,41374.37890625,39.34121322631836,20.31999969482422
2022-04-21,413.4595031738281,40.86986541748047,33.69953536987305,34.63222122192383,94.53942108154297,71.27906036376953,71.79271697998047,33.208961486816406,129.2788543701172,86.76115417480469,325.4650573730469,145.70286560058594,187.36166381835938,52.898834228515625,80.6476821899414,58.72922897338867,40527.36328125,38.58326721191406,22.68000030517578
2022-04-22,402.114501953125,39.34189224243164,32.875492095947266,33.60106658935547,92.21599578857422,69.28401184082031,70.66899871826172,32.65049743652344,124.56361389160156,84.74638366699219,316.94244384765625,141.73150634765625,182.5118865966797,52.0261116027832,79.33600616455078,57.4975700378418,39740.3203125,38.24038314819336,28.209999084472656
2022-04-23,,,,,,,,,,,,,,,,,39486.73046875,,
2022-04-24,,,,,,,,,,,,,,,,,39469.29296875,,
2022-04-25,404.44586181640625,39.231773376464844,31.788267135620117,33.656795501708984,92.21599578857422,70.32511138916016,70.98115539550781,32.42622756958008,125.40229034423828,85.3585433959961,321.0138244628906,142.15928649902344,183.62014770507812,53.90047836303711,81.05509185791016,57.55958938598633,40458.30859375,37.960662841796875,27.020000457763672
2022-04-26,392.7326965332031,38.626094818115234,31.831418991088867,32.81142807006836,90.20171356201172,67.70541381835938,69.88420867919922,32.100826263427734,123.19374084472656,81.03976440429688,308.897216796875,138.7552947998047,177.8325653076172,50.260833740234375,76.20589447021484,55.78744125366211,38117.4609375,37.130531311035156,33.52000045776367
2022-04-27,393.8370056152344,39.1950569152832,32.29737091064453,32.783565521240234,90.53899383544922,68.70777893066406,70.142822265625,31.946916580200195,122.9234848022461,81.04936981201172,308.5270690917969,139.0157012939453,177.09375,49.15009689331055,75.44075775146484,55.75199508666992,39241.12109375,37.56364059448242,31.600000381469727
2022-04-28,403.7851257324219,39.81450653076172,33.2767333984375,33.201602935791016,91.56016540527344,71.45822143554688,71.1773681640625,32.303096771240234,124.61949920654297,82.71231842041016,319.484619140625,141.43389892578125,180.39950561523438,48.46580123901367,75.70904541015625,56.5760612487793,39773.828125,38.10503387451172,29.989999771118164
2022-04-29,388.86297607421875,39.01611328125,32.4224853515625,32.0589599609375,89.13369750976562,68.48019409179688,69.2420654296875,31.335676193237305,121.41385650634766,78.50922393798828,305.1082763671875,137.1370086669922,175.18975830078125,46.740196228027344,73.36394500732422,54.79503631591797,38609.82421875,38.24038314819336,33.400001525878906
2022-04-30,,,,,,,,,,,,,,,,,37714.875,,
2022-05-01,,,,,,,,,,,,,,,,,38469.09375,,
2022-05-02,391.2036437988281,38.896812438964844,32.94021987915039,32.0682487487793,89.3210220336914,69.52128601074219,68.33240509033203,31.01466941833496,120.65901947021484,79.65637969970703,310.2023010253906,137.509033203125,177.0274200439453,49.71538162231445,76.29534149169922,55.56591796875,38529.328125,38.18624496459961,32.34000015258789
2022-05-03,392.99700927734375,39.33271789550781,33.86348342895508,32.486289978027344,89.91129302978516,69.6423568725586,68.13619232177734,31.13340187072754,121.04112243652344,79.45875549316406,310.5335388183594,138.6437225341797,178.54296875,49.4575309753418,76.36488342285156,56.33681869506836,37750.453125,38.46596908569336,29.25
2022-05-04,404.9649353027344,40.60832595825195,35.26996612548828,33.48030090332031,92.51578521728516,72.08771514892578,69.67015075683594,31.82818031311035,123.72492980957031,81.79167175292969,321.0333251953125,142.5034637451172,183.30752563476562,51.996360778808594,78.08396911621094,57.87858581542969,39698.37109375,38.88103485107422,25.420000076293945
2022-05-05,390.5713195800781,39.35107421875,34.73929977416992,32.5048713684082,90.09864807128906,68.62059783935547,68.35023498535156,31.502775192260742,121.3206558227539,77.20779418945312,304.86480712890625,138.2158966064453,175.87184143066406,47.35506820678711,73.38381958007812,56.20390319824219,36575.140625,37.44633865356445,31.200000762939453
2022-05-06,388.239990234375,38.78668212890625,35.774757385253906,32.27262496948242,89.48970031738281,68.06857299804688,68.42158508300781,31.753429412841797,120.9385986328125,76.22930908203125,301.21221923828125,136.95103454589844,172.94485473632812,45.252601623535156,69.68729400634766,55.495033264160156,36040.921875,36.93202209472656,30.190000534057617
2022-05-07,,,,,,,,,,,,,,,,,35501.953125,,
2022-05-08,,,,,,,,,,,,,,,,,34059.265625,,
2022-05-09,375.80963134765625,37.561553955078125,32.81509780883789,31.50157356262207,87.32552337646484,65.43439483642578,68.39483642578125,31.51597023010254,117.80751037597656,72.98059844970703,289.4267578125,132.88671875,165.67015075683594,40.78982162475586,63.96367263793945,54.73301315307617,30296.953125,35.86727523803711,34.75
2022-05-10,376.6779479980469,37.327537536621094,33.11278533935547,31.22288703918457,86.75402069091797,66.431884765625,67.92214965820312,31.13340187072754,118.22684478759766,72.76370239257812,292.94293212890625,132.54251098632812,165.71751403808594,40.740234375,67.27265167236328,54.08616638183594,31022.90625,36.038719177246094,32.9900016784668
2022-05-11,370.6940002441406,37.345890045166016,33.55716323852539,30.934898376464844,85.96708679199219,64.33516693115234,67.62783813476562,31.357666015625,117.4440689086914,70.15605926513672,284.2547912597656,130.83123779296875,161.5970916748047,36.62455749511719,62.413509368896484,53.182376861572266,28936.35546875,35.786067962646484,32.560001373291016
2022-05-12,370.3070068359375,37.277069091796875,33.69953536987305,30.702651977539062,86.1263427734375,63.671756744384766,67.61000061035156,31.041046142578125,118.58096313476562,70.6380615234375,283.58270263671875,131.38925170898438,163.49154663085938,38.66752243041992,64.50025939941406,53.182376861572266,29047.751953125,35.55146408081055,31.770000457763672
2022-05-13,379.1602783203125,37.850624084472656,34.851478576660156,31.148563385009766,87.22246551513672,65.78785705566406,68.62669372558594,31.410430908203125,119.83900451660156,73.41924285888672,294.09222412109375,134.39334106445312,168.67288208007812,43.23938751220703,68.1669692993164,53.669715881347656,29283.103515625,36.53499221801758,28.8700008392334
2022-05-14,,,,,,,,,,,,,,,,,30101.265625,,
2022-05-15,,,,,,,,,,,,,,,,,31305.11328125,,
2022-05-16,377.6217956542969,37.781803131103516,35.77043914794922,30.888442993164062,87.1006851196289,65.20677185058594,68.93885040283203,31.507179260253906,120.72428894042969,71.83341217041016,290.68316650390625,133.91900634765625,167.86773681640625,40.680728912353516,68.02784729003906,53.05832290649414,29862.91796875,36.390628814697266,27.469999313354492
2022-05-17,385.3896179199219,38.85092544555664,36.18461990356445,31.715240478515625,89.07746887207031,67.09529113769531,68.46615600585938,31.83258056640625,122.38300323486328,73.64576721191406,298.2123107910156,136.7556915283203,173.00169372558594,42.72369384765625,71.0089111328125,54.998836517333984,30425.857421875,37.28392028808594,26.100000381469727
2022-05-18,369.8539733886719,37.64414596557617,35.257022857666016,30.842008590698242,85.76097106933594,64.02523803710938,64.06051635742188,31.524761199951172,119.22393798828125,68.83052825927734,283.5729675292969,131.6124267578125,166.939453125,40.82948684692383,67.44157409667969,53.6519889831543,28720.271484375,36.390628814697266,30.959999084472656
2022-05-19,367.5887451171875,37.9102783203125,35.12759780883789,30.63762664794922,84.99271392822266,63.32310104370117,62.9189567565918,31.458803176879883,119.48487854003906,68.87873077392578,282.05340576171875,131.3148956298828,167.21414184570312,42.674102783203125,68.96192169189453,53.00516128540039,30314.333984375,36.968109130859375,29.350000381469727
2022-05-20,367.749267578125,37.81850814819336,35.278587341308594,30.581893920898438,84.07460021972656,63.46352767944336,63.05271911621094,31.5467472076416,120.9385986328125,67.67852783203125,281.1768798828125,131.3148956298828,166.78787231445312,42.05923080444336,69.88604736328125,53.14693832397461,29200.740234375,37.12150192260742,29.43000030517578
2022-05-21,,,,,,,,,,,,,,,,,29432.2265625,,
2022-05-22,,,,,,,,,,,,,,,,,30323.72265625,,
2022-05-23,374.62982177734375,38.51137924194336,36.210506439208984,31.575895309448242,85.4518051147461,64.92108154296875,64.35482025146484,31.924928665161133,122.00091552734375,68.18463897705078,285.85211181640625,133.1656494140625,168.80548095703125,41.791465759277344,69.69725036621094,54.449466705322266,29098.91015625,37.40122604370117,28.479999542236328
2022-05-24,371.7699890136719,38.29113006591797,36.34856414794922,31.510860443115234,85.40495300292969,63.95744705200195,65.40716552734375,32.56254196166992,122.36434936523438,66.43013763427734,279.7742919921875,132.33790588378906,166.3048095703125,38.88570022583008,66.97454071044922,54.0418701171875,29655.5859375,36.75155258178711,29.450000762939453
2022-05-25,375.0545959472656,38.46089553833008,37.09925842285156,31.76168441772461,85.90147399902344,64.70317840576172,65.4250259399414,32.540557861328125,122.32708740234375,68.30514526367188,283.6898498535156,133.86318969726562,169.29803466796875,40.69064712524414,67.30245208740234,54.89250183105469,29562.361328125,36.93202209472656,28.3700008392334
2022-05-26,382.54864501953125,39.16753005981445,37.509132385253906,32.495582580566406,87.64408111572266,66.257568359375,66.12064361572266,32.63290786743164,122.84895324707031,71.65509033203125,291.5500183105469,136.69056701660156,173.07748413085938,42.27741241455078,68.03776550292969,56.09757614135742,29267.224609375,37.50950241088867,27.5
2022-05-27,391.93994140625,40.08523178100586,38.19511413574219,33.0436897277832,89.4428482055664,68.49956512451172,66.88764190673828,33.14299774169922,124.88973236083984,74.1133041381836,301.066162109375,139.82489013671875,177.7378692626953,45.034420013427734,70.6412353515625,56.974796295166016,28627.57421875,37.94261169433594,25.719999313354492
2022-05-28,,,,,,,,,,,,,,,,,28814.900390625,,
2022-05-29,,,,,,,,,,,,,,,,,29445.95703125,,
2022-05-30,,,,,,,,,,,,,,,,,31726.390625,,
2022-05-31,389.7407531738281,39.47496032714844,37.621299743652344,32.95077896118164,88.7214584350586,68.01048278808594,66.41495513916016,32.685665130615234,123.22171020507812,74.48928833007812,300.2674560546875,138.51348876953125,175.53079223632812,43.725337982177734,68.34584045410156,56.94820022583008,31792.310546875,38.4749870300293,26.190000534057617
2022-06-01,386.5882873535156,39.080352783203125,38.23393630981445,32.4212646484375,88.17808532714844,67.80709838867188,65.54987335205078,32.63290786743164,121.45113372802734,73.71324157714844,298.0467834472656,137.04400634765625,174.5361785888672,42.14848709106445,67.10371398925781,56.2127571105957,29799.080078125,38.20429229736328,25.690000534057617
2022-06-02,393.95025634765625,40.15864562988281,38.11313247680664,32.86717224121094,89.86443328857422,69.44864654541016,66.50413513183594,32.85276794433594,122.41095733642578,75.96904754638672,306.2088623046875,139.4528350830078,178.79873657226562,45.252601623535156,68.33589172363281,57.364654541015625,30467.48828125,38.86298370361328,24.719999313354492
2022-06-03,387.48504638671875,39.76862335205078,38.61791229248047,32.393394470214844,89.5177993774414,67.7877426147461,65.83525085449219,32.69446563720703,120.97586822509766,73.74698638916016,298.2415771484375,137.80665588378906,177.18844604492188,42.80302810668945,70.76049041748047,56.66465759277344,29704.390625,38.23135757446289,24.790000915527344
2022-06-04,,,,,,,,,,,,,,,,,29832.9140625,,
2022-06-05,,,,,,,,,,,,,,,,,29906.662109375,,
2022-06-06,388.6647644042969,40.1448860168457,38.57478332519531,32.486289978027344,89.89256286621094,67.7925796508789,65.86201477050781,32.83957290649414,120.9945297241211,74.48445892333984,299.2349853515625,138.3088836669922,177.95565795898438,43.13030242919922,68.74330139160156,56.930484771728516,31370.671875,38.43888854980469,25.06999969482422
2022-06-07,392.3929443359375,40.433963775634766,39.726715087890625,32.737117767333984,91.10110473632812,68.60123443603516,66.20983123779297,33.03746032714844,122.5693588256836,74.30128479003906,301.816162109375,139.6295623779297,180.82579040527344,44.409629821777344,72.1417007446289,57.40010452270508,31155.478515625,38.55619430541992,24.020000457763672
2022-06-08,388.12677001953125,39.59425735473633,39.81300354003906,32.16115188598633,89.45221710205078,67.82647705078125,65.39825439453125,32.391048431396484,121.6002197265625,73.86267852783203,299.6440734863281,137.65785217285156,178.03143310546875,45.609622955322266,72.74784851074219,56.425418853759766,30214.35546875,38.763729095458984,23.959999084472656
2022-06-09,378.8960266113281,38.658206939697266,38.93286895751953,31.352941513061523,87.69090270996094,66.01542663574219,64.41724395751953,31.612716674804688,118.85120391845703,72.52751922607422,291.6182861328125,134.53282165527344,174.3408660888672,42.84270095825195,69.81649017333984,54.60896301269531,30111.998046875,37.846458435058594,26.09000015258789
2022-06-10,367.9096374511719,37.4743766784668,38.27276611328125,30.219585418701172,85.10515594482422,63.47806167602539,64.14077758789062,31.370861053466797,116.94085693359375,69.6354751586914,281.332763671875,130.868408203125,169.6112518310547,39.778255462646484,66.60686492919922,52.94313049316406,29083.8046875,37.427860260009766,27.75
2022-06-11,,,,,,,,,,,,,,,,,28360.810546875,,
2022-06-12,,,,,,,,,,,,,,,,,26762.6484375,,
2022-06-13,353.9408264160156,36.01063537597656,36.27521896362305,29.3184814453125,82.5475082397461,60.66466522216797,62.75844192504883,29.928518295288086,113.39974975585938,66.42049407958984,268.25189208984375,125.60429382324219,161.6430206298828,36.2774543762207,62.92029571533203,51.454524993896484,22487.388671875,36.11748123168945,34.02000045776367
2022-06-14,352.8742370605469,35.735328674316406,36.34425354003906,29.067659378051758,82.3414077758789,61.047203063964844,62.01820755004883,29.172168731689453,112.31877136230469,66.36747741699219,268.73883056640625,124.95326232910156,160.8642578125,36.68406295776367,63.01966094970703,51.835540771484375,22206.79296875,36.61797332763672,32.689998626708984
2022-06-15,357.90496826171875,35.72614288330078,35.54177474975586,29.392797470092773,83.13772583007812,62.33527374267578,62.080623626708984,29.36126136779785,113.45565032958984,68.23284149169922,275.44964599609375,126.15299987792969,163.21958923339844,39.09395980834961,65.26539611816406,52.25199508666992,22572.83984375,37.10026168823242,29.6200008392334
2022-06-16,346.0597839355469,34.43677520751953,33.539913177490234,28.64962387084961,80.36457824707031,59.797889709472656,61.60795974731445,28.79400062561035,111.78759765625,64.89253234863281,264.33636474609375,121.68873596191406,155.65977478027344,36.67414474487305,63.566192626953125,50.37350845336914,20381.650390625,35.9627799987793,32.95000076293945
2022-06-17,346.8056945800781,34.37712860107422,31.706302642822266,28.73322868347168,80.15848541259766,60.345069885253906,61.3850212097168,28.5257568359375,111.72235107421875,65.60107421875,267.5504455566406,121.9677505493164,156.87542724609375,38.47909164428711,67.18321990966797,51.14439010620117,20471.482421875,36.09927749633789,31.1299991607666
2022-06-18,,,,,,,,,,,,,,,,,19017.642578125,,
2022-06-19,,,,,,,,,,,,,,,,,20553.271484375,,
2022-06-20,,,,,,,,,,,,,,,,,20599.537109375,,
2022-06-21,355.5361022949219,34.896915435791016,33.348880767822266,29.306655883789062,81.62076568603516,61.880680084228516,63.023040771484375,29.068750381469727,114.73004913330078,67.47753143310547,274.3006591796875,124.07445526123047,159.6865997314453,40.16503143310547,69.58793640136719,51.969093322753906,20710.59765625,36.681678771972656,30.190000534057617
2022-06-22,354.89154052734375,34.448734283447266,32.013877868652344,29.241283416748047,81.16909790039062,61.6185188293457,62.978092193603516,29.374595642089844,116.3209228515625,67.34707641601562,273.9005126953125,124.00902557373047,159.38272094726562,40.76998519897461,71.33683013916016,52.013671875,19987.029296875,36.02648162841797,28.950000762939453
2022-06-23,358.370361328125,33.977474212646484,30.827207565307617,29.129215240478516,80.75507354736328,62.540950775146484,64.2000961303711,30.06607437133789,118.93184661865234,68.4051284790039,277.9797668457031,125.03759765625,161.29164123535156,43.66583251953125,75.74880981445312,51.30042266845703,21085.876953125,36.135677337646484,29.049999237060547
2022-06-24,369.76434326171875,35.32658767700195,31.23293685913086,30.203229904174805,83.57801055908203,64.78878021240234,65.45804595947266,30.5891170501709,120.90638732910156,71.01396942138672,287.5043640136719,129.10516357421875,166.28720092773438,45.45094680786133,76.57356262207031,53.09245681762695,21231.65625,36.99107360839844,27.229999542236328
2022-06-25,,,,,,,,,,,,,,,,,21502.337890625,,
2022-06-26,,,,,,,,,,,,,,,,,21027.294921875,,
2022-06-27,368.3519287109375,35.035518646240234,32.14912033081055,30.10049819946289,83.38040161132812,64.3518295288086,65.2783432006836,30.837343215942383,121.35557556152344,70.26994323730469,285.3964538574219,129.0397186279297,166.90455627441406,44.429466247558594,76.31520080566406,53.0122184753418,20735.478515625,37.03656768798828,26.950000762939453
2022-06-28,360.82550048828125,34.66126251220703,33.01729965209961,29.8016414642334,82.41119384765625,62.4244270324707,64.4067611694336,30.722091674804688,119.24065399169922,67.4630355834961,276.70135498046875,127.07606506347656,163.7704315185547,41.82121658325195,73.59249114990234,52.700164794921875,20280.634765625,36.8090705871582,28.360000610351562
2022-06-29,360.5316162109375,34.41177749633789,31.869905471801758,29.63353157043457,81.93130493164062,62.5506591796875,64.81108856201172,30.7442569732666,120.27940368652344,67.40989685058594,276.9551696777344,126.29997253417969,162.10842895507812,41.16667556762695,74.32783508300781,52.25438690185547,20104.0234375,36.663475036621094,28.15999984741211
2022-06-30,357.6026306152344,34.00519561767578,31.198043823242188,29.372037887573242,82.18535614013672,61.71562194824219,64.85603332519531,31.085569381713867,120.00802612304688,66.41947174072266,273.51995849609375,125.51447296142578,160.8452911376953,39.5501594543457,73.80116271972656,51.790775299072266,19784.7265625,36.490570068359375,28.709999084472656
2022-07-01,361.38470458984375,34.24544906616211,31.66484832763672,29.773624420166016,82.90052032470703,61.856414794921875,65.7905044555664,31.847959518432617,121.35557556152344,67.64179229736328,275.3253173828125,127.0479965209961,162.79222106933594,40.87907791137695,76.05684661865234,52.65559005737305,19269.3671875,36.26307678222656,26.700000762939453
2022-07-02,,,,,,,,,,,,,,,,,19242.255859375,,
2022-07-03,,,,,,,,,,,,,,,,,19297.076171875,,
2022-07-04,,,,,,,,,,,,,,,,,20231.26171875,,
2022-07-05,362.06719970703125,33.55702590942383,30.40837860107422,29.6708927154541,81.65841674804688,62.63319396972656,65.36820220947266,30.761991500854492,120.65371704101562,69.1539535522461,280.0387878417969,126.7488021850586,164.1408233642578,44.598060607910156,80.47875213623047,52.83389663696289,20190.115234375,35.98098373413086,27.540000915527344
2022-07-06,363.2900390625,33.769554138183594,29.88921356201172,29.596176147460938,82.12889862060547,63.172088623046875,65.556884765625,31.081127166748047,121.46786499023438,68.9268798828125,281.8344421386719,126.77684783935547,162.92518615722656,43.596412658691406,80.49862670898438,52.44161605834961,20548.24609375,35.76258087158203,26.729999542236328
2022-07-07,368.7311096191406,34.06987762451172,30.966814041137695,30.025789260864258,83.09810638427734,64.47806549072266,65.61978149414062,31.05010986328125,121.9825439453125,70.70476531982422,287.8653869628906,128.61892700195312,166.7810516357422,46.44267654418945,82.93315887451172,53.00330352783203,21637.587890625,36.48147964477539,26.079999923706055
2022-07-08,368.42779541015625,33.73721694946289,30.953723907470703,29.960411071777344,82.72171783447266,64.5071792602539,65.50296783447266,30.94815444946289,122.34752655029297,70.71443939208984,288.2265319824219,128.1420135498047,166.76205444335938,46.47242736816406,83.89703369140625,52.84281539916992,21731.1171875,36.48147964477539,24.639999389648438
2022-07-09,,,,,,,,,,,,,,,,,21592.20703125,,
2022-07-10,,,,,,,,,,,,,,,,,20860.44921875,,
2022-07-11,364.2189636230469,33.64481735229492,30.657062530517578,29.717592239379883,82.16654968261719,63.618736267089844,65.41312408447266,31.143192291259766,122.03868865966797,68.77710723876953,282.0687561035156,126.9638671875,163.40953063964844,43.25922393798828,80.18064880371094,52.316802978515625,19970.556640625,35.507789611816406,26.170000076293945
2022-07-12,360.99609375,33.58013153076172,30.05936050415039,29.530803680419922,81.91248321533203,62.74971389770508,65.22442626953125,30.992481231689453,120.48527526855469,68.36164855957031,279.3362121582031,126.35607147216797,162.84918212890625,43.953433990478516,81.35320281982422,52.29896926879883,19323.9140625,35.37128829956055,27.290000915527344
2022-07-13,359.10028076171875,33.38607406616211,30.011367797851562,29.269302368164062,80.9150390625,62.58464431762695,65.26934051513672,30.863933563232422,119.31550598144531,68.92205810546875,278.7604675292969,125.6547622680664,162.70675659179688,43.64599609375,82.71454620361328,51.41631317138672,20212.07421875,35.28938293457031,26.81999969482422
2022-07-14,358.22821044921875,32.771583557128906,29.444211959838867,28.708942413330078,80.45396423339844,63.15751647949219,65.32327270507812,30.863933563232422,118.96926879882812,68.86407470703125,279.7559509277344,124.66358184814453,161.03524780273438,42.74352264404297,80.80667114257812,50.66741180419922,20569.919921875,34.970890045166016,26.399999618530273
2022-07-15,365.0721435546875,33.28443908691406,29.924116134643555,29.68023109436035,81.71485900878906,64.2693099975586,65.5389175415039,30.92156219482422,121.84217834472656,69.97525787353516,284.8304138183594,127.0293197631836,164.38775634765625,43.745174407958984,81.85004425048828,52.36137390136719,20836.328125,35.152889251708984,24.229999542236328
2022-07-16,,,,,,,,,,,,,,,,,21190.31640625,,
2022-07-17,,,,,,,,,,,,,,,,,20779.34375,,
2022-07-18,362.0577392578125,33.36296844482422,30.60906982421875,29.568161010742188,81.22555541992188,63.64786911010742,64.90097045898438,30.491596221923828,119.26871490478516,70.17816925048828,282.4200134277344,126.47759246826172,163.92239379882812,43.60633087158203,79.23664855957031,52.673423767089844,22485.689453125,35.398590087890625,25.299999237060547
2022-07-19,371.84033203125,34.37944030761719,31.551420211791992,30.45538902282715,84.12379455566406,65.58984375,65.5838394165039,30.6866397857666,121.2994384765625,72.32804870605469,291.1053771972656,130.10568237304688,169.70620727539062,45.42119216918945,82.81391143798828,54.30498123168945,23389.43359375,35.98098373413086,24.5
2022-07-20,374.2101135253906,34.43949890136719,31.8568172454834,30.56746482849121,84.7730484008789,66.6142349243164,65.14356231689453,30.278833389282227,120.1015853881836,73.51653289794922,295.7212829589844,130.97528076171875,172.3654022216797,47.72200393676758,83.98646545410156,55.05389404296875,23231.732421875,35.82628631591797,23.8799991607666
2022-07-21,378.02069091796875,34.92924499511719,31.29837989807129,30.763587951660156,85.38469696044922,67.55123138427734,65.34122467041016,30.35862159729004,122.00127410888672,75.19779205322266,299.9664001464844,131.99453735351562,173.2486572265625,48.555057525634766,83.66848754882812,55.14304733276367,23164.62890625,36.23577880859375,23.110000610351562
2022-07-22,374.5133972167969,34.67975616455078,31.040985107421875,30.586143493652344,85.11182403564453,66.61908721923828,65.77252960205078,30.775285720825195,121.4959487915039,74.76300048828125,294.706298828125,131.22776794433594,170.48497009277344,45.86747360229492,80.17071533203125,54.57245635986328,22714.978515625,35.87177658081055,23.030000686645508
2022-07-23,,,,,,,,,,,,,,,,,22465.478515625,,
2022-07-24,,,,,,,,,,,,,,,,,22609.1640625,,
2022-07-25,374.9684143066406,34.82299041748047,32.17966079711914,30.782268524169922,85.51644134521484,66.19670104980469,66.09599304199219,31.160924911499023,122.1323013305664,74.12044525146484,293.0277404785156,131.55502319335938,171.3682098388672,45.272438049316406,80.4290771484375,55.490753173828125,21361.701171875,35.999183654785156,23.360000610351562
2022-07-26,370.5321960449219,34.58735656738281,31.88735008239746,30.352657318115234,85.05535125732422,65.12376403808594,65.94325256347656,31.34708595275879,122.75927734375,71.73381042480469,287.2701416015625,130.5264892578125,170.3140411376953,43.11046600341797,80.78678131103516,55.06280517578125,21239.75390625,35.71708297729492,24.690000534057617
2022-07-27,380.1535339355469,35.00318145751953,32.60721206665039,30.81962776184082,86.37274932861328,67.92505645751953,66.39253234863281,31.373676300048828,123.52664947509766,74.44895935058594,299.4100646972656,133.0605010986328,174.18893432617188,45.99639892578125,82.87354278564453,56.070274353027344,22930.548828125,36.38137435913086,23.239999771118164
2022-07-28,384.9216003417969,35.62228775024414,32.79043960571289,31.043764114379883,88.17941284179688,68.95913696289062,67.4527816772461,32.49954605102539,124.31271362304688,75.7292251586914,302.33770751953125,135.1644287109375,176.58224487304688,45.79805374145508,81.9792251586914,56.07918930053711,23843.88671875,36.53607177734375,22.329999923706055
2022-07-29,390.5332336425781,36.098175048828125,34.21269989013672,31.482709884643555,89.99551391601562,70.01751708984375,66.931640625,32.7787971496582,123.9009780883789,78.66659545898438,307.8514404296875,136.37066650390625,177.8358612060547,44.756736755371094,80.61786651611328,56.863765716552734,23804.6328125,36.36317825317383,21.329999923706055
2022-07-30,,,,,,,,,,,,,,,,,23656.20703125,,
2022-07-31,,,,,,,,,,,,,,,,,23336.896484375,,
2022-08-01,389.37677001953125,35.807098388671875,33.50593948364258,31.221214294433594,90.08960723876953,69.86702728271484,67.76727294921875,32.81425476074219,122.98387145996094,79.05792999267578,307.66595458984375,136.10882568359375,177.76934814453125,45.312103271484375,78.96835327148438,56.908348083496094,23314.19921875,36.053775787353516,22.84000015258789
2022-08-02,386.8078918457031,35.442100524902344,33.42741012573242,30.875659942626953,89.13921356201172,69.37181854248047,67.2281494140625,32.747772216796875,122.54405975341797,78.51683807373047,306.7486877441406,135.14572143554688,177.59841918945312,46.52201461791992,80.46880340576172,56.24858474731445,22978.1171875,35.880882263183594,23.93000030517578
2022-08-03,392.8652038574219,35.479061126708984,32.46759796142578,31.342622756958008,89.97669219970703,71.21668243408203,67.6684341430664,32.9516716003418,123.66700744628906,80.43000793457031,315.10223388671875,136.54830932617188,180.21017456054688,49.34844207763672,83.52938079833984,56.863765716552734,22846.5078125,36.16298294067383,21.950000762939453
2022-08-04,392.5997619628906,35.50215530395508,31.26348304748535,31.239887237548828,90.30603790283203,71.54196166992188,67.21916198730469,33.02259826660156,123.05874633789062,80.75852966308594,316.5758972167969,136.25843811035156,179.83030700683594,49.75505065917969,88.15001678466797,56.41797637939453,22630.95703125,36.41777420043945,21.440000534057617
2022-08-05,391.9361572265625,35.62691116333008,31.882991790771484,31.464035034179688,90.44719696044922,71.37688446044922,67.06641387939453,32.90291976928711,123.01195526123047,79.38163757324219,313.98974609375,136.40805053710938,181.20738220214844,49.65587615966797,91.71736145019531,57.09556579589844,23289.314453125,36.45417785644531,21.149999618530273
2022-08-06,,,,,,,,,,,,,,,,,22961.279296875,,
2022-08-07,,,,,,,,,,,,,,,,,23175.890625,,
2022-08-08,391.4811706542969,35.82557678222656,32.04877853393555,31.445354461669922,90.41895294189453,70.77002716064453,67.03047180175781,32.9516716003418,123.30205535888672,79.7391357421875,312.974853515625,136.7914581298828,183.12582397460938,50.37984085083008,93.29732513427734,57.06882095336914,23809.486328125,36.49968338012695,21.290000915527344
2022-08-09,389.9266052246094,35.65001678466797,32.611572265625,31.6041202545166,90.08960723876953,70.06120300292969,66.931640625,33.319576263427734,122.92772674560547,78.46854400634766,309.4324035644531,135.99664306640625,180.62806701660156,47.632747650146484,90.17713165283203,57.26496505737305,23164.318359375,36.36317825317383,21.770000457763672
2022-08-10,398.1166076660156,36.66184616088867,32.847164154052734,32.313907623291016,92.06566619873047,71.97403717041016,67.42581939697266,33.46584701538086,124.26593017578125,80.68121337890625,318.0688781738281,138.90472412109375,185.7850341796875,51.143470764160156,93.15821075439453,58.53097915649414,23947.642578125,36.818172454833984,19.739999771118164
2022-08-11,398.1166076660156,36.78659439086914,33.977115631103516,32.69681167602539,92.55497741699219,71.69245910644531,67.26410675048828,33.46142578125,123.46112060546875,80.27055358886719,316.2635498046875,139.5218505859375,186.47836303710938,49.507118225097656,90.20695495605469,59.34230422973633,23957.529296875,36.963768005371094,20.200000762939453
2022-08-12,404.85638427734375,37.479644775390625,34.234519958496094,33.21048355102539,93.94762420654297,73.11978912353516,67.84813690185547,34.006622314453125,125.04263305664062,82.08710479736328,322.42138671875,141.77537536621094,190.2867431640625,51.579830169677734,93.18801879882812,60.251686096191406,24402.818359375,37.355064392089844,19.530000686645508
2022-08-13,,,,,,,,,,,,,,,,,24424.068359375,,
2022-08-14,,,,,,,,,,,,,,,,,24319.333984375,,
2022-08-15,406.52459716796875,37.4565315246582,33.5670166015625,33.20113754272461,94.17346954345703,73.58100891113281,68.52204132080078,34.29029846191406,125.66964721679688,82.65235900878906,325.0269470214844,142.08396911621094,190.96104431152344,51.75834274291992,94.30094909667969,60.5637321472168,24136.97265625,37.18217086791992,19.950000762939453
2022-08-16,407.3209228515625,37.66444396972656,33.48847961425781,33.4439582824707,94.59690856933594,73.38196563720703,69.29476928710938,34.38782501220703,125.33275604248047,83.56546783447266,324.26580810546875,142.49537658691406,190.88507080078125,50.32033920288086,91.80677795410156,61.10758590698242,23883.291015625,37.173065185546875,19.690000534057617
2022-08-17,404.42974853515625,37.1469841003418,33.767696380615234,33.27585220336914,93.8441390991211,72.8576431274414,69.09709930419922,34.33019256591797,124.60281372070312,82.6668472290039,320.5672302246094,141.15823364257812,187.6750030517578,47.632747650146484,89.00457763671875,60.394344329833984,23335.998046875,37.018367767333984,19.899999618530273
2022-08-18,405.6051940917969,37.26248550415039,34.67516326904297,33.31321716308594,94.22052001953125,73.236328125,69.33072662353516,34.4587516784668,124.05069732666016,82.6427001953125,321.3382263183594,141.6070098876953,188.9191436767578,47.10713577270508,88.30900573730469,60.581573486328125,23212.73828125,36.8090705871582,19.559999465942383
2022-08-19,400.15472412109375,36.57868576049805,34.666419982910156,32.65011978149414,93.00664520263672,71.90608215332031,69.10608673095703,34.44100570678711,124.38758850097656,80.93727111816406,315.0729675292969,139.7369384765625,184.8638153076172,44.32037353515625,86.71910858154297,59.59193420410156,20877.552734375,36.30857849121094,20.600000381469727
2022-08-20,,,,,,,,,,,,,,,,,21166.060546875,,
2022-08-21,,,,,,,,,,,,,,,,,21534.12109375,,
2022-08-22,391.8224182128906,35.99653625488281,34.60098648071289,31.93099021911621,91.23761749267578,69.90098571777344,68.40523529052734,33.971160888671875,122.75927734375,78.69078063964844,306.77801513671875,136.8195037841797,181.05543518066406,43.24930953979492,85.3875732421875,58.18327713012695,21398.908203125,35.990081787109375,23.799999237060547
2022-08-23,390.87457275390625,36.352294921875,35.84873580932617,31.80025291442871,91.40696716308594,69.71649932861328,68.10871887207031,33.76725769042969,121.0467529296875,78.91299438476562,306.5242919921875,136.4641571044922,181.34983825683594,43.01129150390625,87.22588348388672,57.8533935546875,21528.087890625,36.18117904663086,24.110000610351562
2022-08-24,392.1258239746094,36.43083572387695,36.289371490478516,31.96834945678711,91.70809173583984,69.76020050048828,68.27943420410156,33.87364959716797,121.19647979736328,79.25117492675781,307.412353515625,137.14674377441406,182.73643493652344,44.1319465637207,89.064208984375,57.72856903076172,21395.01953125,36.17207717895508,22.81999969482422
2022-08-25,397.6616516113281,37.257869720458984,36.568580627441406,32.46332550048828,93.11016845703125,70.93993377685547,68.59391021728516,34.081974029541016,122.53466033935547,80.1980972290039,312.84796142578125,139.260009765625,185.5760955810547,45.40135955810547,88.80584716796875,58.593387603759766,21600.904296875,36.95466995239258,21.780000686645508
2022-08-26,384.201171875,36.11665344238281,36.14104080200195,31.492055892944336,89.88260650634766,67.91048431396484,66.89567565917969,33.55894088745117,119.11900329589844,77.144775390625,300.0249328613281,134.77169799804688,179.4788360595703,42.48567581176758,84.5031967163086,57.166893005371094,20260.01953125,36.40867614746094,25.559999465942383
2022-08-27,,,,,,,,,,,,,,,,,20041.73828125,,
2022-08-28,,,,,,,,,,,,,,,,,19616.814453125,,
2022-08-29,381.6607971191406,35.86254119873047,36.68638229370117,31.267911911010742,89.47796630859375,67.01233673095703,66.78785705566406,33.66088104248047,118.28612518310547,76.734130859375,297.0679931640625,133.9862060546875,177.82635498046875,41.781551361083984,83.43000793457031,56.275333404541016,20297.994140625,36.18117904663086,26.209999084472656
2022-08-30,377.470947265625,35.2757682800293,35.4429931640625,31.099802017211914,88.1888198852539,66.3132095336914,66.09599304199219,33.16886901855469,117.50003814697266,75.87899780273438,293.759765625,132.57424926757812,175.3380889892578,41.56336975097656,82.5754165649414,56.23075485229492,19796.80859375,35.75348663330078,26.209999084472656
2022-08-31,374.5987854003906,34.841468811035156,35.120147705078125,30.866315841674805,87.4454345703125,65.66751098632812,65.6916732788086,32.9516716003418,116.75140380859375,75.13016510009766,292.052001953125,131.62049865722656,174.2743682861328,41.53361892700195,83.17164611816406,55.80280303955078,20049.763671875,35.880882263183594,25.8700008392334
2022-09-01,375.774169921875,34.384056091308594,34.25632858276367,30.959712982177734,87.56779479980469,65.34708404541016,66.06007385253906,33.42595672607422,118.66978454589844,75.81616973876953,292.1788024902344,131.73272705078125,172.3749237060547,41.374942779541016,84.98015594482422,55.48183822631836,20127.140625,35.59878158569336,25.559999465942383
2022-09-02,371.8118896484375,34.35171890258789,34.88456344604492,30.716896057128906,86.72089385986328,64.49747467041016,65.19747924804688,33.066917419433594,116.96664428710938,75.12051391601562,288.0509033203125,130.7789306640625,171.03585815429688,40.25428771972656,83.20146179199219,55.07172393798828,19969.771484375,35.27119064331055,25.469999313354492
2022-09-03,,,,,,,,,,,,,,,,,19832.087890625,,
2022-09-04,,,,,,,,,,,,,,,,,19986.712890625,,
2022-09-05,,,,,,,,,,,,,,,,,19812.37109375,,
2022-09-06,370.40899658203125,34.24544906616211,34.56171798706055,30.642181396484375,86.86203002929688,64.07025909423828,64.8290786743164,33.15114212036133,117.07891845703125,74.96590423583984,285.9819641113281,130.41427612304688,169.34532165527344,39.7584228515625,80.82654571533203,54.18016052246094,18837.66796875,34.852596282958984,26.90999984741211
2022-09-07,377.0633544921875,35.192604064941406,34.16034698486328,31.249231338500977,88.25470733642578,65.0946273803711,65.99716186523438,34.188358306884766,118.98797607421875,77.26554870605469,291.75909423828125,133.27560424804688,173.0302734375,41.127010345458984,84.2547607421875,55.22327423095703,19290.32421875,35.161991119384766,24.639999389648438
2022-09-08,379.5279235839844,35.53450393676758,34.308685302734375,31.80025291442871,88.5181655883789,65.31795501708984,65.82645416259766,34.161766052246094,121.05610656738281,77.98541259765625,293.27178955078125,134.4257354736328,174.47384643554688,42.34683609008789,86.86815643310547,56.4090576171875,19329.833984375,34.970890045166016,23.610000610351562
2022-09-09,385.4239807128906,36.07045364379883,35.163780212402344,32.08977127075195,89.66616821289062,66.6093521118164,66.47340393066406,34.29917526245117,122.12293243408203,79.46377563476562,299.68328857421875,136.27713012695312,177.97828674316406,44.231117248535156,87.4544448852539,57.1044807434082,21381.15234375,35.489585876464844,22.790000915527344
2022-09-10,,,,,,,,,,,,,,,,,21680.5390625,,
2022-09-11,,,,,,,,,,,,,,,,,21769.255859375,,
2022-09-12,389.56640625,36.40773391723633,35.80946731567383,32.35126495361328,90.20252227783203,67.67743682861328,66.73395538330078,34.62718963623047,122.93708038330078,80.48797607421875,303.2453308105469,137.54885864257812,180.13418579101562,45.302188873291016,88.12020111083984,57.67507553100586,22370.44921875,36.01738357543945,23.8700008392334
2022-09-13,372.62701416015625,35.10943603515625,34.90637969970703,31.146501541137695,86.80557250976562,64.08480834960938,64.50560760498047,33.70520782470703,118.87568664550781,76.33796691894531,286.6163024902344,132.1067352294922,173.08721923828125,42.22782897949219,83.60887908935547,55.847373962402344,20296.70703125,34.90719223022461,27.270000457763672
2022-09-14,374.0489807128906,34.67975616455078,35.89236068725586,31.053110122680664,86.63619232177734,64.3178482055664,64.47863006591797,33.98003005981445,118.94119262695312,77.31867980957031,288.89007568359375,132.0973663330078,173.7615509033203,43.38814926147461,84.5528793334961,55.99003601074219,20241.08984375,35.08008575439453,26.15999984741211
2022-09-15,369.80224609375,34.222347259521484,34.96745681762695,31.15583610534668,85.73286437988281,62.83708953857422,63.93952178955078,33.13340759277344,119.60562133789062,76.92253112792969,284.0790100097656,131.05010986328125,172.4984130859375,44.3402099609375,85.6558609008789,56.64086151123047,19701.2109375,34.70699691772461,26.270000457763672
2022-09-16,366.98101806640625,33.68177795410156,34.22142791748047,30.875659942626953,83.94498443603516,62.48755645751953,64.09229278564453,33.00929260253906,119.26871490478516,76.30414581298828,282.3419189453125,129.74102783203125,169.99114990234375,42.22782897949219,82.74435424804688,56.12376022338867,19772.583984375,34.38850021362305,26.299999237060547
2022-09-17,,,,,,,,,,,,,,,,,20127.576171875,,
2022-09-18,,,,,,,,,,,,,,,,,19419.505859375,,
2022-09-19,369.8269958496094,34.23934555053711,34.24171447753906,31.22585105895996,85.08429718017578,62.99712371826172,64.51824188232422,33.451534271240234,118.62609100341797,77.38375854492188,284.54058837890625,130.70852661132812,171.44422912597656,42.138572692871094,81.71092224121094,57.08155822753906,19544.12890625,34.49769592285156,25.760000228881836
2022-09-20,365.5819091796875,33.58884811401367,34.00355529785156,30.76581382751465,84.02536010742188,62.62723159790039,64.16553497314453,32.96510696411133,117.23556518554688,76.07176208496094,282.2724914550781,128.60440063476562,169.10787963867188,41.09725570678711,81.47244262695312,56.89321517944336,18890.7890625,34.30659866333008,27.15999984741211
2022-09-21,359.2048034667969,32.854713439941406,33.505184173583984,30.127405166625977,82.90969848632812,61.64898681640625,63.92135238647461,32.51439666748047,115.29072570800781,74.27079010009766,277.2181396484375,126.47212219238281,166.52462768554688,40.00635528564453,78.63048553466797,56.22061538696289,18547.400390625,33.73330307006836,27.989999771118164
2022-09-22,356.1875305175781,32.459774017333984,33.386104583740234,29.620426177978516,81.66165161132812,61.02115249633789,63.830902099609375,32.39836883544922,115.90142059326172,72.55696105957031,273.8061828613281,124.65921020507812,162.7732391357422,38.2906608581543,77.59705352783203,54.93818283081055,19413.55078125,33.56950378417969,27.350000381469727
2022-09-23,350.2196960449219,31.795330047607422,31.083927154541016,29.15100860595703,80.12995910644531,60.22298049926758,62.74565124511719,32.02350997924805,115.30951690673828,70.88671112060547,269.3481750488281,122.56449127197266,158.8983612060547,37.51711654663086,76.1661376953125,54.07725143432617,19297.638671875,32.74142074584961,29.920000076293945
2022-09-24,,,,,,,,,,,,,,,,,18937.01171875,,
2022-09-25,,,,,,,,,,,,,,,,,18802.09765625,,
2022-09-26,346.7550048828125,31.279586791992188,30.320940017700195,28.690975189208984,79.28848266601562,59.80442428588867,62.79088592529297,31.251489639282227,114.21024322509766,70.7269287109375,268.23370361328125,120.78913879394531,156.7227020263672,37.12042236328125,74.58618927001953,53.61091995239258,19222.671875,32.34102249145508,32.2599983215332
2022-09-27,345.8698425292969,31.349275588989258,30.66053009033203,28.568927764892578,79.02375030517578,59.882293701171875,61.705623626708984,30.72489356994629,113.86260986328125,70.94964599609375,268.3412170410156,120.40401458740234,157.25730895996094,37.89397048950195,76.73255157470703,52.974185943603516,19110.546875,32.30462646484375,32.599998474121094
2022-09-28,352.6753845214844,32.157752990722656,32.0189208984375,29.132230758666992,80.76344299316406,60.51499557495117,62.44721984863281,31.05512809753418,116.3523941040039,72.86680603027344,273.6790771484375,123.2032470703125,162.23098754882812,39.65924835205078,80.68742370605469,53.8889274597168,19426.720703125,32.586727142333984,30.18000030517578
2022-09-29,345.308349609375,31.683822631835938,32.0189208984375,28.766082763671875,79.36410522460938,58.938114166259766,61.416229248046875,29.810070037841797,115.3752670288086,70.34930419921875,265.7896423339844,120.87367248535156,158.59384155273438,37.487361907958984,78.3621826171875,53.01005554199219,19573.05078125,31.858726501464844,31.84000015258789
2022-09-30,339.9685974121094,31.600183486938477,31.763111114501953,28.503210067749023,78.3240737915039,57.80900192260742,60.34906768798828,29.234397888183594,113.78746032714844,68.96469116210938,261.28271484375,119.5586166381836,157.438720703125,37.417938232421875,78.81929016113281,52.803794860839844,19431.7890625,31.740432739257812,31.6200008392334
2022-10-01,,,,,,,,,,,,,,,,,19312.095703125,,
2022-10-02,,,,,,,,,,,,,,,,,19044.107421875,,
2022-10-03,348.9441833496094,32.627044677734375,33.55812072753906,29.27305793762207,80.68777465820312,59.60002136230469,61.38909912109375,30.091211318969727,116.12690734863281,69.03247833251953,267.4124450683594,122.89324188232422,161.6104736328125,37.5865364074707,79.4751205444336,54.01448440551758,19623.580078125,32.25912094116211,30.100000381469727
2022-10-04,359.7568054199219,33.8258171081543,35.000282287597656,30.362112045288086,83.49588775634766,61.60031509399414,62.32059860229492,30.729360580444336,118.8233871459961,71.44346618652344,275.8201599121094,127.12965393066406,168.01608276367188,40.452632904052734,82.47606658935547,56.38203811645508,20336.84375,33.31471252441406,29.06999969482422
2022-10-05,358.91925048828125,33.4448127746582,35.72358322143555,30.127405166625977,83.04204559326172,61.80472183227539,61.9588623046875,30.046586990356445,119.21798706054688,71.02226257324219,275.6734313964844,126.63180541992188,166.77505493164062,39.70883560180664,82.14813995361328,55.91569519042969,20160.716796875,33.33291244506836,28.549999237060547
2022-10-06,355.2166748046875,33.0916748046875,36.35866928100586,29.704925537109375,82.0871353149414,61.29856491088867,61.054473876953125,29.055891036987305,117.69593811035156,70.51876831054688,273.5031433105469,125.22279357910156,165.83950805664062,39.8377571105957,82.14813995361328,55.377620697021484,19955.443359375,33.132713317871094,30.520000457763672
2022-10-07,345.308349609375,32.2739143371582,36.0764045715332,29.00079345703125,80.51761627197266,58.77750778198242,60.141056060791016,28.45343589782715,115.2061767578125,68.09324645996094,263.0815734863281,122.25450134277344,160.96131896972656,37.2195930480957,78.6006851196289,54.11312484741211,19546.849609375,32.441123962402344,31.360000610351562
2022-10-08,,,,,,,,,,,,,,,,,19416.568359375,,
2022-10-09,,,,,,,,,,,,,,,,,19446.42578125,,
2022-10-10,342.67181396484375,32.3436164855957,35.33547592163086,28.869354248046875,80.80125427246094,57.78954315185547,60.35810470581055,28.50252914428711,114.48271179199219,67.67205810546875,260.45172119140625,121.42790985107422,160.06393432617188,35.9997673034668,77.15984344482422,53.996543884277344,19141.484375,31.986125946044922,32.45000076293945
2022-10-11,340.5016174316406,32.09270477294922,35.05322265625,28.503210067749023,80.7823486328125,56.90376281738281,60.85552215576172,28.399890899658203,115.0934066772461,67.12015533447266,256.8735046386719,120.88307189941406,160.1116943359375,35.35514450073242,77.77592468261719,53.763370513916016,19051.41796875,31.476533889770508,33.630001068115234
2022-10-12,339.37847900390625,31.851093292236328,35.33547592163086,28.43748664855957,80.14886474609375,56.72854995727539,61.181095123291016,27.453824996948242,114.52969360351562,67.29444122314453,256.7856140136719,120.25372314453125,159.67254638671875,35.82125473022461,78.20319366455078,53.64679718017578,19157.4453125,31.512935638427734,33.56999969482422
2022-10-13,348.3350830078125,32.78501892089844,36.777645111083984,29.611042022705078,81.91691589355469,58.4903678894043,62.19398498535156,28.141061782836914,117.19798278808594,68.03032684326172,262.80780029296875,123.14688110351562,163.62474060058594,35.741920471191406,79.56455993652344,56.023319244384766,19382.904296875,31.60392951965332,31.940000534057617
2022-10-14,340.39697265625,31.67917251586914,35.40604019165039,29.113454818725586,80.12049102783203,56.84536361694336,61.07255935668945,27.734968185424805,116.40877532958984,65.48860931396484,254.90850830078125,120.42279815673828,159.24301147460938,33.7088737487793,77.32875061035156,55.162391662597656,19185.65625,31.1307373046875,32.02000045776367
2022-10-15,,,,,,,,,,,,,,,,,19067.634765625,,
2022-10-16,,,,,,,,,,,,,,,,,19268.09375,,
2022-10-17,349.14410400390625,32.46905517578125,35.847068786621094,29.845752716064453,81.86965942382812,58.57796859741211,61.732765197753906,28.31510353088379,118.27845001220703,68.1465072631836,263.3259582519531,123.0435562133789,164.3216552734375,36.079105377197266,80.1905746459961,56.60624313354492,19550.7578125,31.986125946044922,31.3700008392334
2022-10-18,353.24639892578125,33.10561752319336,36.16020202636719,30.324562072753906,83.84571075439453,59.074398040771484,62.53766632080078,28.832759857177734,118.93611907958984,69.0857162475586,265.4083557128906,124.86585998535156,166.2690887451172,36.66422653198242,80.56817626953125,56.570377349853516,19334.416015625,31.99522590637207,30.5
2022-10-19,350.7431945800781,32.71532440185547,37.227508544921875,29.826974868774414,83.25006866455078,58.904052734375,62.24826431274414,28.457902908325195,117.27314758300781,68.31112670898438,264.44049072265625,123.3910903930664,163.4434051513672,35.087379455566406,76.62323760986328,55.39555358886719,19139.53515625,31.412837982177734,30.760000228881836
2022-10-20,347.8020935058594,32.47835922241211,37.262779235839844,29.348169326782227,81.61437225341797,58.938114166259766,61.38005828857422,27.739425659179688,116.27723693847656,66.98944091796875,263.0913391113281,122.01964569091797,161.36224365234375,34.95845031738281,76.23571014404297,53.503299713134766,19053.740234375,31.613039016723633,29.979999542236328
2022-10-21,356.254150390625,33.602783203125,38.338905334472656,30.221284866333008,83.85517120361328,60.51499557495117,62.32059860229492,28.252628326416016,118.88916778564453,68.94049072265625,269.2601623535156,124.80949401855469,164.8657989501953,35.58324432373047,78.34232330322266,54.20280456542969,19172.46875,32.09532928466797,29.690000534057617
2022-10-22,,,,,,,,,,,,,,,,,19208.189453125,,
2022-10-23,,,,,,,,,,,,,,,,,19567.0078125,,
2022-10-24,360.61346435546875,33.40763854980469,38.51972579956055,30.62498664855957,84.97084045410156,61.352108001708984,63.4420280456543,28.4891414642334,121.1816177368164,69.22612762451172,272.222412109375,126.19973754882812,165.57223510742188,35.136962890625,77.9845962524414,55.12651443481445,19345.572265625,30.87593650817871,29.850000381469727
2022-10-25,366.3719177246094,34.23469924926758,38.55941390991211,30.991138458251953,86.11487579345703,62.525028228759766,64.27405548095703,29.060352325439453,122.10237884521484,70.9593276977539,277.8536071777344,128.62319946289062,170.087646484375,37.49728012084961,80.07134246826172,55.92467498779297,20095.857421875,31.1307373046875,28.459999084472656
2022-10-26,363.6116638183594,34.47630310058594,39.08424377441406,31.066246032714844,86.41743469238281,61.13309097290039,64.69911193847656,29.046968460083008,123.45530700683594,70.38804626464844,271.7140808105469,128.87681579589844,170.927734375,37.57661819458008,81.40287017822266,55.861907958984375,20770.44140625,31.64033317565918,27.280000686645508
2022-10-27,361.6700134277344,34.388023376464844,39.225379943847656,31.31973648071289,87.42912292480469,60.4371223449707,64.75337982177734,29.279020309448242,122.8070297241211,70.11692810058594,266.7672424316406,128.99896240234375,170.96592712402344,37.55678176879883,80.39927673339844,55.87983322143555,20285.8359375,31.39463233947754,27.389999389648438
2022-10-28,370.2742614746094,34.73186492919922,39.362098693847656,32.098968505859375,89.46190643310547,63.065242767333984,66.17324829101562,30.082290649414062,124.82701873779297,70.17986297607422,274.9304504394531,131.67605590820312,174.8512725830078,38.56834411621094,83.23126220703125,57.26090621948242,20595.3515625,31.203540802001953,25.75
2022-10-29,,,,,,,,,,,,,,,,,20818.4765625,,
2022-10-30,,,,,,,,,,,,,,,,,20635.603515625,,
2022-10-31,367.5997619628906,34.42055130004883,39.69287109375,31.901805877685547,89.20661926269531,62.233009338378906,65.78436279296875,29.801143646240234,124.72367095947266,69.7296142578125,271.733642578125,131.09364318847656,175.0135498046875,37.9633903503418,81.63143920898438,57.350589752197266,20495.7734375,31.112533569335938,25.8799991607666
2022-11-01,365.99114990234375,34.50883483886719,40.076568603515625,31.986310958862305,89.12155151367188,61.71225357055664,65.57636260986328,29.917165756225586,124.79884338378906,69.02278900146484,268.9571533203125,131.4130096435547,175.25221252441406,37.97330856323242,82.29720306396484,57.386470794677734,20485.2734375,31.685832977294922,25.809999465942383
2022-11-02,356.8062438964844,33.61207962036133,39.11071014404297,31.58260726928711,87.55200958251953,59.58055114746094,64.43685150146484,29.627099990844727,122.67549896240234,66.4133071899414,259.7380676269531,128.2099151611328,169.43849182128906,36.138607025146484,80.66756439208984,55.93363571166992,20159.50390625,31.421934127807617,25.860000610351562
2022-11-03,353.1322326660156,33.86763381958008,39.83399963378906,31.263399124145508,88.46915435791016,57.82847213745117,64.21979522705078,29.756519317626953,122.15874481201172,66.0163345336914,254.66412353515625,127.56177520751953,168.30252075195312,35.900596618652344,80.12102508544922,55.521114349365234,20209.98828125,31.60392951965332,25.299999237060547
2022-11-04,358.21490478515625,35.04317092895508,40.319129943847656,31.836097717285156,89.88736724853516,58.88458251953125,64.97947692871094,29.939481735229492,122.90098571777344,66.5682373046875,258.7603454589844,129.54379272460938,170.5745086669922,34.92870330810547,79.45525360107422,56.830440521240234,21147.23046875,32.941619873046875,24.549999237060547
2022-11-05,,,,,,,,,,,,,,,,,21282.69140625,,
2022-11-06,,,,,,,,,,,,,,,,,20926.486328125,,
2022-11-07,361.6414489746094,35.317298889160156,41.01155090332031,32.155303955078125,90.85176849365234,59.867706298828125,65.55825805664062,29.36827278137207,124.21632385253906,66.10346221923828,261.6053771972656,130.5769805908203,171.3477783203125,34.70060348510742,78.62055969238281,57.162254333496094,20602.81640625,32.959815979003906,24.350000381469727
2022-11-08,363.5926513671875,35.92599105834961,41.05125045776367,32.34306716918945,91.64598083496094,60.44198989868164,65.74818420410156,29.573549270629883,124.83644104003906,65.9388656616211,263.51165771484375,131.35665893554688,171.41456604003906,34.56175994873047,79.35588836669922,56.99187469482422,18541.271484375,33.1964225769043,25.540000915527344
2022-11-09,356.10186767578125,35.34518814086914,39.044551849365234,31.798540115356445,90.36959075927734,58.869991302490234,65.03374481201172,29.341493606567383,123.49288177490234,63.92486572265625,257.43084716796875,128.99896240234375,166.70826721191406,32.30061721801758,76.71268463134766,56.113006591796875,15880.7802734375,32.62311553955078,26.09000015258789
2022-11-10,375.6711730957031,37.30133056640625,39.913387298583984,33.403961181640625,94.1609878540039,63.707679748535156,66.56214141845703,30.72489356994629,126.63091278076172,68.59674835205078,276.42620849609375,135.9124755859375,176.9705810546875,36.99149703979492,82.5953140258789,58.73166275024414,17586.771484375,33.80610656738281,23.530000686645508
2022-11-11,379.3070983886719,37.75202178955078,41.07329559326172,33.67622375488281,94.104248046875,64.79786682128906,66.48978424072266,30.381275177001953,125.08072662353516,70.2427978515625,281.5196838378906,137.21812438964844,178.421630859375,40.06585693359375,84.22496032714844,58.31913757324219,17034.29296875,34.725196838378906,22.520000457763672
2022-11-12,,,,,,,,,,,,,,,,,16799.185546875,,
2022-11-13,,,,,,,,,,,,,,,,,16353.365234375,,
2022-11-14,376.0804138183594,37.7009162902832,41.06006622314453,33.197410583496094,93.52749633789062,64.24303436279297,65.96524047851562,30.019807815551758,125.19343566894531,69.1292953491211,279.0561218261719,135.72457885742188,176.4264678955078,38.58818054199219,83.53929138183594,57.494083404541016,16618.19921875,34.515899658203125,23.729999542236328
2022-11-15,379.28802490234375,37.64514923095703,41.492286682128906,33.272518157958984,94.17042541503906,65.021728515625,66.51691436767578,30.350040435791016,125.03376007080078,70.07335662841797,282.91778564453125,137.00205993652344,179.04212951660156,39.6394157409668,83.32069396972656,57.87970733642578,16884.61328125,35.307586669921875,24.540000915527344
2022-11-16,376.3945617675781,37.2780876159668,40.64550018310547,33.112918853759766,93.48966979980469,64.13111114501953,66.84249114990234,30.622251510620117,124.97735595703125,69.00342559814453,279.0561218261719,135.54611206054688,175.89183044433594,37.59645080566406,80.9755859375,56.93806457519531,16669.439453125,34.74339294433594,24.110000610351562
2022-11-17,375.2428283691406,36.920318603515625,40.73370361328125,32.93453598022461,93.3289566040039,64.21383666992188,66.82440948486328,30.086746215820312,124.92096710205078,68.16587829589844,278.4402160644531,134.75706481933594,174.25942993164062,36.812984466552734,80.03160095214844,56.095062255859375,16687.517578125,34.80709457397461,23.93000030517578
2022-11-18,376.94659423828125,37.166568756103516,40.41175079345703,33.20680236816406,94.01917266845703,64.28682708740234,67.53885650634766,30.72489356994629,126.43364715576172,68.25786590576172,278.4499816894531,135.76217651367188,175.3859100341797,36.25761795043945,80.49862670898438,56.45378875732422,16697.77734375,34.606895446777344,23.1200008392334
2022-11-19,,,,,,,,,,,,,,,,,16711.546875,,
2022-11-20,,,,,,,,,,,,,,,,,16291.83203125,,
2022-11-21,375.57598876953125,37.292022705078125,39.864871978759766,33.31007385253906,94.32170867919922,63.595741271972656,68.18096160888672,30.863239288330078,126.49002838134766,67.27022552490234,275.58551025390625,135.7057647705078,174.46942138671875,34.90886688232422,79.36582946777344,56.758705139160156,15787.2841796875,34.17010498046875,22.360000610351562
2022-11-22,380.6300964355469,38.1376838684082,41.11299514770508,33.64805221557617,95.04974365234375,64.82707977294922,68.6783676147461,31.126537322998047,127.58928680419922,68.03032684326172,279.5547180175781,137.5093231201172,176.33096313476562,35.0179557800293,80.45886993408203,57.377498626708984,16189.76953125,34.25200653076172,21.290000915527344
2022-11-23,383.02862548828125,38.286354064941406,40.66754913330078,33.788883209228516,95.40901184082031,65.40135955810547,68.91350555419922,31.474605560302734,128.09666442871094,69.01310729980469,282.36053466796875,138.08230590820312,176.78919982910156,36.01960372924805,80.48869323730469,57.368534088134766,16610.70703125,34.53410339355469,20.350000381469727
2022-11-24,,,,,,,,,,,,,,,,,16604.46484375,,
2022-11-25,382.9429626464844,38.27242660522461,40.51759719848633,33.901546478271484,95.77776336669922,65.021728515625,68.95873260498047,31.657573699951172,128.85765075683594,69.05184173583984,280.5030517578125,138.5519561767578,177.1614990234375,35.702247619628906,80.54830932617188,57.79898452758789,16521.841796875,34.37030792236328,20.5
2022-11-26,,,,,,,,,,,,,,,,,16464.28125,,
2022-11-27,,,,,,,,,,,,,,,,,16444.626953125,,
2022-11-28,376.8323669433594,37.417484283447266,39.406192779541016,33.3194580078125,94.0380630493164,63.62984085083008,68.69644927978516,31.331804275512695,127.88990020751953,68.62580108642578,276.3871765136719,136.08151245117188,173.59117126464844,34.70060348510742,79.14720916748047,56.507591247558594,16217.322265625,34.21559524536133,22.209999084472656
2022-11-29,376.18511962890625,37.54293441772461,40.0015869140625,33.51661682128906,94.61479949951172,63.00684356689453,68.43419647216797,31.09975814819336,127.57050323486328,68.40794372558594,274.2950134277344,136.5136260986328,174.09713745117188,34.51217269897461,79.4751205444336,56.84838104248047,16444.982421875,34.952693939208984,21.889999389648438
2022-11-30,388.03521728515625,38.4489860534668,40.20005416870117,34.089317321777344,96.17484283447266,66.17035675048828,69.80884552001953,31.876239776611328,130.61460876464844,70.76565551757812,286.7989807128906,139.79190063476562,178.8702850341797,37.17000961303711,83.09215545654297,57.86175537109375,17168.56640625,35.9627799987793,20.579999923706055
2022-12-01,387.7496643066406,38.49544906616211,40.067745208740234,33.89215850830078,96.20320892333984,66.26280212402344,69.49231719970703,31.84947395324707,130.99038696289062,70.75599670410156,287.15093994140625,139.98915100097656,178.47889709472656,37.5865364074707,82.56547546386719,57.45820236206055,16967.1328125,35.844482421875,19.84000015258789
2022-12-02,387.3023376464844,38.918270111083984,39.82958984375,33.7325553894043,96.75161743164062,65.87831115722656,69.80884552001953,31.69774055480957,131.32867431640625,70.66400146484375,286.0071105957031,139.9046173095703,179.5194854736328,37.844383239746094,85.1192855834961,57.350589752197266,17088.66015625,35.98098373413086,19.059999465942383
2022-12-03,,,,,,,,,,,,,,,,,16908.236328125,,
2022-12-04,,,,,,,,,,,,,,,,,17130.486328125,,
2022-12-05,380.3350830078125,38.146968841552734,38.647621154785156,32.8969841003418,95.13481903076172,64.78325653076172,68.93161010742188,31.51923179626465,130.06968688964844,68.62580108642578,281.20697021484375,137.1993408203125,174.57444763183594,35.771671295166016,82.3568115234375,54.48081970214844,16974.826171875,35.57148742675781,20.75
2022-12-06,374.8525390625,37.80778884887695,37.62883377075195,32.60594177246094,94.00969696044922,63.39617919921875,68.50655364990234,31.715595245361328,129.0831298828125,67.55586242675781,275.3801574707031,135.6964111328125,171.9014892578125,34.33366012573242,80.08126831054688,53.95170593261719,17089.50390625,35.52598571777344,22.170000076293945
2022-12-07,374.21484375,37.724143981933594,37.54063034057617,32.4744987487793,93.88679504394531,63.074989318847656,68.79595184326172,31.568328857421875,130.14483642578125,67.14920043945312,274.2559509277344,135.47097778320312,171.39547729492188,34.065895080566406,80.57811737060547,53.91584014892578,16848.126953125,35.316688537597656,22.68000030517578
2022-12-08,377.14642333984375,38.0029296875,37.3730354309082,32.50267028808594,94.44461059570312,64.10677337646484,69.16673278808594,31.773601531982422,131.3192596435547,67.79793548583984,277.5016784667969,136.3445587158203,172.63653564453125,34.869197845458984,81.06502532958984,54.059322357177734,17233.474609375,35.744384765625,22.290000915527344
2022-12-09,374.3291015625,37.62656784057617,36.46451950073242,32.41817092895508,93.6693115234375,63.712547302246094,68.6331558227539,31.608497619628906,129.637451171875,67.50260162353516,275.7322082519531,135.29249572753906,170.51722717285156,34.3634147644043,79.02796173095703,53.84408950805664,17133.15234375,35.507789611816406,22.829999923706055
2022-12-10,,,,,,,,,,,,,,,,,17128.724609375,,
2022-12-11,,,,,,,,,,,,,,,,,17104.193359375,,
2022-12-12,379.7259216308594,37.95181655883789,37.42155838012695,32.850040435791016,95.27664184570312,65.1044692993164,69.3566665649414,32.331424713134766,131.01858520507812,67.67205810546875,279.19293212890625,137.2838592529297,172.52197265625,35.0179557800293,81.01534271240234,54.33732986450195,17206.4375,35.398590087890625,25.0
2022-12-13,382.60040283203125,38.476863861083984,38.131614685058594,32.93453598022461,95.63593292236328,65.87345123291016,69.2571792602539,32.429603576660156,131.42259216308594,67.67205810546875,282.1943664550781,138.2419891357422,173.950927734375,34.99812316894531,82.29720306396484,53.44948959350586,17781.318359375,35.65172576904297,22.549999237060547
2022-12-14,380.1541748046875,38.06332778930664,37.89786911010742,32.521446228027344,95.45628356933594,65.3186264038086,69.21196746826172,32.38943862915039,131.6292724609375,67.16856384277344,280.1021728515625,137.42478942871094,172.80970764160156,34.64109802246094,82.56547546386719,52.4630126953125,17815.650390625,35.67020797729492,21.139999389648438
2022-12-15,370.8550109863281,36.901737213134766,37.66853332519531,31.88304328918457,93.14929962158203,62.87544250488281,68.0362777709961,31.996728897094727,129.21470642089844,66.06473541259766,270.69732666015625,134.4095001220703,168.48440551757812,32.94524383544922,80.18064880371094,51.5034294128418,17364.865234375,34.84796905517578,22.829999923706055
2022-12-16,366.4765930175781,36.74375534057617,37.2054443359375,31.638940811157227,92.752197265625,62.0432014465332,67.70165252685547,31.452295303344727,127.3355941772461,64.8302001953125,268.11639404296875,132.7844696044922,167.22805786132812,32.98490905761719,80.4489517211914,51.063995361328125,16647.484375,34.9495964050293,22.6200008392334
2022-12-17,,,,,,,,,,,,,,,,,16795.091796875,,
2022-12-18,,,,,,,,,,,,,,,,,16757.9765625,,
2022-12-19,363.3689880371094,36.26628494262695,37.200992584228516,31.553905487060547,92.26390075683594,61.21590042114258,67.65884399414062,31.327220916748047,126.8601303100586,63.78938674926758,264.3483581542969,131.69790649414062,164.9647216796875,31.953514099121094,78.79943084716797,51.33135986328125,16439.6796875,34.9773063659668,22.420000076293945
2022-12-20,363.8662414550781,36.504783630371094,37.76241683959961,31.686174392700195,92.37789916992188,61.308631896972656,67.60417938232422,31.336225509643555,126.83181762695312,63.046627044677734,264.142578125,131.8299560546875,165.8374481201172,31.9039249420166,80.27007293701172,51.58426284790039,16906.3046875,34.96806716918945,21.479999542236328
2022-12-21,369.3069152832031,36.822784423828125,38.479793548583984,32.17742919921875,94.11640167236328,62.3238525390625,68.27821350097656,31.772634506225586,128.5016632080078,64.0515365600586,267.9742736816406,133.8672637939453,168.69540405273438,32.43946075439453,82.0587158203125,52.442344665527344,16817.53515625,35.282188415527344,20.06999969482422
2022-12-22,364.0383605957031,36.46737289428711,37.59309768676758,31.894010543823242,92.91937255859375,60.7522087097168,68.12337493896484,31.57917594909668,128.32240295410156,62.40581130981445,261.41827392578125,132.4147491455078,166.4896240234375,31.338642120361328,82.29720306396484,52.24363708496094,16830.341796875,34.96806716918945,21.969999313354492
2022-12-23,366.1324157714844,36.71990203857422,38.79169464111328,32.07350540161133,93.47039794921875,60.8156623840332,68.4786148071289,31.90311050415039,128.3978729248047,62.83301544189453,262.0062561035156,133.26361083984375,167.2472381591797,30.713850021362305,80.36944580078125,52.58686828613281,16796.953125,34.921875,20.8700008392334
2022-12-24,,,,,,,,,,,,,,,,,16847.755859375,,
2022-12-25,,,,,,,,,,,,,,,,,16841.986328125,,
2022-12-26,,,,,,,,,,,,,,,,,16919.8046875,,
2022-12-27,364.6886291503906,36.75263977050781,39.206085205078125,32.064064025878906,93.75540161132812,60.239715576171875,68.80653381347656,32.101070404052734,128.0676727294922,61.81355667114258,258.30194091796875,133.34848022460938,166.1251678466797,29.533695220947266,78.04421997070312,52.64106369018555,16717.173828125,35.43923568725586,21.649999618530273
2022-12-28,360.1562194824219,36.19145584106445,38.32828903198242,31.950695037841797,92.52989959716797,59.2684211730957,67.95032501220703,31.795133590698242,127.23746490478516,61.29411315917969,254.89169311523438,131.43380737304688,163.5453338623047,29.394851684570312,78.33238983154297,52.27073287963867,16552.572265625,34.921875,22.139999389648438
2022-12-29,366.63922119140625,36.58428192138672,38.729312896728516,32.394718170166016,93.66990661621094,60.82054138183594,68.24176788330078,32.02458190917969,128.62432861328125,62.87185287475586,261.1045837402344,133.77291870117188,167.68838500976562,30.91219711303711,81.75067138671875,53.25526428222656,16642.341796875,35.50390625,21.440000534057617
2022-12-30,365.6734313964844,36.327083587646484,38.9743766784668,32.309696197509766,93.29937744140625,60.737571716308594,67.90476989746094,31.718643188476562,128.16200256347656,62.70195007324219,260.9478454589844,133.22589111328125,167.21844482421875,30.981618881225586,82.47606658935547,53.056556701660156,16602.5859375,35.01426315307617,21.670000076293945
2022-12-31,,,,,,,,,,,,,,,,,16547.49609375,,
2023-01-01,,,,,,,,,,,,,,,,,16625.080078125,,
2023-01-02,,,,,,,,,,,,,,,,,16688.470703125,,
2023-01-03,364.13397216796875,36.28965759277344,37.606468200683594,32.42304992675781,93.49888610839844,60.161617279052734,67.64974212646484,31.718643188476562,127.79409790039062,62.32814025878906,259.18389892578125,133.103271484375,166.29776000976562,30.20806884765625,81.01534271240234,52.68623352050781,16679.857421875,35.309898376464844,22.899999618530273
2023-01-04,366.94512939453125,36.92100143432617,37.602012634277344,32.94266128540039,94.32540130615234,60.31781005859375,67.91387176513672,32.006591796875,128.1337127685547,63.231101989746094,260.4186096191406,135.1782989501953,168.3693084716797,31.517152786254883,82.71454620361328,53.39978790283203,16863.23828125,36.37233352661133,22.010000228881836
2023-01-05,362.7570495605469,36.336429595947266,38.28820037841797,32.69702911376953,93.30889129638672,59.14640808105469,67.230712890625,31.313722610473633,126.82235717773438,62.64369583129883,256.342041015625,133.77291870117188,166.56629943847656,30.763439178466797,81.99908447265625,52.388153076171875,16836.736328125,36.261470794677734,22.459999084472656
2023-01-06,371.0758056640625,37.585060119628906,39.01447677612305,33.42447280883789,95.86438751220703,60.87910842895508,69.02513885498047,31.94359588623047,127.99220275878906,64.1146469116211,263.4173583984375,136.9797821044922,170.3065948486328,31.110544204711914,82.63505554199219,53.923667907714844,16951.96875,37.019039154052734,21.1299991607666
2023-01-07,,,,,,,,,,,,,,,,,16955.078125,,
2023-01-08,,,,,,,,,,,,,,,,,17091.14453125,,
2023-01-09,370.865478515625,37.82355499267578,38.87635040283203,33.301658630371094,95.4368896484375,61.58683776855469,68.35108947753906,32.1595573425293,125.85066986083984,64.50300598144531,265.1225891113281,137.03636169433594,170.5942840576172,32.53863525390625,80.7569808959961,53.435916900634766,17196.5546875,37.29619598388672,21.969999313354492
2023-01-10,373.46630859375,38.20235824584961,39.15260696411133,33.4906005859375,95.95938873291016,61.96754455566406,68.26001739501953,32.16856002807617,126.90727996826172,65.31371307373047,267.3666687011719,138.06448364257812,173.11654663085938,33.34193420410156,83.05240631103516,53.842376708984375,17446.29296875,37.56411361694336,20.579999923706055
2023-01-11,378.18988037109375,38.800960540771484,39.27290725708008,33.802364349365234,96.88089752197266,63.04132843017578,68.29643249511719,32.42950439453125,127.62428283691406,67.075927734375,271.9921875,139.74330139160156,175.2744140625,34.472503662109375,83.84735107421875,54.140438079833984,17934.896484375,37.721168518066406,21.09000015258789
2023-01-12,379.56683349609375,38.94591522216797,40.021484375,33.86848831176758,97.4509048461914,63.50991439819336,67.759033203125,32.209049224853516,127.2186508178711,67.18758392333984,273.462158203125,140.27151489257812,178.2186737060547,35.196468353271484,87.36502075195312,54.80884552001953,18869.587890625,37.905941009521484,18.829999923706055
2023-01-13,381.039306640625,39.18442153930664,40.07940673828125,34.12357711791992,97.33689880371094,63.69049072265625,68.07782745361328,32.092071533203125,127.78466033935547,67.81869506835938,275.34368896484375,140.6016387939453,179.38870239257812,35.69233322143555,87.32526397705078,54.74562454223633,19909.57421875,38.15538024902344,18.350000381469727
2023-01-14,,,,,,,,,,,,,,,,,20976.298828125,,
2023-01-15,,,,,,,,,,,,,,,,,20880.798828125,,
2023-01-16,,,,,,,,,,,,,,,,,21169.6328125,,
2023-01-17,380.34124755859375,38.79159927368164,40.1640625,33.8968391418457,96.51038360595703,63.97846603393555,68.12337493896484,32.047080993652344,127.1903076171875,67.86724090576172,275.9023742675781,140.2904052734375,179.16812133789062,36.733646392822266,86.31169891357422,54.41142654418945,21161.51953125,37.942901611328125,19.360000610351562
2023-01-18,374.3364562988281,38.24443817138672,39.42886734008789,33.26386260986328,94.69590759277344,63.153594970703125,66.26521301269531,31.27773666381836,125.3978271484375,66.98368835449219,272.31549072265625,138.13046264648438,176.27182006835938,35.65266418457031,85.23849487304688,52.469444274902344,20688.78125,37.6842155456543,20.34000015258789
2023-01-19,371.6113586425781,37.949825286865234,39.91899871826172,32.87653350830078,92.74839782714844,62.416587829589844,65.63671875,30.962793350219727,125.69970703125,65.87200164794922,269.6402282714844,136.7062530517578,174.58389282226562,34.50225830078125,84.3541259765625,52.53266525268555,21086.79296875,37.97060775756836,20.520000457763672
2023-01-20,378.5340576171875,38.712100982666016,40.315555572509766,33.39613342285156,94.04039764404297,64.1053695678711,66.14681243896484,31.147260665893555,126.3318099975586,67.46915435791016,277.0194396972656,139.0831298828125,177.4610137939453,36.19811248779297,86.44087219238281,53.98689651489258,22676.552734375,38.552642822265625,19.850000381469727
2023-01-21,,,,,,,,,,,,,,,,,22777.625,,
2023-01-22,,,,,,,,,,,,,,,,,22720.416015625,,
2023-01-23,383.075927734375,38.838356018066406,40.36903381347656,33.78346633911133,95.06639862060547,65.56474304199219,66.35631561279297,31.156261444091797,126.7657699584961,68.5225830078125,283.1736755371094,140.8468780517578,179.65724182128906,37.76504898071289,86.60981750488281,54.8449821472168,22934.431640625,38.82979965209961,19.809999465942383
2023-01-24,382.6648254394531,38.86174011230469,40.21308135986328,33.802364349365234,95.69340515136719,65.53546142578125,66.62955474853516,31.313722610473633,125.9261474609375,68.44493103027344,282.5955810546875,140.51673889160156,179.2736053466797,37.17000961303711,88.25932312011719,54.194644927978516,22636.46875,38.85751724243164,19.200000762939453
2023-01-25,382.8082580566406,38.94123840332031,40.21753692626953,34.066890716552734,95.16139221191406,65.3988037109375,66.79352569580078,30.890810012817383,125.96387481689453,68.7944564819336,281.9683532714844,140.8374481201172,179.7723388671875,37.19975662231445,88.33882141113281,54.32109451293945,23117.859375,38.894466400146484,19.079999923706055
2023-01-26,387.0154113769531,39.12830352783203,41.4874153137207,34.24638366699219,95.68389129638672,66.44330596923828,66.55669403076172,30.994287490844727,126.1997299194336,70.20230865478516,287.46600341796875,141.9692840576172,180.8368682861328,37.95347595214844,88.03076934814453,54.70045852661133,23032.77734375,39.264015197753906,18.729999542236328
2023-01-27,387.9046630859375,39.002044677734375,40.64973831176758,34.24638366699219,96.0828857421875,66.72151184082031,66.36539459228516,30.994287490844727,125.34121704101562,71.79459381103516,290.3274841308594,142.23338317871094,181.81507873535156,40.055938720703125,88.82571411132812,55.0436897277832,23078.728515625,39.07924270629883,18.510000228881836
2023-01-28,,,,,,,,,,,,,,,,,23031.08984375,,
2023-01-29,,,,,,,,,,,,,,,,,23774.56640625,,
2023-01-30,383.0376892089844,38.7354736328125,39.71847915649414,34.076332092285156,95.14237976074219,65.4476089477539,66.44738006591797,30.854820251464844,124.20915222167969,70.57122802734375,284.45745849609375,140.7242431640625,179.28318786621094,38.19148635864258,86.55018615722656,54.483680725097656,22840.138671875,38.29396438598633,19.940000534057617
2023-01-31,388.6696472167969,39.58660125732422,40.07049560546875,34.539249420166016,96.75740051269531,66.3603286743164,67.16697692871094,31.084266662597656,125.8129653930664,72.18782806396484,288.7203063964844,143.11048889160156,183.63723754882812,39.59974670410156,88.33882141113281,56.109519958496094,23139.283203125,38.210819244384766,19.399999618530273
2023-02-01,392.8003234863281,39.848487854003906,39.281829833984375,34.539249420166016,97.46038055419922,67.92220306396484,67.7043685913086,31.13826560974121,126.40729522705078,73.55683135986328,294.8941955566406,144.57247924804688,186.5240020751953,41.34518814086914,89.17352294921875,56.90437316894531,23723.76953125,38.681983947753906,17.8700008392334
2023-02-02,398.51837158203125,39.722225189208984,38.386226654052734,34.633724212646484,98.22039031982422,69.77693939208984,67.12142181396484,31.20574378967285,125.54881286621094,75.80936431884766,305.47796630859375,146.1570587158203,190.1970977783203,44.04269027709961,91.38944244384766,58.42182540893555,23471.87109375,38.45101547241211,18.729999542236328
2023-02-03,394.2825012207031,39.006717681884766,38.30155944824219,34.56760025024414,97.70738983154297,69.19612121582031,66.85726928710938,30.553380966186523,125.18083190917969,73.47428894042969,300.04888916015625,144.36497497558594,188.92161560058594,42.4955940246582,89.81942749023438,58.45795822143555,23449.322265625,37.767364501953125,18.329999923706055
2023-02-04,,,,,,,,,,,,,,,,,23331.84765625,,
2023-02-05,,,,,,,,,,,,,,,,,22955.666015625,,
2023-02-06,391.87286376953125,38.57646942138672,38.12778854370117,34.55815124511719,97.46988677978516,68.35173034667969,66.93925476074219,30.81432342529297,124.48271179199219,73.36749267578125,297.5107116699219,143.3463134765625,186.1883087158203,41.89064025878906,89.13377380371094,57.897945404052734,22760.109375,37.21304702758789,19.43000030517578
2023-02-07,396.9980163574219,39.09557342529297,39.36648178100586,34.95492935180664,97.77389526367188,70.06002807617188,66.6568832397461,30.800827026367188,125.28463745117188,73.53739166259766,303.6748046875,144.68565368652344,187.5693359375,42.62451934814453,89.74984741210938,58.52117919921875,23264.291015625,37.360870361328125,18.65999984741211
2023-02-08,392.6569519042969,38.78224182128906,39.01447677612305,34.74708557128906,97.222900390625,69.21564483642578,66.14681243896484,30.283432006835938,124.91670989990234,72.9111557006836,298.275146484375,143.261474609375,184.8264617919922,41.394775390625,86.6396255493164,57.86180877685547,22939.3984375,37.31467056274414,19.6299991607666
2023-02-09,389.2529296875,38.22106170654297,38.680301666259766,34.35975646972656,96.34890747070312,68.83493041992188,65.8553237915039,29.86951446533203,123.82234954833984,72.77523040771484,295.63897705078125,141.95042419433594,182.1507568359375,40.16503143310547,85.54654693603516,57.01276779174805,21819.0390625,37.490203857421875,20.709999084472656
2023-02-10,390.1612548828125,38.36135482788086,40.19525146484375,34.47311782836914,97.03289031982422,68.51768493652344,66.4655990600586,30.463397979736328,124.99217987060547,71.92081451416016,293.69866943359375,142.38427734375,182.5151824951172,38.82619857788086,85.07952117919922,56.895347595214844,21651.18359375,37.12989807128906,20.530000686645508
2023-02-11,,,,,,,,,,,,,,,,,21870.875,,
2023-02-12,,,,,,,,,,,,,,,,,21788.203125,,
2023-02-13,394.7413635253906,38.562442779541016,40.092769622802734,34.86990737915039,97.9164047241211,69.70374298095703,67.22163391113281,30.64786148071289,126.02991485595703,72.9742660522461,298.4025573730469,143.97825622558594,184.71139526367188,39.49065399169922,85.01990509033203,57.355995178222656,21808.1015625,37.43477249145508,20.34000015258789
2023-02-14,394.55975341796875,38.65129852294922,40.10614776611328,34.68095779418945,97.65038299560547,70.00145721435547,66.61134338378906,30.517393112182617,125.28463745117188,73.84809112548828,300.6074523925781,143.70472717285156,184.6250762939453,40.482383728027344,85.33787536621094,57.13920974731445,22220.8046875,37.3701057434082,18.90999984741211
2023-02-15,395.84100341796875,38.81964874267578,39.424407958984375,34.71875,98.25838470458984,70.3284912109375,66.73885345458984,30.71534538269043,124.6619644165039,74.71219635009766,302.9104309082031,144.3838653564453,186.4951934814453,42.86253356933594,85.51673889160156,57.81665802001953,24307.841796875,37.05598831176758,18.229999542236328
2023-02-16,390.3907470703125,38.38006591796875,39.03675842285156,34.36920166015625,97.24188995361328,69.1082534790039,66.256103515625,30.481382369995117,123.41668701171875,73.08106231689453,297.2265625,142.7521209716797,184.71139526367188,41.67245864868164,84.23489379882812,56.795989990234375,23623.474609375,37.06522750854492,20.170000076293945
2023-02-17,389.4154968261719,38.019981384277344,37.64656448364258,34.3786506652832,97.87838745117188,68.2443618774414,67.11231994628906,30.809831619262695,124.52045440673828,73.09564971923828,295.12939453125,142.4503173828125,185.21966552734375,41.5137825012207,86.25208282470703,57.08502960205078,24565.6015625,36.658729553222656,20.020000457763672
2023-02-18,,,,,,,,,,,,,,,,,24641.27734375,,
2023-02-19,,,,,,,,,,,,,,,,,24327.642578125,,
2023-02-20,,,,,,,,,,,,,,,,,24829.1484375,,
2023-02-21,381.6034240722656,37.3933219909668,37.45942687988281,33.67010498046875,95.63639831542969,66.62389373779297,66.85726928710938,30.233943939208984,122.90724182128906,70.65377044677734,288.14215087890625,139.35662841796875,179.7531280517578,38.9848747253418,82.24751281738281,55.75725555419922,24436.353515625,36.19680404663086,22.8700008392334
2023-02-22,381.0775146484375,37.67390823364258,37.20991134643555,33.63230514526367,95.39889526367188,66.52627563476562,66.757080078125,30.116968154907227,122.49214935302734,71.01301574707031,288.3577880859375,139.18682861328125,180.2422637939453,39.93693161010742,83.10208129882812,55.486289978027344,24188.84375,36.02126693725586,22.290000915527344
2023-02-23,383.10467529296875,37.715999603271484,37.77132797241211,33.660648345947266,95.84539031982422,67.62936401367188,66.67509460449219,29.959497451782227,122.82232666015625,70.95475769042969,290.87628173828125,139.70558166503906,181.52737426757812,39.33197784423828,82.94309997558594,55.703060150146484,23947.4921875,36.19680404663086,21.139999389648438
2023-02-24,379.0121154785156,37.968536376953125,37.72231674194336,33.688987731933594,95.29439544677734,66.42377471923828,66.2287826538086,29.9685001373291,121.2374038696289,69.83820343017578,286.005859375,138.50779724121094,179.82984924316406,38.122066497802734,80.95573425292969,55.712093353271484,23198.126953125,35.38380432128906,21.670000076293945
2023-02-25,,,,,,,,,,,,,,,,,23175.375,,
2023-02-26,,,,,,,,,,,,,,,,,23561.212890625,,
2023-02-27,380.3030700683594,38.09479904174805,37.83371353149414,33.6795539855957,96.13988494873047,66.78008270263672,66.1559066772461,29.76603126525879,120.86946868896484,70.70232391357422,288.0539855957031,138.67750549316406,180.46282958984375,38.498924255371094,81.61155700683594,55.694034576416016,23522.87109375,35.568580627441406,20.950000762939453
2023-02-28,378.8974609375,38.267826080322266,37.29010772705078,33.74568176269531,95.92139434814453,66.63365936279297,65.6093978881836,29.244144439697266,119.97322845458984,70.65377044677734,287.68157958984375,138.2719268798828,180.472412109375,39.29230880737305,82.32699584960938,55.603702545166016,23147.353515625,35.31913375854492,20.700000762939453
2023-03-01,377.44403076171875,38.56712341308594,38.02530288696289,33.63230514526367,96.30140686035156,66.14558410644531,65.12662506103516,28.762737274169922,119.7751235961914,69.76537322998047,285.3688049316406,138.01727294921875,180.70260620117188,38.37991714477539,82.5754165649414,55.26950454711914,23646.55078125,36.076698303222656,20.579999923706055
2023-03-02,380.3796081542969,39.006717681884766,38.35948944091797,33.47171401977539,97.43189239501953,66.96068572998047,66.01929473876953,29.30712890625,120.510986328125,69.53235626220703,287.7306213378906,139.10195922851562,181.1341552734375,38.85594940185547,81.89971923828125,53.869476318359375,23475.466796875,36.2060432434082,19.59000015258789
2023-03-03,386.4800109863281,39.56321334838867,38.88081741333008,34.000762939453125,98.48639678955078,68.40054321289062,66.07392883300781,29.806528091430664,121.86004638671875,71.02757263183594,293.6789855957031,141.0543975830078,183.6564483642578,40.12535858154297,83.06233978271484,54.537872314453125,22362.6796875,36.52939224243164,18.489999771118164
2023-03-04,,,,,,,,,,,,,,,,,22353.349609375,,
2023-03-05,,,,,,,,,,,,,,,,,22435.513671875,,
2023-03-06,386.7477111816406,38.92253875732422,38.89863204956055,34.029090881347656,98.30589294433594,68.72756958007812,66.24699401855469,29.950502395629883,121.80345153808594,70.50813293457031,294.0121765136719,140.37525939941406,180.97116088867188,39.29230880737305,81.65129852294922,54.13141632080078,22429.7578125,36.40005111694336,18.610000610351562
2023-03-07,380.81939697265625,38.15558624267578,38.22135925292969,33.15050506591797,97.04238891601562,67.8733901977539,65.59117889404297,29.46009635925293,119.8411636352539,69.54692077636719,290.4059753417969,138.11158752441406,178.87081909179688,38.63776779174805,81.55193328857422,52.388153076171875,22219.76953125,35.790306091308594,19.59000015258789
2023-03-08,381.4409484863281,38.342655181884766,37.82925796508789,33.027687072753906,97.27040100097656,68.43470764160156,65.70046997070312,29.68505859375,119.19964599609375,69.42069244384766,291.8563537597656,138.40403747558594,178.9571533203125,38.58818054199219,80.71723175048828,52.117191314697266,21718.080078125,35.9381217956543,19.110000610351562
2023-03-09,374.40338134765625,37.355918884277344,37.2945671081543,31.686174392700195,95.83589172363281,67.45365142822266,65.09020233154297,29.44659996032715,117.9920883178711,67.7652816772461,286.79962158203125,135.34805297851562,173.9796905517578,36.9815788269043,78.23301696777344,47.88999938964844,20363.021484375,35.14360809326172,22.610000610351562
2023-03-10,369.0009460449219,36.56090545654297,36.81780242919922,31.109891891479492,94.0499038696289,66.26758575439453,64.77140045166016,28.983192443847656,117.12413787841797,67.09049224853516,282.77191162109375,132.4901885986328,168.9639129638672,35.722084045410156,75.1823959350586,45.785438537597656,20187.244140625,34.958831787109375,24.799999237060547
2023-03-11,,,,,,,,,,,,,,,,,20632.41015625,,
2023-03-12,,,,,,,,,,,,,,,,,22163.94921875,,
2023-03-13,368.4750061035156,36.18677520751953,36.06922912597656,29.88174057006836,93.51789855957031,66.6287841796875,65.09931182861328,29.42860221862793,118.21849822998047,67.23126983642578,284.8689880371094,130.8678741455078,166.21144104003906,36.67414474487305,77.36852264404297,40.149192810058594,24197.533203125,35.01426315307617,26.520000457763672
2023-03-14,374.5659484863281,36.64976119995117,36.42569351196289,30.486371994018555,94.50590515136719,68.16625213623047,65.6913833618164,29.81552505493164,119.27510833740234,68.37210845947266,291.415283203125,132.70712280273438,169.28997802734375,37.457611083984375,78.53114318847656,40.98921585083008,24746.07421875,35.03274154663086,23.729999542236328
2023-03-15,372.2232360839844,35.4619255065918,34.469627380371094,29.673900604248047,92.17840576171875,68.20530700683594,66.11947631835938,30.220449447631836,119.17134857177734,68.27018737792969,292.9440612792969,130.8489990234375,166.49917602539062,37.755126953125,77.55731201171875,40.32081604003906,24375.9609375,34.43223571777344,26.139999389648438
2023-03-16,378.7539978027344,35.8687858581543,34.843910217285156,30.240737915039062,93.36591339111328,70.11859893798828,66.16500091552734,30.422910690307617,120.28456115722656,69.50321197509766,300.666259765625,132.4241485595703,168.77210998535156,38.91545486450195,77.73616790771484,41.738914489746094,25052.7890625,34.958831787109375,22.989999771118164
2023-03-17,374.3253479003906,35.31227111816406,34.29584884643555,29.267669677734375,91.83639526367188,70.02098083496094,65.6822509765625,30.130462646484375,118.73737335205078,68.61483764648438,299.24530029296875,130.18878173828125,164.2166748046875,38.360084533691406,76.01709747314453,39.23691940307617,27423.9296875,34.746341705322266,25.510000228881836
2023-03-18,,,,,,,,,,,,,,,,,26965.87890625,,
2023-03-19,,,,,,,,,,,,,,,,,28038.67578125,,
2023-03-20,377.92474365234375,36.03888702392578,34.982444763183594,29.59331703186035,93.05262756347656,70.20978546142578,66.59294891357422,30.366140365600586,120.24229431152344,68.91187286376953,300.30731201171875,131.8770751953125,166.34571838378906,37.90388870239258,76.29534149169922,39.67686462402344,27767.236328125,34.87568283081055,24.149999618530273
2023-03-21,382.8870544433594,36.47568130493164,36.19355392456055,30.343355178833008,94.1305160522461,70.7772445678711,66.53800964355469,29.75428581237793,120.97156524658203,70.8157958984375,304.59637451171875,133.6402587890625,169.4146728515625,40.00635528564453,75.54012298583984,41.96311569213867,28175.81640625,35.189796447753906,21.3799991607666
2023-03-22,376.3602294921875,35.82752227783203,35.42366409301758,29.640789031982422,92.32765197753906,70.07283020019531,65.92479705810547,29.16962242126465,119.14368438720703,69.23812103271484,300.4544982910156,130.63526916503906,164.6099090576172,38.072479248046875,72.6683578491211,39.57666778564453,27307.4375,35.32837677001953,22.260000228881836
2023-03-23,377.377685546875,35.78525161743164,34.93291473388672,29.44141387939453,92.06055450439453,71.21258544921875,65.66854095458984,28.870494842529297,118.91637420654297,69.16510009765625,304.017333984375,130.19923400878906,163.8792724609375,37.487361907958984,73.25465393066406,38.47453689575195,28333.97265625,35.818023681640625,22.610000610351562
2023-03-24,379.85400390625,36.076446533203125,35.06798553466797,29.422428131103516,92.44212341308594,71.39848327636719,66.78512573242188,29.772415161132812,120.56431579589844,68.94108581542969,305.1362609863281,131.30833435058594,165.3616180419922,37.417938232421875,73.7216796875,39.640438079833984,27493.28515625,35.72563552856445,21.739999771118164
2023-03-25,,,,,,,,,,,,,,,,,27494.70703125,,
2023-03-26,,,,,,,,,,,,,,,,,27994.330078125,,
2023-03-27,380.56427001953125,36.34416961669922,35.81536102294922,29.83067512512207,93.21477508544922,70.8457260131836,67.14207458496094,29.808673858642578,121.0567855834961,69.08229064941406,303.045654296875,132.18038940429688,167.2001953125,37.447689056396484,74.47687530517578,39.9865608215332,27139.888671875,35.5316276550293,20.600000381469727
2023-03-28,379.7099914550781,36.51795959472656,36.3691291809082,29.821178436279297,93.69172668457031,70.51307678222656,67.26104736328125,29.8902530670166,120.3275375366211,68.99951171875,301.43603515625,132.44581604003906,166.9595184326172,36.88240432739258,73.98003387451172,39.95011901855469,27268.130859375,36.03974151611328,19.969999313354492
2023-03-29,385.22900390625,37.02522659301758,36.873390197753906,30.257911682128906,95.05579376220703,71.9903564453125,67.63630676269531,30.32535743713379,120.65901184082031,70.30939483642578,306.93231201171875,134.4365234375,168.85580444335938,38.27082824707031,75.83822631835938,40.37822341918945,28348.44140625,36.14136505126953,19.1200008392334
2023-03-30,387.4847106933594,37.278846740722656,37.035465240478516,30.191448211669922,95.25611877441406,72.82685089111328,67.82850646972656,30.456787109375,121.3125,70.92293548583984,309.8376159667969,135.10006713867188,168.62478637695312,38.16173553466797,74.1986312866211,39.55844497680664,28033.5625,36.501678466796875,19.020000457763672
2023-03-31,392.9461669921875,37.884742736816406,37.29209899902344,30.52374839782715,96.51527404785156,73.86874389648438,68.37764739990234,30.678871154785156,122.61004638671875,72.81712341308594,314.9903869628906,137.0906982421875,171.72433471679688,40.00635528564453,75.72891998291016,39.95011901855469,28478.484375,36.455482482910156,18.700000762939453
2023-04-01,,,,,,,,,,,,,,,,,28411.03515625,,
2023-04-02,,,,,,,,,,,,,,,,,28199.30859375,,
2023-04-03,394.4434509277344,38.12427520751953,38.98044204711914,30.58070945739746,96.68697357177734,73.75135040283203,68.73460388183594,30.47038459777832,123.98328399658203,72.1500244140625,314.224853515625,137.20448303222656,171.8013153076172,39.25263977050781,76.57356262207031,39.531124114990234,27790.220703125,36.52939224243164,18.549999237060547
2023-04-04,392.25506591796875,37.57474899291992,38.27358627319336,30.29589080810547,94.52161407470703,73.34534454345703,68.59730529785156,30.624483108520508,124.00223541259766,72.03317260742188,313.16485595703125,135.82997131347656,168.78843688964844,39.044376373291016,75.09296417236328,38.65670394897461,28168.08984375,36.52939224243164,19.0
2023-04-05,391.22808837890625,37.490203857421875,38.84987258911133,30.257911682128906,93.29109954833984,72.50886535644531,68.91763305664062,31.41762351989746,126.14265441894531,70.55772399902344,310.0731201171875,135.54559326171875,167.13278198242188,37.65595626831055,74.90416717529297,38.265037536621094,28177.984375,36.24300003051758,19.079999923706055
2023-04-06,392.7541198730469,37.40096664428711,38.26008224487305,30.37183952331543,93.26246643066406,72.9197769165039,68.9725570678711,31.639713287353516,126.45519256591797,70.57233428955078,312.1636657714844,135.640380859375,167.383056640625,38.25099182128906,76.384765625,38.82976531982422,28044.140625,36.39080810546875,18.399999618530273
2023-04-07,,,,,,,,,,,,,,,,,27925.859375,,
2023-04-08,,,,,,,,,,,,,,,,,27947.794921875,,
2023-04-09,,,,,,,,,,,,,,,,,28333.05078125,,
2023-04-10,393.1571960449219,37.57944869995117,38.56623458862305,30.438302993774414,94.11144256591797,72.88064575195312,68.9725570678711,31.576251983642578,126.36994171142578,70.88400268554688,311.9870300292969,136.46510314941406,169.1734619140625,38.21132278442383,75.6693115234375,39.0301628112793,29652.98046875,36.427764892578125,18.969999313354492
2023-04-11,393.26287841796875,37.870643615722656,38.930908203125,30.704137802124023,94.67424011230469,72.19580078125,69.17391204833984,31.603437423706055,126.79615783691406,70.99598693847656,309.9847717285156,137.3561553955078,170.51144409179688,38.4493408203125,76.39469146728516,39.13945388793945,30235.05859375,36.64949417114258,19.100000381469727
2023-04-12,391.6600036621094,37.89883041381836,38.957916259765625,30.637680053710938,94.98904418945312,71.78492736816406,68.86272430419922,31.57172393798828,126.83402252197266,69.8954849243164,307.2464599609375,136.69261169433594,169.26007080078125,37.33860397338867,75.56993865966797,38.71134948730469,30139.052734375,36.39080810546875,19.09000015258789
2023-04-13,396.8622741699219,38.28866195678711,39.201053619384766,30.913009643554688,95.34196472167969,73.12033081054688,69.24713134765625,31.576251983642578,128.48196411132812,71.43909454345703,313.2630310058594,137.7447967529297,171.50289916992188,38.83611297607422,78.92859649658203,39.303409576416016,30399.06640625,36.88969802856445,17.799999237060547
2023-04-14,395.8927917480469,38.01155471801758,39.27307891845703,31.216821670532227,95.22752380371094,72.71430969238281,68.80781555175781,31.222734451293945,127.44964599609375,71.53162384033203,312.6740417480469,137.11917114257812,169.90505981445312,38.469173431396484,77.69642639160156,38.538299560546875,30485.69921875,36.69568634033203,17.06999969482422
2023-04-15,,,,,,,,,,,,,,,,,30318.49609375,,
2023-04-16,,,,,,,,,,,,,,,,,30315.35546875,,
2023-04-17,397.3133239746094,38.2323112487793,38.80935287475586,31.577604293823242,95.9810791015625,72.9784927368164,69.24713134765625,31.394968032836914,127.34546661376953,72.03803253173828,312.9390563964844,138.0481414794922,172.09010314941406,38.64768600463867,81.3134536743164,39.68597412109375,29445.044921875,36.852745056152344,16.950000762939453
2023-04-18,397.572509765625,38.39200210571289,38.962425231933594,31.67254066467285,96.4389419555664,73.20348358154297,69.45763397216797,31.231807708740234,126.47412109375,72.1548843383789,312.9587097167969,138.0576171875,171.35853576660156,38.56834411621094,80.81660461425781,38.82976531982422,30397.552734375,36.80654525756836,16.829999923706055
2023-04-19,397.50531005859375,38.283973693847656,38.827354431152344,31.74849510192871,96.36264038085938,72.9931411743164,69.411865234375,31.472013473510742,126.8624496459961,72.08673858642578,312.8115234375,138.0955352783203,171.5799102783203,38.53859329223633,81.8301773071289,40.36001205444336,28822.6796875,36.43700408935547,16.459999084472656
2023-04-20,395.33612060546875,38.24169921875,38.485191345214844,31.65355682373047,96.19093322753906,72.5137710571289,69.57662200927734,31.462947845458984,126.34154510498047,70.97648620605469,310.4264831542969,137.3372039794922,170.69435119628906,37.080753326416016,80.11109161376953,39.60399627685547,28245.98828125,36.38157272338867,17.170000076293945
2023-04-21,395.64324951171875,37.903526306152344,38.26008224487305,31.539621353149414,95.97154235839844,72.27897644042969,70.07998657226562,31.553592681884766,127.19392395019531,71.76046752929688,310.75030517578125,137.3750762939453,170.9157257080078,37.31876754760742,81.75067138671875,39.1030158996582,27276.91015625,36.03974151611328,16.770000457763672
2023-04-22,,,,,,,,,,,,,,,,,27817.5,,
2023-04-23,,,,,,,,,,,,,,,,,27591.384765625,,
2023-04-24,396.0559387207031,38.1618537902832,38.84536361694336,31.463672637939453,96.20046997070312,71.96100616455078,70.36371612548828,31.712221145629883,127.90423583984375,71.75074005126953,310.10260009765625,137.63104248046875,170.80020141601562,36.812984466552734,80.7072982788086,38.90263748168945,27525.33984375,35.956600189208984,16.889999389648438
2023-04-25,389.7690124511719,37.335205078125,38.11600875854492,30.922502517700195,94.42623138427734,70.42503356933594,70.27218627929688,31.680500030517578,126.54043579101562,70.3288803100586,304.2528381347656,135.28964233398438,166.58413696289062,35.61299514770508,79.50494384765625,37.263099670410156,28307.59765625,35.282188415527344,18.760000228881836
2023-04-26,388.11810302734375,36.893707275390625,37.60724639892578,30.628183364868164,92.64244842529297,71.47185516357422,69.72306060791016,30.93720817565918,124.74097442626953,69.9685287475586,306.0980529785156,133.877197265625,164.97662353515625,34.92870330810547,78.8490982055664,37.49081039428711,28422.701171875,35.48542785644531,18.84000015258789
2023-04-27,395.8448181152344,37.39626693725586,37.7423210144043,31.121877670288086,94.47392272949219,72.98826599121094,70.5009994506836,31.308847427368164,125.39445495605469,71.81404113769531,314.421142578125,136.07643127441406,167.18089294433594,35.40473175048828,78.30258178710938,38.192169189453125,29473.787109375,35.96583557128906,17.030000686645508
2023-04-28,399.2234191894531,37.83307647705078,38.327606201171875,31.492151260375977,95.38965606689453,73.78072357177734,70.87625122070312,31.263534545898438,126.46464538574219,71.99907684326172,316.5902099609375,137.58363342285156,168.64404296875,35.62290954589844,79.69373321533203,38.857093811035156,29340.26171875,36.150611877441406,15.779999732971191
2023-04-29,,,,,,,,,,,,,,,,,29248.48828125,,
2023-04-30,,,,,,,,,,,,,,,,,29268.806640625,,
2023-05-01,398.82037353515625,37.814292907714844,37.89540100097656,31.40671157836914,95.90477752685547,73.82473754882812,70.93116760253906,31.317914962768555,127.11813354492188,71.28813934326172,316.2270202636719,137.4604034423828,168.74029541015625,35.444400787353516,81.55193328857422,37.764060974121094,28091.568359375,36.03050994873047,16.079999923706055
2023-05-02,394.337890625,37.44793701171875,36.24757766723633,30.69464683532715,94.90319061279297,73.135009765625,70.73897552490234,30.93720817565918,126.56884002685547,71.3611831665039,313.4691467285156,135.40338134765625,165.27503967285156,34.61134719848633,79.22671508789062,35.39583969116211,28680.537109375,35.679443359375,17.780000686645508
2023-05-03,391.63116455078125,37.03461456298828,35.563232421875,30.343355178833008,94.54069519042969,72.51866912841797,70.16236877441406,30.851093292236328,126.39838409423828,70.79632568359375,311.41778564453125,134.61663818359375,165.8814697265625,34.472503662109375,82.68474578857422,34.758243560791016,29006.30859375,35.6240119934082,18.34000015258789
2023-05-04,388.8572692871094,36.79507064819336,35.16703796386719,29.9540958404541,93.51048278808594,72.17134857177734,69.98846435546875,31.086767196655273,125.39445495605469,70.2509765625,310.3184814453125,133.3368682861328,164.02362060546875,35.444400787353516,83.44987487792969,32.86366653442383,28847.7109375,35.91040802001953,20.09000015258789
2023-05-05,396.0559387207031,37.41505432128906,36.12151336669922,30.69464683532715,94.9222640991211,73.98127746582031,70.63829803466797,31.286184310913086,126.521484375,71.6728286743164,316.9141845703125,135.58348083496094,167.9220733642578,37.080753326416016,84.84102630615234,34.93130874633789,29534.384765625,36.39080810546875,17.190000534057617
2023-05-06,,,,,,,,,,,,,,,,,28904.623046875,,
2023-05-07,,,,,,,,,,,,,,,,,28454.978515625,,
2023-05-08,396.1615905761719,37.292930603027344,36.12151336669922,30.74211311340332,94.57884979248047,73.94212341308594,70.42779541015625,31.191011428833008,126.2468490600586,71.91630554199219,317.6993103027344,135.3370361328125,167.5370635986328,37.50719451904297,84.46343231201172,34.229949951171875,27694.2734375,36.40928649902344,16.979999542236328
2023-05-09,394.4242248535156,36.954769134521484,36.135013580322266,30.628183364868164,94.78871154785156,73.37469482421875,70.2081298828125,31.150224685668945,125.40393829345703,71.89681243896484,315.68731689453125,134.83462524414062,167.03652954101562,37.93363952636719,85.3676986694336,34.08420944213867,27658.775390625,36.187564849853516,17.709999084472656
2023-05-10,396.2671813964844,36.97824478149414,35.725311279296875,30.457290649414062,94.44530487060547,74.26986694335938,70.09831237792969,31.43575096130371,125.75437927246094,72.26203155517578,319.1224365234375,134.81570434570312,167.88363647460938,38.469173431396484,86.72903442382812,33.75629806518555,27621.755859375,36.169090270996094,16.940000534057617
2023-05-11,395.5760498046875,36.61659240722656,35.297603607177734,30.409814834594727,93.87297821044922,73.9372329711914,70.3088150024414,31.11396598815918,125.36604309082031,72.59801483154297,320.162841796875,134.14260864257812,166.59378051757812,38.53859329223633,85.46707153320312,32.91831970214844,27000.7890625,36.03974151611328,16.93000030517578
2023-05-12,395.05780029296875,36.682350158691406,35.35162353515625,30.286392211914062,93.93975067138672,73.83941650390625,70.58338165283203,31.286184310913086,125.1955795288086,71.98446655273438,319.0144958496094,134.15211486816406,166.25685119628906,37.36835479736328,84.8907241821289,33.1278076171875,26804.990234375,35.614768981933594,17.030000686645508
2023-05-13,,,,,,,,,,,,,,,,,26784.078125,,
2023-05-14,,,,,,,,,,,,,,,,,26930.638671875,,
2023-05-15,396.4207458496094,36.992332458496094,35.53171920776367,30.533241271972656,94.3976058959961,74.45086669921875,70.40948486328125,30.891883850097656,124.97772216796875,72.07698059082031,320.7419738769531,134.9104766845703,168.28790283203125,38.25099182128906,86.9973373413086,34.17530059814453,27192.693359375,36.27070617675781,17.1200008392334
2023-05-16,393.7715759277344,36.38174819946289,34.65828323364258,30.2484188079834,93.11939239501953,74.52912139892578,69.81458282470703,30.207508087158203,123.93594360351562,71.78482818603516,321.1051330566406,133.005126953125,165.83331298828125,37.3088493347168,84.49324798583984,33.66522216796875,27036.650390625,36.012027740478516,17.989999771118164
2023-05-17,398.5515441894531,36.62129211425781,35.32460403442383,30.856042861938477,94.7219467163086,75.52213287353516,69.77796173095703,30.098735809326172,124.08747863769531,73.27973175048828,324.9917907714844,134.6924591064453,169.5296173095703,38.26091384887695,85.19877624511719,36.142738342285156,27398.802734375,36.17832565307617,16.8700008392334
2023-05-18,402.390869140625,36.83734893798828,35.58124542236328,31.08390235900879,95.40874481201172,77.06788635253906,69.4393310546875,30.00809669494629,123.78441619873047,74.41915893554688,331.0279846191406,135.7825927734375,170.55958557128906,38.796443939208984,84.19514465332031,36.361351013183594,26832.208984375,35.98431396484375,16.049999237060547
2023-05-19,401.8053894042969,36.9312744140625,35.85587692260742,30.95098114013672,95.17981719970703,77.03365325927734,69.4850845336914,29.9627742767334,124.36212158203125,73.79589080810547,330.2820739746094,135.42236328125,169.52001953125,38.37991714477539,84.83111572265625,35.71464538574219,26890.12890625,36.012027740478516,16.809999465942383
2023-05-20,,,,,,,,,,,,,,,,,27129.5859375,,
2023-05-21,,,,,,,,,,,,,,,,,26753.826171875,,
2023-05-22,401.9685363769531,36.73870849609375,35.707305908203125,31.007946014404297,95.16073608398438,77.1803970336914,68.43255615234375,29.971826553344727,124.4852523803711,73.56703186035156,331.3911437988281,135.6309051513672,171.5895538330078,40.24436950683594,86.91785430908203,36.853206634521484,26851.27734375,36.30766296386719,17.209999084472656
2023-05-23,397.4573669433594,36.17039108276367,36.089996337890625,30.64716911315918,94.01605224609375,76.04064178466797,67.92916870117188,29.86759376525879,123.12146759033203,72.8950424194336,327.1903076171875,134.18055725097656,170.78097534179688,39.371646881103516,86.93772888183594,37.217552185058594,27225.7265625,35.74410629272461,18.530000686645508
2023-05-24,394.577880859375,35.75706481933594,36.24757766723633,30.2484188079834,92.80459594726562,75.48299407958984,67.48986053466797,29.67270851135254,122.27853393554688,72.62725067138672,325.5119934082031,132.72073364257812,168.97132873535156,39.13363265991211,85.24844360351562,36.55262756347656,26334.818359375,35.476200103759766,20.030000686645508
2023-05-25,397.994873046875,35.63026428222656,35.60374450683594,30.238922119140625,93.1098403930664,78.37884521484375,66.97733306884766,29.273862838745117,121.02838134765625,72.30097961425781,333.4326171875,132.63543701171875,167.652587890625,38.062564849853516,83.02259063720703,36.252044677734375,26476.20703125,35.40228271484375,19.139999389648438
2023-05-26,403.1491394042969,35.80873489379883,35.464176177978516,30.48577117919922,93.80619049072266,80.60455322265625,67.20613861083984,29.273862838745117,120.78213500976562,74.00041198730469,341.9519958496094,133.74449157714844,169.55850219726562,38.776607513427734,83.77779388427734,36.69837188720703,26719.291015625,36.03050994873047,17.950000762939453
2023-05-27,,,,,,,,,,,,,,,,,26868.353515625,,
2023-05-28,,,,,,,,,,,,,,,,,28085.646484375,,
2023-05-29,,,,,,,,,,,,,,,,,27745.884765625,,
2023-05-30,403.302734375,35.61616516113281,35.09950256347656,30.476272583007812,93.66311645507812,81.03501892089844,66.43733978271484,29.16055679321289,120.03395080566406,74.49708557128906,343.502685546875,133.5075225830078,168.9328155517578,39.48073959350586,82.61517333984375,36.6254997253418,27702.349609375,35.614768981933594,17.459999084472656
2023-05-31,401.0662841796875,35.235721588134766,34.482688903808594,30.153474807739258,92.38489532470703,80.3599624633789,66.51055145263672,29.42796516418457,121.06625366210938,73.8250961303711,341.54962158203125,132.341552734375,167.26754760742188,40.155113220214844,83.3902587890625,35.49603271484375,27219.658203125,35.282188415527344,17.940000534057617
2023-06-01,404.87689208984375,35.70539855957031,34.910404205322266,30.476272583007812,93.56773376464844,81.17686462402344,66.45564270019531,29.21041488647461,121.86180877685547,74.69673156738281,345.4951171875,133.3368682861328,169.0771942138672,40.76998519897461,84.5429458618164,36.21561050415039,26819.97265625,35.91040802001953,15.649999618530273
2023-06-02,410.7318420410156,36.90310287475586,35.972930908203125,31.140865325927734,96.28633880615234,81.6415786743164,67.37088012695312,29.514074325561523,123.42451477050781,76.44972229003906,348.0863342285156,136.24703979492188,175.2088165283203,41.27576446533203,85.88441467285156,38.447208404541016,27249.58984375,36.52939224243164,14.600000381469727
2023-06-03,,,,,,,,,,,,,,,,,27075.12890625,,
2023-06-04,,,,,,,,,,,,,,,,,27119.06640625,,
2023-06-05,409.94482421875,36.87491989135742,35.73432159423828,30.979463577270508,95.61859893798828,81.1719741821289,67.1237564086914,29.65457534790039,123.86962890625,76.6785888671875,348.33172607421875,135.7825927734375,172.8601531982422,41.712127685546875,86.16263580322266,37.454376220703125,25760.09765625,36.5201530456543,14.729999542236328
2023-06-06,410.8373718261719,37.10976028442383,36.022464752197266,31.36871910095215,96.21955871582031,81.15242004394531,66.78512573242188,29.631912231445312,122.83731079101562,77.47716522216797,348.27276611328125,136.70204162597656,177.4131622314453,42.32699966430664,87.5637435913086,39.312522888183594,27238.783203125,36.843509674072266,13.960000038146973
2023-06-07,409.4168395996094,37.55126190185547,36.97693634033203,31.492151260375977,97.7648696899414,79.93928527832031,66.56546783447266,30.134994506835938,122.35430908203125,76.95126342773438,342.3642272949219,137.7068634033203,180.73265075683594,41.90055465698242,87.65315246582031,40.615047454833984,26345.998046875,36.685218811035156,13.9399995803833
2023-06-08,411.8932189941406,37.41505432128906,36.819358825683594,31.463672637939453,97.93656158447266,80.80510711669922,67.02310180664062,30.266427993774414,123.14038848876953,78.09071350097656,346.6141357421875,137.76377868652344,180.05694580078125,42.32699966430664,87.5637435913086,40.13228988647461,26508.216796875,36.9459228515625,13.649999618530273
2023-06-09,412.63226318359375,37.10505676269531,36.61676025390625,31.473163604736328,97.67901611328125,81.20621490478516,66.91325378417969,30.089672088623047,123.51924133300781,78.49486541748047,347.9390563964844,137.60263061523438,178.5994415283203,42.15840530395508,87.10664367675781,39.58577346801758,26480.375,37.113525390625,13.829999923706055
2023-06-10,,,,,,,,,,,,,,,,,25851.240234375,,
2023-06-11,,,,,,,,,,,,,,,,,25940.16796875,,
2023-06-12,416.3756103515625,37.27415084838867,36.26558303833008,31.463672637939453,98.3753662109375,82.97209930419922,66.89496612548828,30.0352840423584,123.96434020996094,79.84368896484375,353.8182373046875,138.51263427734375,179.34266662597656,42.922035217285156,88.0506591796875,39.29430389404297,25902.5,37.188011169433594,15.010000228881836
2023-06-13,419.120849609375,38.13836669921875,36.43666458129883,31.65355682373047,99.52005004882812,83.4759292602539,67.16952514648438,30.03075408935547,124.58943939208984,80.67147827148438,356.5369873046875,139.84921264648438,181.3986358642578,43.923683166503906,89.66043090820312,40.20515823364258,25918.728515625,37.56045150756836,14.609999656677246
2023-06-14,419.6199035644531,37.97867965698242,36.06298065185547,31.53013038635254,99.25293731689453,84.33686828613281,67.58138275146484,30.012624740600586,123.31085205078125,80.6130599975586,359.12811279296875,139.58380126953125,179.44888305664062,43.705501556396484,88.3288803100586,39.0301628112793,25124.67578125,37.83978271484375,13.880000114440918
2023-06-15,424.82220458984375,38.30276107788086,36.45917892456055,31.947872161865234,100.75056457519531,85.42281341552734,68.2586669921875,30.33894920349121,125.2239990234375,81.13896179199219,363.4074401855469,141.19529724121094,180.92568969726562,44.17161560058594,88.62699127197266,39.77705383300781,25576.39453125,38.19359588623047,14.5
2023-06-16,423.3751220703125,38.39669418334961,36.4051513671875,31.88142204284668,100.58839416503906,84.71843719482422,68.34103393554688,30.50210952758789,125.2145004272461,81.0172348022461,361.1205749511719,141.08154296875,179.47781372070312,43.943519592285156,87.11658477783203,39.23054122924805,26327.462890625,38.0632438659668,13.539999961853027
2023-06-17,,,,,,,,,,,,,,,,,26510.67578125,,
2023-06-18,,,,,,,,,,,,,,,,,26336.212890625,,
2023-06-19,,,,,,,,,,,,,,,,,26851.029296875,,
2023-06-20,421.1785583496094,37.87703323364258,35.5903434753418,31.642993927001953,99.84137725830078,84.14588928222656,67.82117462158203,30.144384384155273,125.07376098632812,81.62419128417969,360.60357666015625,139.7981719970703,178.6959686279297,43.89392852783203,87.0897445678711,38.723976135253906,28327.48828125,37.31836700439453,13.880000114440918
2023-06-21,419.02056884765625,37.99974822998047,35.87192916870117,31.6048526763916,100.39685821533203,82.90080261230469,68.06082153320312,30.386526107788086,125.09278106689453,80.64346313476562,355.68939208984375,139.5982666015625,178.28091430664062,42.30716323852539,86.61277770996094,38.12637710571289,30027.296875,37.141456604003906,13.199999809265137
2023-06-22,420.53314208984375,37.91007614135742,35.39048767089844,31.356891632080078,99.66900634765625,83.57726287841797,68.45718383789062,30.153518676757812,125.94867706298828,81.67298126220703,359.8861083984375,139.0270233154297,176.95852661132812,42.317081451416016,86.04634094238281,36.922000885009766,29912.28125,37.0111083984375,12.90999984741211
2023-06-23,417.3539123535156,37.603275299072266,35.13615036010742,31.22337532043457,98.91241455078125,82.67041778564453,68.00552368164062,29.710350036621094,125.53022766113281,80.72642517089844,356.31842041015625,137.8274688720703,174.29446411132812,41.791465759277344,84.58557891845703,36.388763427734375,30695.46875,36.471065521240234,13.4399995803833
2023-06-24,,,,,,,,,,,,,,,,,30548.6953125,,
2023-06-25,,,,,,,,,,,,,,,,,30480.26171875,,
2023-06-26,415.648681640625,37.995025634765625,35.7674674987793,31.156618118286133,99.73602294921875,82.0772933959961,68.09769439697266,30.002748489379883,124.8170166015625,79.69203186035156,351.54180908203125,138.6652374267578,174.46820068359375,41.55345153808594,82.64781951904297,36.848453521728516,30271.130859375,36.592105865478516,14.25
2023-06-27,420.2055358886719,38.53310012817383,35.84922790527344,31.404577255249023,100.93317413330078,83.69493103027344,68.30048370361328,30.011884689331055,124.5317153930664,81.40462493896484,357.5863037109375,140.3599090576172,176.9874725341797,42.96170425415039,82.39939880371094,37.47362518310547,30688.1640625,36.96455001831055,13.739999771118164
2023-06-28,420.4175109863281,38.26878356933594,36.21257400512695,31.328277587890625,100.93317413330078,83.74393463134766,67.8396224975586,29.568721771240234,124.13228607177734,81.72666931152344,358.2840881347656,140.12188720703125,177.85621643066406,43.81459426879883,83.4527359008789,37.271358489990234,30086.24609375,36.741085052490234,13.430000305175781
2023-06-29,422.0745544433594,38.750213623046875,36.63043212890625,31.87187957763672,101.91004943847656,83.8909912109375,67.77510070800781,29.568721771240234,124.94062805175781,81.81448364257812,357.566650390625,141.21673583984375,179.90255737304688,43.427818298339844,82.10127258300781,37.970088958740234,30445.3515625,36.54555130004883,13.539999961853027
2023-06-30,427.05535888671875,39.113651275634766,36.866607666015625,32.1484375,102.78156280517578,85.22428894042969,68.36500549316406,29.89767074584961,126.22445678710938,82.85375213623047,363.0803527832031,142.46392822265625,180.7615966796875,43.774925231933594,82.67762756347656,37.5379753112793,30477.251953125,36.834197998046875,13.59000015258789
2023-07-01,,,,,,,,,,,,,,,,,30590.078125,,
2023-07-02,,,,,,,,,,,,,,,,,30620.76953125,,
2023-07-03,427.5466613769531,39.25996017456055,36.952903747558594,32.32964324951172,102.80070495605469,85.04293823242188,68.89961242675781,30.121536254882812,125.18790435791016,83.85399627685547,363.9354248046875,142.81617736816406,181.12838745117188,44.74681854248047,82.41925811767578,38.40218734741211,31156.439453125,37.243873596191406,13.569999694824219
2023-07-04,,,,,,,,,,,,,,,,,30777.58203125,,
2023-07-05,426.91082763671875,38.292388916015625,36.74852752685547,32.26288604736328,102.24524688720703,84.51842498779297,68.77979278564453,30.464183807373047,125.1213150024414,83.88814544677734,363.9255676269531,142.2068634033203,179.32337951660156,44.58814239501953,82.48882293701172,37.89653396606445,30514.166015625,37.02041244506836,14.180000305175781
2023-07-06,423.56787109375,38.013912200927734,35.92189407348633,31.98631477355957,101.47908020019531,84.29295349121094,68.60465240478516,30.09412384033203,124.12279510498047,82.53660583496094,361.1539611816406,141.04537963867188,176.4276123046875,42.88236999511719,81.20692443847656,37.31733322143555,29909.337890625,36.2662239074707,15.4399995803833
2023-07-07,422.4984130859375,38.344303131103516,36.69401550292969,32.03401184082031,101.70892333984375,83.92530822753906,67.7105712890625,29.87482452392578,122.67729187011719,82.63907623291016,359.95489501953125,141.39764404296875,178.29058837890625,43.368316650390625,81.26654815673828,38.12637710571289,30342.265625,36.6759033203125,14.829999923706055
2023-07-08,,,,,,,,,,,,,,,,,30292.541015625,,
2023-07-09,,,,,,,,,,,,,,,,,30171.234375,,
2023-07-10,423.56787109375,38.334861755371094,36.980159759521484,32.177059173583984,103.15504455566406,84.14588928222656,67.692138671875,29.746898651123047,123.64730072021484,82.89278411865234,360.0729064941406,142.6638641357422,181.3407440185547,44.9947509765625,83.70116424560547,38.42976379394531,30414.470703125,36.70383834838867,15.069999694824219
2023-07-11,426.26531982421875,38.71245574951172,37.793155670166016,32.55852508544922,104.37135314941406,84.32725524902344,67.79354095458984,30.116962432861328,123.67581176757812,83.58563995361328,361.8517761230469,144.2727813720703,183.2036895751953,46.66085433959961,83.30367279052734,38.94462585449219,30620.951171875,37.07627868652344,14.84000015258789
2023-07-12,429.6950378417969,39.22220230102539,38.142887115478516,32.768341064453125,104.18939971923828,85.28312683105469,67.95023345947266,30.555564880371094,123.34295654296875,84.3370361328125,366.4219665527344,144.939208984375,185.2017059326172,47.08729934692383,84.2477035522461,39.7260856628418,30391.646484375,37.90495681762695,13.539999961853027
2023-07-13,433.10552978515625,39.52899169921875,37.99753952026367,32.88277053833008,104.32347106933594,86.39586639404297,68.23595428466797,30.6606388092041,123.3905029296875,85.1274642944336,372.6433410644531,145.62469482421875,186.6978759765625,49.21951675415039,84.14834594726562,40.40642166137695,31476.048828125,38.398433685302734,13.609999656677246
2023-07-14,432.8357238769531,39.2977180480957,36.993778228759766,32.66343688964844,104.01700592041016,86.26842498779297,68.46639251708984,30.541858673095703,125.24495697021484,85.34703063964844,372.56475830078125,144.76785278320312,184.87353515625,48.16828536987305,83.88998413085938,39.65253829956055,30334.068359375,38.18428421020508,13.34000015258789
2023-07-15,,,,,,,,,,,,,,,,,30295.806640625,,
2023-07-16,,,,,,,,,,,,,,,,,30249.1328125,,
2023-07-17,434.338623046875,39.33546829223633,36.921119689941406,32.978145599365234,104.40966796875,87.37134552001953,68.26361083984375,30.1900691986084,124.67437744140625,85.69346618652344,376.0439758300781,145.04397583007812,186.852294921875,49.26910400390625,85.22156524658203,40.34206008911133,30145.888671875,38.23084259033203,13.479999542236328
2023-07-18,437.56610107421875,39.64227294921875,37.293548583984375,33.350074768066406,104.99388122558594,88.36151885986328,68.18988037109375,29.957063674926758,125.59680938720703,86.04475402832031,379.12030029296875,145.93887329101562,189.15924072265625,49.44761657714844,85.04269409179688,42.042903900146484,29856.5625,37.951507568359375,13.300000190734863
2023-07-19,438.5390625,39.42987823486328,37.511558532714844,33.49312210083008,104.94599151611328,88.14093017578125,68.88118743896484,30.263168334960938,126.17691040039062,86.34724426269531,379.0318298339844,146.6624298095703,189.96038818359375,50.231082916259766,85.22156524658203,43.348419189453125,29913.923828125,37.877017974853516,13.760000228881836
2023-07-20,435.62957763671875,39.52427291870117,37.95212173461914,33.74108123779297,105.41526794433594,86.38114929199219,69.47107696533203,30.81597900390625,128.2690887451172,83.40510559082031,370.2943420410156,146.5101318359375,188.30015563964844,47.36498260498047,83.800537109375,43.18292999267578,29792.015625,37.597694396972656,13.989999771118164
2023-07-21,435.62957763671875,39.52899169921875,38.28822708129883,33.62664031982422,104.91725158691406,86.33705139160156,69.71073913574219,31.277420043945312,129.5624542236328,83.42462921142578,369.18377685546875,146.7195587158203,187.70172119140625,47.53357696533203,84.4365005493164,42.640506744384766,29908.744140625,37.54182815551758,13.600000381469727
2023-07-22,,,,,,,,,,,,,,,,,29771.802734375,,
2023-07-23,,,,,,,,,,,,,,,,,30084.5390625,,
2023-07-24,437.5757141113281,39.65171813964844,38.90592575073242,33.950889587402344,105.15667724609375,86.489013671875,69.97802734375,31.19518280029297,129.27711486816406,83.9710922241211,369.77349853515625,147.1289520263672,188.16502380371094,47.017879486083984,82.89624786376953,43.716163635253906,29176.916015625,38.05392837524414,13.90999984741211
2023-07-25,438.770263671875,40.364410400390625,39.11030960083008,33.731544494628906,105.0226058959961,87.47917175292969,69.95960235595703,31.25000762939453,129.22006225585938,83.77591705322266,372.2797546386719,147.23367309570312,188.1457061767578,46.87903594970703,82.63789367675781,42.888729095458984,29227.390625,38.370506286621094,13.859999656677246
2023-07-26,438.8377380371094,40.227542877197266,39.12392807006836,33.931819915771484,105.76004028320312,86.30271911621094,70.04254913330078,31.25000762939453,129.13446044921875,83.75640106201172,371.041259765625,147.56687927246094,189.63221740722656,47.880680084228516,82.52857971191406,44.9205436706543,29354.97265625,38.59396743774414,13.1899995803833
2023-07-27,435.92822265625,39.96793746948242,38.87412643432617,33.50267028808594,104.8502197265625,86.05272674560547,69.42498779296875,30.697195053100586,128.18348693847656,82.8879165649414,370.15679931640625,146.27210998535156,187.18048095703125,46.48234558105469,81.25660705566406,44.15746307373047,29210.689453125,38.11910629272461,14.40999984741211
2023-07-28,440.1960754394531,40.24641418457031,38.992218017578125,33.569419860839844,105.50146484375,87.2242660522461,70.1439437866211,30.628658294677734,128.56387329101562,84.29312133789062,376.8990478515625,146.99563598632812,189.60321044921875,49.03108596801758,83.2837905883789,44.791831970214844,29319.24609375,39.0408935546875,13.329999923706055
2023-07-29,,,,,,,,,,,,,,,,,29356.91796875,,
2023-07-30,,,,,,,,,,,,,,,,,29275.30859375,,
2023-07-31,441.0343017578125,40.45881271362305,39.73255157470703,33.693397521972656,105.75045776367188,87.42525482177734,69.82134246826172,30.642366409301758,127.57483673095703,84.77128601074219,377.09564208984375,147.45263671875,191.8040313720703,50.032737731933594,83.76078796386719,44.764251708984375,29230.111328125,39.05951690673828,13.630000114440918
2023-08-01,439.7721862792969,40.279457092285156,39.54634094238281,33.693397521972656,106.06651306152344,87.57229614257812,69.44343566894531,30.267732620239258,126.9091567993164,83.8100814819336,376.2209167480469,146.85284423828125,190.92562866210938,49.04100799560547,82.77700805664062,44.286170959472656,29675.732421875,38.56603240966797,13.930000305175781
2023-08-02,433.6546630859375,39.779144287109375,39.028560638427734,33.40729522705078,104.95555877685547,85.40567779541016,69.69230651855469,30.267732620239258,126.99475860595703,82.30728912353516,367.9650573730469,145.45333862304688,188.3291473388672,46.3038330078125,81.5447769165039,44.08390426635742,29151.958984375,37.64425277709961,16.09000015258789
2023-08-03,432.411865234375,39.53371047973633,39.423702239990234,33.42637252807617,104.29474639892578,85.05764770507812,69.49874877929688,29.577857971191406,126.35758209228516,82.50244903564453,367.3753356933594,144.72979736328125,187.79820251464844,45.80796813964844,80.7597427368164,44.470054626464844,29178.6796875,37.79322814941406,15.920000076293945
2023-08-04,430.4561767578125,39.44403076171875,39.47820281982422,33.2928581237793,103.66264343261719,83.90080261230469,68.80743408203125,29.235206604003906,125.91062927246094,83.70274353027344,365.65545654296875,144.0823974609375,187.4217987060547,45.004669189453125,80.71004486083984,44.64473342895508,29074.091796875,37.746665954589844,17.100000381469727
2023-08-05,,,,,,,,,,,,,,,,,29042.126953125,,
2023-08-06,,,,,,,,,,,,,,,,,29041.85546875,,
2023-08-07,434.21331787109375,39.703636169433594,39.523616790771484,33.760162353515625,104.93640899658203,84.13607788085938,69.36970520019531,29.23063850402832,127.36565399169922,84.56146240234375,368.75128173828125,145.30101013183594,187.54727172851562,44.776573181152344,78.19593811035156,45.086029052734375,29180.578125,37.69080352783203,15.770000457763672
2023-08-08,432.32513427734375,39.283565521240234,39.71892547607422,33.45498275756836,104.4575424194336,83.48904418945312,68.8719482421875,29.367698669433594,128.34515380859375,83.88814544677734,365.6160888671875,144.5774383544922,186.3696746826172,44.53855514526367,78.8319320678711,44.50682067871094,29765.4921875,37.23456573486328,15.989999771118164
2023-08-09,429.4349365234375,39.123085021972656,40.218528747558594,33.207027435302734,104.40008544921875,82.41060638427734,68.97334289550781,29.431657791137695,128.30712890625,82.89278411865234,361.59625244140625,144.15853881835938,184.91217041015625,42.93195724487305,78.76236724853516,43.863258361816406,29561.494140625,37.32767868041992,15.960000038146973
2023-08-10,429.5890808105469,39.151397705078125,40.2139892578125,33.23563766479492,104.11278533935547,82.42041778564453,68.8350830078125,29.340290069580078,128.2215576171875,83.09284973144531,362.26458740234375,143.98716735839844,184.09170532226562,42.62451934814453,79.4380874633789,43.826480865478516,29429.591796875,37.383541107177734,15.850000381469727
2023-08-11,429.33856201171875,39.0428466796875,40.831687927246094,33.302391052246094,104.28516387939453,81.81259155273438,68.9457015991211,29.50018882751465,129.02032470703125,82.80984497070312,359.95489501953125,144.01576232910156,184.35231018066406,42.396419525146484,79.3685531616211,43.936824798583984,29397.71484375,36.834197998046875,14.84000015258789
2023-08-12,,,,,,,,,,,,,,,,,29415.96484375,,
2023-08-13,,,,,,,,,,,,,,,,,29282.9140625,,
2023-08-14,431.70849609375,39.127803802490234,40.659095764160156,33.23563766479492,104.32347106933594,83.11648559570312,68.60465240478516,29.267183303833008,129.41024780273438,83.06356048583984,363.9944152832031,143.98716735839844,184.03378295898438,42.56501388549805,79.52751922607422,43.0817985534668,29408.443359375,36.657283782958984,14.819999694824219
2023-08-15,426.67962646484375,38.49062728881836,39.814308166503906,32.625282287597656,102.99225616455078,82.29786682128906,67.86727905273438,28.792037963867188,128.9347686767578,81.93157958984375,360.1318054199219,142.09262084960938,181.6013641357422,41.82121658325195,79.31885528564453,41.64757537841797,29170.34765625,36.2382926940918,16.459999084472656
2023-08-16,423.548583984375,38.23102569580078,39.46912384033203,32.577598571777344,102.41763305664062,81.51356506347656,67.7105712890625,28.919960021972656,127.95525360107422,80.91670227050781,356.31842041015625,141.0548858642578,179.3813018798828,40.89891052246094,77.58978271484375,41.17869186401367,28701.779296875,35.91240692138672,16.780000686645508
2023-08-17,420.3211975097656,38.1555061340332,39.94147491455078,32.41547393798828,101.5556869506836,80.73907470703125,67.05614471435547,28.856000900268555,126.93767547607422,79.54566192626953,352.4263610839844,139.96957397460938,177.26739501953125,39.90718078613281,76.46685791015625,41.17869186401367,26664.55078125,35.99620819091797,17.889999389648438
2023-08-18,420.52349853515625,38.15079116821289,40.33662033081055,32.40592956542969,101.74723815917969,80.86164093017578,67.30500793457031,29.00676918029785,126.98522186279297,79.3651351928711,351.984130859375,140.21710205078125,178.23265075683594,40.046024322509766,77.04322814941406,41.14192199707031,26049.556640625,35.754127502441406,17.299999237060547
2023-08-19,,,,,,,,,,,,,,,,,26096.205078125,,
2023-08-20,,,,,,,,,,,,,,,,,26189.583984375,,
2023-08-21,423.2595520019531,38.1555061340332,40.082279205322266,32.3677864074707,101.62274169921875,82.40570831298828,66.85334777832031,28.824020385742188,127.11837768554688,80.27754211425781,357.65509033203125,140.1885528564453,177.97201538085938,40.760066986083984,77.8978271484375,40.866111755371094,26124.140625,35.837921142578125,17.1299991607666
2023-08-22,422.1130676269531,38.122467041015625,39.7734260559082,32.06260681152344,101.38331604003906,82.31256866455078,66.47545623779297,28.9062557220459,126.67142486572266,80.39463806152344,357.1440124511719,139.63632202148438,177.44114685058594,40.67081069946289,77.87796783447266,39.69850540161133,26031.65625,35.763427734375,16.969999313354492
2023-08-23,426.8144836425781,38.183834075927734,39.67350387573242,32.37732696533203,102.42719268798828,83.7978515625,66.91786193847656,29.020475387573242,127.05181121826172,81.0386962890625,362.775634765625,140.79782104492188,179.33302307128906,41.612953186035156,78.36487579345703,40.21335220336914,26431.640625,36.33140563964844,15.979999542236328
2023-08-24,420.8992614746094,38.023353576660156,39.40098190307617,32.26288604736328,101.18220520019531,81.86650848388672,66.38327026367188,28.85143280029297,125.94867706298828,79.45295715332031,355.02105712890625,139.4459228515625,176.85231018066406,40.13528060913086,77.3313980102539,40.3972282409668,26162.373046875,36.19173812866211,17.200000762939453
2023-08-25,423.8664855957031,38.136634826660156,39.782508850097656,32.41547393798828,102.03453826904297,82.69982147216797,66.75196838378906,29.07073211669922,126.87114715576172,80.34098052978516,357.77294921875,140.1504669189453,177.60523986816406,40.63114547729492,78.19593811035156,40.112220764160156,26047.66796875,36.22897720336914,15.680000305175781
2023-08-26,,,,,,,,,,,,,,,,,26008.462890625,,
2023-08-27,,,,,,,,,,,,,,,,,26089.693359375,,
2023-08-28,426.55438232421875,38.41510009765625,40.050479888916016,32.59667205810547,102.86776733398438,83.37628173828125,67.05614471435547,29.066162109375,127.16593170166016,80.66299438476562,360.46600341796875,141.19769287109375,179.188232421875,40.740234375,78.43444061279297,40.69142532348633,26106.150390625,36.582801818847656,15.079999923706055
2023-08-29,432.7201232910156,39.05228042602539,40.159488677978516,32.892311096191406,103.653076171875,85.04784393310547,67.29579162597656,29.175809860229492,128.30712890625,82.67811584472656,368.3385009765625,142.78759765625,181.68821716308594,42.95178985595703,78.79218292236328,41.07756042480469,27727.392578125,37.04834747314453,14.449999809265137
2023-08-30,434.50238037109375,39.1419563293457,40.35932922363281,32.911376953125,104.12235260009766,85.68997192382812,67.4063949584961,29.04332160949707,128.21202087402344,83.03428649902344,370.3926086425781,143.23507690429688,182.37353515625,43.24930953979492,79.17972564697266,40.774166107177734,27297.265625,36.927303314208984,13.880000114440918
2023-08-31,433.86651611328125,39.123085021972656,40.3865852355957,32.78740692138672,103.653076171875,86.10664367675781,67.06535339355469,28.76462745666504,126.68096160888672,83.29289245605469,371.5032043457031,142.73046875,182.05499267578125,43.38814926147461,78.70274353027344,40.96723937988281,25931.47265625,36.471065521240234,13.569999694824219
2023-09-01,434.67578125,39.562034606933594,41.21320724487305,33.08304214477539,104.198974609375,86.37135314941406,66.49388122558594,28.618427276611328,127.0232925415039,82.78545379638672,371.110107421875,143.32078552246094,184.21719360351562,43.25922393798828,80.62062072753906,41.941768646240234,25800.724609375,36.89937210083008,13.09000015258789
2023-09-02,,,,,,,,,,,,,,,,,25868.798828125,,
2023-09-03,,,,,,,,,,,,,,,,,25969.56640625,,
2023-09-04,,,,,,,,,,,,,,,,,25812.416015625,,
2023-09-05,432.797119140625,38.830448150634766,41.431217193603516,32.7492561340332,102.44636535644531,86.68016052246094,65.92241668701172,28.17983055114746,125.71092987060547,82.843994140625,371.5818786621094,141.54995727539062,180.33688354492188,43.64599609375,79.14991760253906,40.99482345581055,25779.982421875,36.60142135620117,14.010000228881836
2023-09-06,429.8877258300781,38.7454948425293,41.44938659667969,32.73017883300781,102.00579833984375,85.76349639892578,65.84867095947266,28.243793487548828,125.02623748779297,82.10723114013672,368.3090515136719,141.06442260742188,179.66119384765625,43.8046760559082,79.38839721679688,40.04787063598633,25753.236328125,36.39657974243164,14.449999809265137
2023-09-07,428.56787109375,38.570858001708984,41.40850830078125,32.644351959228516,101.67062377929688,84.52333068847656,66.00535583496094,28.613859176635742,125.58729553222656,82.33655548095703,365.6750793457031,140.502685546875,177.92376708984375,43.64599609375,78.26551055908203,39.505435943603516,26240.1953125,35.9682731628418,14.399999618530273
2023-09-08,429.2133483886719,38.608619689941406,41.808197021484375,32.711116790771484,101.16301727294922,84.6998062133789,66.08831024169922,28.865137100219727,125.58729553222656,82.33655548095703,366.18609619140625,140.56932067871094,177.5280303955078,43.68000030517578,78.15620422363281,39.86398696899414,25905.654296875,36.04275894165039,13.84000015258789
2023-09-09,,,,,,,,,,,,,,,,,25895.677734375,,
2023-09-10,,,,,,,,,,,,,,,,,25832.2265625,,
2023-09-11,432.0361022949219,38.77382278442383,41.258628845214844,32.86369705200195,101.19176483154297,85.14096069335938,66.6597900390625,28.983922958374023,126.45270538330078,84.55171203613281,370.50079345703125,140.79782104492188,177.95272827148438,44.599998474121094,78.33507537841797,39.790443420410156,25162.654296875,36.489688873291016,13.800000190734863
2023-09-12,429.6661682128906,38.68413543701172,42.230594635009766,33.08304214477539,100.82783508300781,83.59686279296875,66.08831024169922,29.020475387573242,126.291015625,83.78568267822266,366.3924560546875,140.61695861816406,177.77899169921875,44.0099983215332,78.63317108154297,40.12141418457031,25833.34375,36.377960205078125,14.229999542236328
2023-09-13,430.1671447753906,38.457584381103516,41.91265869140625,33.08304214477539,100.15742492675781,83.80765533447266,66.29110717773438,29.367698669433594,126.31006622314453,84.44925689697266,367.7880554199219,140.0552215576172,176.61105346679688,43.43000030517578,77.79844665527344,39.6341552734375,26228.32421875,36.33140563964844,13.479999542236328
2023-09-14,433.8760986328125,39.0003662109375,42.40319061279297,33.38822937011719,101.14386749267578,84.41548919677734,66.9639663696289,29.797155380249023,126.70946502685547,85.2787094116211,370.79559326171875,141.6927490234375,179.1013641357422,43.61000061035156,77.71895599365234,40.41561508178711,26539.673828125,36.573486328125,12.819999694824219
2023-09-15,428.64874267578125,38.566139221191406,41.79002380371094,33.2165641784668,100.55966186523438,82.79295349121094,66.41092681884766,29.669231414794922,125.71092987060547,83.81983184814453,364.4464416503906,140.502685546875,177.22877502441406,43.060001373291016,76.6258544921875,40.18577194213867,26608.693359375,36.43382263183594,13.789999961853027
2023-09-16,,,,,,,,,,,,,,,,,26568.28125,,
2023-09-17,,,,,,,,,,,,,,,,,26534.1875,,
2023-09-18,428.9001159667969,38.40584182739258,42.1441650390625,33.30756759643555,100.67121887207031,83.19086456298828,66.3877182006836,29.647123336791992,125.51994323730469,82.90823364257812,364.826416015625,140.1661376953125,176.05120849609375,42.0099983215332,75.47313690185547,39.42072296142578,26754.28125,36.38727569580078,14.0
2023-09-19,428.0106201171875,38.37263488769531,41.75068283081055,33.269248962402344,100.24810028076172,83.14665222167969,66.22998046875,29.48592185974121,125.62496948242188,82.49278259277344,364.048828125,139.9366455078125,175.36587524414062,41.5099983215332,75.51289367675781,39.32799530029297,27211.1171875,36.17311096191406,14.109999656677246
2023-09-20,424.0757751464844,37.96951675415039,41.36176681518555,33.03934097290039,99.85385131835938,81.83997344970703,66.29492950439453,29.51355743408203,125.63453674316406,81.67161560058594,358.802734375,139.2959747314453,173.60911560058594,40.779998779296875,73.87325286865234,38.98487854003906,27132.0078125,36.02413558959961,15.140000343322754
2023-09-21,417.0664978027344,37.20595169067383,40.79441833496094,32.493316650390625,98.21910858154297,80.59221649169922,65.4411849975586,29.20496940612793,124.5363998413086,79.4427490234375,352.22784423828125,136.98204040527344,170.9160919189453,39.540000915527344,73.2372817993164,38.419212341308594,26567.6328125,35.40030288696289,17.540000915527344
2023-09-22,416.12872314453125,37.16801834106445,40.863040924072266,32.2442512512207,97.88253021240234,80.76417541503906,65.08854675292969,29.149703979492188,124.27859497070312,78.66067504882812,352.2770690917969,136.43701171875,170.52999877929688,38.81999969482422,72.50191497802734,38.168827056884766,26579.568359375,35.81930160522461,17.200000762939453
2023-09-23,,,,,,,,,,,,,,,,,26579.390625,,
2023-09-24,,,,,,,,,,,,,,,,,26256.826171875,,
2023-09-25,417.878662109375,37.46205520629883,41.375492095947266,32.320884704589844,98.37296295166016,81.0245132446289,64.85655975341797,29.108253479003906,124.9565658569336,79.14456939697266,353.9502868652344,136.78125,171.2925262451172,38.79999923706055,71.42870330810547,38.7159538269043,26298.48046875,35.6610107421875,16.899999618530273
2023-09-26,411.7394104003906,36.9213981628418,41.13758087158203,31.889816284179688,96.87285614013672,79.5655517578125,64.37401580810547,28.237768173217773,123.8966293334961,77.7026596069336,348.6352844238281,134.8593292236328,169.09014892578125,38.43000030517578,72.75033569335938,38.113189697265625,26217.25,35.15821838378906,18.940000534057617
2023-09-27,411.90380859375,36.91664505004883,42.1624641418457,31.841922760009766,97.59404754638672,79.6883544921875,63.845054626464844,27.694292068481445,123.27597045898438,77.40448760986328,349.4522705078125,134.90711975097656,170.67088317871094,38.68000030517578,73.52545166015625,37.9091796875,26352.716796875,35.21408462524414,18.219999313354492
2023-09-28,414.2917785644531,37.31503677368164,42.20821762084961,32.07181930541992,98.00756072998047,80.25326538085938,64.03993225097656,27.095548629760742,123.86800384521484,78.2696533203125,352.3755187988281,135.84422302246094,172.21282958984375,39.119998931884766,73.30682373046875,38.28938674926758,27021.546875,35.30719757080078,17.34000015258789
2023-09-29,413.2863464355469,37.253379821777344,41.35719299316406,31.77486228942871,97.48828125,80.52835845947266,63.854339599609375,27.141605377197266,122.93220520019531,78.68511199951172,352.63134765625,135.4808807373047,171.3982391357422,39.66999816894531,72.56153869628906,38.734500885009766,26911.720703125,35.33512878417969,17.520000457763672
2023-09-30,,,,,,,,,,,,,,,,,26967.916015625,,
2023-10-01,,,,,,,,,,,,,,,,,27983.75,,
2023-10-02,413.1219482421875,36.7601432800293,40.53361511230469,31.506641387939453,96.5362777709961,81.3929443359375,63.41818618774414,25.879629135131836,122.76032257080078,78.7486572265625,355.5743713378906,133.95098876953125,168.80894470214844,39.040000915527344,70.20643615722656,37.770084381103516,27530.78515625,35.15821838378906,17.610000610351562
2023-10-03,407.5919189453125,36.66054916381836,40.506168365478516,31.008508682250977,95.86315155029297,80.01258087158203,62.96348571777344,26.179006576538086,121.67174530029297,76.83261108398438,349.3341064453125,132.3445587158203,165.96749877929688,37.970001220703125,70.1070556640625,37.02821731567383,27429.978515625,34.69266891479492,19.780000686645508
2023-10-04,410.5599060058594,37.09212112426758,39.23420715332031,31.23841667175293,96.17086791992188,81.0097885131836,63.464595794677734,26.151369094848633,122.1873779296875,78.34785461425781,354.0881042480469,133.09996032714844,166.04505920410156,38.529998779296875,69.44124603271484,37.38060760498047,27799.39453125,34.590248107910156,18.579999923706055
2023-10-05,410.4052734375,36.641578674316406,38.99170684814453,31.382112503051758,95.603515625,81.11785888671875,62.21181869506836,25.999380111694336,122.8558120727539,77.95683288574219,353.0447692871094,132.71749877929688,166.171142578125,38.540000915527344,71.6969985961914,38.00191116333008,27415.912109375,34.72060012817383,18.489999771118164
2023-10-06,415.27789306640625,36.98778533935547,39.22505187988281,31.650325775146484,96.91130828857422,82.63577270507812,61.86845779418945,26.367843627929688,124.14490509033203,78.50425720214844,358.960205078125,133.8649139404297,167.77125549316406,39.209999084472656,71.77650451660156,38.103919982910156,27946.59765625,35.2234001159668,17.450000762939453
2023-10-07,,,,,,,,,,,,,,,,,27968.83984375,,
2023-10-08,,,,,,,,,,,,,,,,,27935.08984375,,
2023-10-09,417.9366455078125,37.035213470458984,40.53361511230469,31.669492721557617,98.43065643310547,83.06314086914062,61.924137115478516,26.630369186401367,124.57461547851562,78.58735656738281,360.7908630371094,134.8210906982422,168.74102783203125,39.36000061035156,71.2100830078125,38.08537292480469,27583.677734375,35.05580139160156,17.700000762939453
2023-10-10,420.11187744140625,37.428855895996094,40.58395004272461,31.899396896362305,99.02685546875,83.19086456298828,62.555171966552734,26.994218826293945,125.1666259765625,79.44761657714844,362.7889709472656,135.85374450683594,170.6514892578125,40.189998626708984,71.64733123779297,38.67885971069336,27391.01953125,35.558597564697266,17.030000686645508
2023-10-11,421.8328552246094,37.51896286010742,40.062339782714844,31.947294235229492,99.62305450439453,83.96211242675781,62.12830352783203,27.4317626953125,124.61280059814453,79.73112487792969,365.3775634765625,136.140625,170.36058044433594,39.900001525878906,70.87222290039062,38.70668411254883,26873.3203125,35.78205108642578,16.09000015258789
2023-10-12,419.2610778808594,36.95933151245117,40.10811233520508,31.746122360229492,98.71914672851562,84.04071044921875,61.45086669921875,27.008037567138672,123.54331970214844,78.86109161376953,364.1078796386719,134.43861389160156,166.51055908203125,38.47999954223633,68.28852844238281,38.23374938964844,26756.798828125,35.381683349609375,16.690000534057617
2023-10-13,417.17279052734375,36.82179641723633,40.99116134643555,31.813175201416016,97.84407043457031,82.8371810913086,61.98910140991211,27.312015533447266,124.31678771972656,77.7026596069336,359.5310363769531,134.14218139648438,165.123779296875,37.77000045776367,69.16300964355469,37.48261260986328,26862.375,35.25132751464844,19.31999969482422
2023-10-14,,,,,,,,,,,,,,,,,26861.70703125,,
2023-10-15,,,,,,,,,,,,,,,,,27159.65234375,,
2023-10-16,421.56207275390625,37.18223190307617,41.26568603515625,32.148460388183594,98.88262939453125,83.63298034667969,62.629390716552734,27.592966079711914,125.25255584716797,78.9588394165039,363.5960693359375,135.8154754638672,167.79066467285156,38.529998779296875,69.7691879272461,38.4377555847168,28519.466796875,35.51203918457031,17.209999084472656
2023-10-17,421.5427551269531,37.54741668701172,41.69577407836914,32.30173873901367,99.19034576416016,83.24491119384766,62.898521423339844,27.51927375793457,125.0806884765625,79.14456939697266,362.40509033203125,136.48484802246094,169.662353515625,39.18000030517578,69.8586196899414,39.25381088256836,28415.748046875,35.41893005371094,17.8799991607666
2023-10-18,415.9256896972656,36.5751838684082,42.075538635253906,31.746122360229492,96.7959213256836,82.39014434814453,63.13050842285156,27.279775619506836,123.99212646484375,77.28717803955078,357.6511535644531,134.32386779785156,166.171142578125,37.43000030517578,68.05999755859375,38.1873779296875,28328.341796875,34.87889099121094,19.219999313354492
2023-10-19,412.27117919921875,36.148345947265625,42.0023307800293,31.324634552001953,95.9016342163086,81.91856384277344,62.66653060913086,27.008037567138672,122.7698745727539,75.31248474121094,354.3045959472656,132.66012573242188,163.5236358642578,36.61000061035156,66.66877746582031,37.770084381103516,28719.806640625,34.674049377441406,21.399999618530273
2023-10-20,407.20513916015625,35.71202087402344,41.29772186279297,30.845659255981445,94.91116333007812,80.53327941894531,62.42524719238281,26.727087020874023,122.28287506103516,74.14427947998047,349.0191650390625,131.00592041015625,161.4095458984375,36.029998779296875,66.49982452392578,36.25853729248047,29682.94921875,34.25505828857422,21.709999084472656
2023-10-21,,,,,,,,,,,,,,,,,29918.412109375,,
2023-10-22,,,,,,,,,,,,,,,,,29993.896484375,,
2023-10-23,406.4994201660156,35.31364440917969,40.62970733642578,30.65407371520996,94.46881866455078,80.62663269042969,62.304603576660156,26.501405715942383,121.51895904541016,74.23226165771484,350.0723876953125,130.17405700683594,160.0421600341797,36.11000061035156,65.04899597167969,36.119441986083984,33086.234375,34.22711944580078,20.3700008392334
2023-10-24,409.5641784667969,35.730987548828125,40.057777404785156,30.864824295043945,95.18041229248047,81.18170928955078,62.83355712890625,27.18305778503418,121.89137268066406,75.02410125732422,353.4778747558594,131.00592041015625,161.43862915039062,37.16999816894531,66.66877746582031,35.896881103515625,33901.52734375,34.664737701416016,18.969999313354492
2023-10-25,403.68603515625,35.31364440917969,39.98456573486328,30.749868392944336,93.95916748046875,80.22380065917969,63.0469970703125,27.33504295349121,120.80280303955078,73.50885772705078,344.8262023925781,129.56210327148438,158.77174377441406,35.220001220703125,65.08876037597656,35.76705551147461,34502.8203125,34.20849609375,20.190000534057617
2023-10-26,398.8520202636719,35.560264587402344,39.67344284057617,30.682809829711914,93.56490325927734,78.69115447998047,62.638675689697266,27.56993865966797,119.60918426513672,72.36019897460938,338.2513122558594,129.2943572998047,159.17906188964844,34.7599983215332,65.76448822021484,36.83347702026367,34156.6484375,34.0409049987793,20.68000030517578
2023-10-27,397.0440673828125,35.5460319519043,38.72175216674805,30.127206802368164,92.73792266845703,79.14799499511719,61.784950256347656,27.049489974975586,117.58483123779297,73.11782836914062,339.8753356933594,127.802734375,157.30738830566406,34.099998474121094,63.71742630004883,36.045249938964844,33909.80078125,34.01296615600586,21.270000457763672
2023-10-28,,,,,,,,,,,,,,,,,34089.57421875,,
2023-10-29,,,,,,,,,,,,,,,,,34538.48046875,,
2023-10-30,401.7910461425781,35.911216735839844,38.84986877441406,30.663650512695312,93.891845703125,79.99783325195312,62.75005340576172,27.25674819946289,118.24370574951172,73.7874755859375,343.70416259765625,128.8067626953125,158.18017578125,34.290000915527344,64.78070831298828,36.583099365234375,34502.36328125,34.36678695678711,19.75
2023-10-31,404.3144226074219,36.07246017456055,38.97798538208008,30.998931884765625,94.5842056274414,80.56766510009766,62.972747802734375,27.491640090942383,118.92167663574219,74.34468078613281,345.3478698730469,129.8776397705078,159.54757690429688,35.08000183105469,65.81417846679688,36.787113189697266,34667.78125,34.171260833740234,18.139999389648438
2023-11-01,408.6263122558594,36.0914421081543,38.886470794677734,31.20009994506836,94.89192199707031,82.12488555908203,62.90779495239258,27.804832458496094,119.16995239257812,75.26359558105469,351.342041015625,130.31752014160156,160.45916748046875,35.310001373291016,67.1755599975586,36.93548583984375,35437.25390625,34.487831115722656,16.8700008392334
2023-11-02,416.45745849609375,36.788597106933594,40.062339782714844,31.937705993652344,96.84400177001953,83.51508331298828,63.72441482543945,28.32527732849121,121.06062316894531,77.2285385131836,357.7200012207031,133.20513916015625,164.73583984375,38.279998779296875,67.83142852783203,39.031246185302734,34938.2421875,35.093040466308594,15.65999984741211
2023-11-03,420.2569274902344,37.3671989440918,39.65971374511719,32.35919952392578,97.6998291015625,84.3747329711914,63.798667907714844,28.491086959838867,121.66221618652344,78.31363677978516,361.92279052734375,135.3852081298828,169.21624755859375,40.439998626708984,71.01133728027344,40.45005798339844,34732.32421875,35.80998992919922,14.90999984741211
2023-11-04,,,,,,,,,,,,,,,,,35082.1953125,,
2023-11-05,,,,,,,,,,,,,,,,,35049.35546875,,
2023-11-06,421.2237548828125,37.18223190307617,39.21132278442383,32.26340866088867,97.44020080566406,84.9298324584961,63.900753021240234,28.417390823364258,122.47383117675781,78.4113998413086,363.3992004394531,134.67767333984375,167.1021270751953,39.77000045776367,69.44124603271484,39.875118255615234,35037.37109375,36.098628997802734,14.890000343322754
2023-11-07,422.42254638671875,36.461360931396484,38.34199905395508,32.215511322021484,97.1998062133789,85.85828399658203,64.05850219726562,28.210132598876953,122.5597915649414,79.28633880615234,366.8343200683594,134.39080810546875,166.51055908203125,40.90999984741211,71.07095336914062,39.48564147949219,35443.5625,36.033447265625,14.8100004196167
2023-11-08,422.73193359375,36.5751838684082,37.861576080322266,32.25383377075195,97.42096710205078,86.3446044921875,63.807945251464844,28.00287628173828,122.38790893554688,79.07614135742188,367.0705261230469,134.17086791992188,164.73583984375,40.34000015258789,68.99409484863281,38.966331481933594,35655.27734375,35.791358947753906,14.449999809265137
2023-11-09,419.43511962890625,36.26216506958008,37.74718475341797,32.11971664428711,97.20941162109375,85.9417724609375,63.548099517822266,27.634416580200195,119.85746765136719,77.60001373291016,364.2457275390625,133.03305053710938,162.1853790283203,39.09000015258789,66.17192077636719,38.15028762817383,36693.125,35.4561767578125,15.289999961853027
2023-11-10,425.9803161621094,36.689002990722656,38.16355895996094,32.483734130859375,98.61337280273438,88.18672943115234,63.99354553222656,27.781801223754883,120.5736312866211,78.89041137695312,372.43475341796875,134.59161376953125,163.99884033203125,39.72999954223633,66.52965545654297,38.36357498168945,37313.96875,35.70756912231445,14.170000076293945
2023-11-11,,,,,,,,,,,,,,,,,37138.05078125,,
2023-11-12,,,,,,,,,,,,,,,,,37054.51953125,,
2023-11-13,425.5743103027344,36.636837005615234,38.438079833984375,32.435848236083984,98.69990539550781,87.67092895507812,64.19769287109375,27.45018768310547,121.27069854736328,79.2276611328125,371.2732849121094,134.41949462890625,164.05703735351562,39.90999984741211,66.85757446289062,38.42848205566406,36502.35546875,35.69825744628906,14.760000228881836
2023-11-14,433.83074951171875,37.7181510925293,38.78124237060547,33.04892349243164,100.68083953857422,89.42467498779297,64.85655975341797,28.546354293823242,122.09190368652344,81.8964614868164,379.2654724121094,138.25375366210938,173.06625366210938,41.95000076293945,70.46479797363281,41.2568359375,35537.640625,36.64797592163086,14.15999984741211
2023-11-15,434.7492370605469,37.88414764404297,38.708030700683594,33.23093032836914,100.89237213134766,89.53764343261719,65.37623596191406,28.458843231201172,122.1873779296875,81.99420928955078,379.55096435546875,138.90394592285156,173.3668670654297,43.0099983215332,70.65359497070312,41.822509765625,37880.58203125,36.95523452758789,14.180000305175781
2023-11-16,435.2809753417969,37.99797439575195,37.953086853027344,33.36503982543945,100.91162872314453,89.98468017578125,64.56890106201172,28.61083221435547,122.71257019042969,81.15349578857422,379.875732421875,138.44497680664062,170.564208984375,42.209999084472656,69.68968200683594,41.29392623901367,36154.76953125,36.60142135620117,14.319999694824219
2023-11-17,435.8223571777344,38.06911087036133,38.749202728271484,33.537471771240234,101.55589294433594,89.79798889160156,64.48536682128906,28.689130783081055,122.46430206298828,81.69605255126953,379.9643249511719,139.1143341064453,172.90139770507812,43.70000076293945,72.20381164550781,41.92451095581055,36596.68359375,36.64797592163086,13.800000190734863
2023-11-18,,,,,,,,,,,,,,,,,36585.703125,,
2023-11-19,,,,,,,,,,,,,,,,,37386.546875,,
2023-11-20,439.1771545410156,38.1355094909668,38.80411148071289,33.67158508300781,101.86361694335938,91.09976959228516,64.43896484375,28.60162353515625,123.20911407470703,82.11641693115234,384.59039306640625,139.66893005371094,173.90992736816406,44.880001068115234,73.0285873413086,41.878143310546875,37476.95703125,37.10420608520508,13.40999984741211
2023-11-21,438.219970703125,38.282535552978516,38.7171745300293,33.65243148803711,101.78667449951172,90.36292266845703,64.63385009765625,28.661497116088867,123.95394897460938,81.90623474121094,382.3560485839844,139.41075134277344,171.66976928710938,43.869998931884766,71.54794311523438,40.9415397644043,35813.8125,36.871437072753906,13.350000381469727
2023-11-22,439.9118957519531,38.30624008178711,38.698875427246094,33.78653335571289,102.00785064697266,90.76573944091797,65.09783172607422,28.799667358398438,124.54594421386719,82.15552520751953,383.9210510253906,140.06094360351562,172.7462158203125,44.31999969482422,72.34292602539062,41.117733001708984,37432.33984375,36.79695129394531,12.850000381469727
2023-11-23,,,,,,,,,,,,,,,,,37289.62109375,,
2023-11-24,440.18255615234375,38.47224044799805,38.85901641845703,33.891910552978516,102.25786590576172,90.5888900756836,65.33912658691406,28.873363494873047,125.21438598632812,82.23371887207031,383.3797607421875,140.4720916748047,173.90992736816406,44.880001068115234,73.19752502441406,41.173377990722656,37720.28125,36.81557083129883,12.460000038146973
2023-11-25,,,,,,,,,,,,,,,,,37796.79296875,,
2023-11-26,,,,,,,,,,,,,,,,,37479.12109375,,
2023-11-27,439.3898010253906,38.424808502197266,38.72175216674805,33.776954650878906,101.680908203125,90.58396911621094,65.15351867675781,28.919418334960938,124.4313735961914,82.3656997680664,383.0450744628906,140.1852569580078,173.32809448242188,45.45000076293945,72.77022552490234,40.91372299194336,37254.16796875,36.666595458984375,12.6899995803833
2023-11-28,439.8248291015625,38.50069808959961,38.73090362548828,33.76737976074219,101.44050598144531,90.75591278076172,65.45046997070312,29.01153564453125,123.7916030883789,82.8398208618164,384.049072265625,140.05137634277344,172.65892028808594,46.70000076293945,72.57148742675781,40.904457092285156,37831.0859375,36.97385787963867,12.6899995803833
2023-11-29,439.5154724121094,38.69987869262695,38.44265365600586,34.00686264038086,101.82515716552734,90.82469177246094,64.92151641845703,28.781248092651367,123.82978820800781,82.61497497558594,383.67498779296875,140.60597229003906,173.57054138183594,46.900001525878906,73.3863296508789,41.757591247558594,37858.4921875,36.759708404541016,12.979999542236328
2023-11-30,441.2460632324219,39.08403015136719,38.698875427246094,34.39003372192383,102.94062805175781,90.95731353759766,65.57112121582031,28.905601501464844,125.38626098632812,82.4976806640625,382.7104797363281,141.80117797851562,174.22999572753906,46.11000061035156,75.04584503173828,41.8410530090332,37712.74609375,36.834197998046875,12.920000076293945
2023-12-01,443.85638427734375,39.52983856201172,38.90019226074219,34.64867401123047,104.56573486328125,91.16362762451172,65.8402099609375,29.26024627685547,125.8827896118164,83.62675476074219,383.802978515625,143.93345642089844,179.3212890625,48.43000030517578,77.34134674072266,44.01100158691406,38688.75,36.99248123168945,12.630000114440918
2023-12-02,,,,,,,,,,,,,,,,,39476.33203125,,
2023-12-03,,,,,,,,,,,,,,,,,39978.390625,,
2023-12-04,441.5264587402344,39.06980514526367,38.72175216674805,34.6103630065918,104.73884582519531,90.05345153808594,65.92373657226562,29.145099639892578,126.12152099609375,83.30905151367188,380.2400207519531,144.00039672851562,181.24143981933594,48.689998626708984,78.69281768798828,44.623043060302734,41980.09765625,36.573486328125,13.079999923706055
2023-12-05,441.4394226074219,38.53388977050781,38.044593811035156,34.43793487548828,103.89262390136719,90.59381103515625,65.40406799316406,28.937841415405273,125.95919036865234,83.45569610595703,381.1946716308594,142.71910095214844,178.8170166015625,48.2599983215332,78.30525970458984,44.06664276123047,44080.6484375,36.35002517700195,12.850000381469727
2023-12-06,439.66058349609375,38.45326232910156,37.47724914550781,34.2655029296875,104.35420227050781,89.82747650146484,65.23704528808594,29.324722290039062,126.0547103881836,83.57788848876953,378.9899597167969,142.7669219970703,178.4969940185547,48.040000915527344,79.04061126708984,44.08518981933594,43746.4453125,36.303466796875,12.970000267028809
2023-12-07,443.01531982421875,38.714107513427734,37.22101974487305,34.42835998535156,104.45034790039062,90.91802215576172,65.51541137695312,29.26024627685547,125.90190887451172,84.26707458496094,384.28521728515625,143.52232360839844,179.78680419921875,48.290000915527344,80.01445770263672,44.93832778930664,43292.6640625,36.480377197265625,13.0600004196167
2023-12-08,444.9198913574219,38.856388092041016,37.6236572265625,34.6103630065918,104.77729797363281,91.69417572021484,65.06072235107422,29.20496940612793,126.1119613647461,84.6532211303711,385.9978942871094,143.9717254638672,181.15419006347656,49.18000030517578,78.82198333740234,45.42981719970703,44166.6015625,36.322086334228516,12.350000381469727
2023-12-09,,,,,,,,,,,,,,,,,43725.984375,,
2023-12-10,,,,,,,,,,,,,,,,,43779.69921875,,
2023-12-11,446.6504821777344,39.13146209716797,37.66940689086914,34.82110595703125,105.77738952636719,92.49488830566406,65.68245697021484,29.393808364868164,126.9427261352539,84.87806701660156,389.29510498046875,145.2530059814453,181.53240966796875,48.529998779296875,78.36487579345703,45.32780075073242,41243.83203125,36.53624725341797,12.630000114440918
2023-12-12,448.6903991699219,39.359107971191406,37.152381896972656,35.07017517089844,106.25818634033203,93.10891723632812,65.89588928222656,29.274057388305664,127.48702239990234,85.14202117919922,392.3956298828125,145.51113891601562,181.34815979003906,48.380001068115234,79.57721710205078,44.97542190551758,41450.22265625,36.54555130004883,12.069999694824219
2023-12-13,454.87786865234375,39.83811569213867,37.66940689086914,35.63536071777344,107.44097137451172,93.9292984008789,67.09297943115234,30.379436492919922,129.83604431152344,86.25643157958984,397.3857727050781,148.59959411621094,187.48683166503906,50.16999816894531,83.42292785644531,47.609039306640625,42890.7421875,36.9086799621582,12.1899995803833
2023-12-14,456.3377990722656,40.497337341308594,38.77666091918945,35.98979949951172,108.82569122314453,93.69842529296875,66.10932159423828,29.983341217041016,129.20579528808594,87.41487884521484,397.04132080078125,150.626708984375,192.70423889160156,52.02000045776367,84.94331359863281,49.9088020324707,43023.97265625,37.4487190246582,12.479999542236328
2023-12-15,455.58642578125,40.393001556396484,38.570770263671875,35.779052734375,108.68144226074219,94.16999816894531,66.10932159423828,29.4628963470459,128.10768127441406,87.59571838378906,398.9606018066406,149.55580139160156,191.08468627929688,51.11000061035156,85.18180847167969,49.111305236816406,41929.7578125,37.22525405883789,12.279999732971191
2023-12-16,,,,,,,,,,,,,,,,,42240.1171875,,
2023-12-17,,,,,,,,,,,,,,,,,41364.6640625,,
2023-12-18,458.14910888671875,40.455562591552734,38.88581085205078,35.89842224121094,108.67660522460938,94.45161437988281,66.79751586914062,29.396413803100586,128.31680297851562,88.13924407958984,401.4735412597656,149.62203979492188,191.15255737304688,51.06999969482422,83.84405517578125,48.5980224609375,42623.5390625,37.206634521484375,12.5600004196167
2023-12-19,460.93511962890625,40.828067779541016,39.35236740112305,36.16797637939453,109.51779174804688,94.8110122680664,66.92841339111328,29.563779830932617,129.18002319335938,88.82968139648438,403.5248718261719,150.8795166015625,194.8571014404297,53.18000030517578,85.97095489501953,49.31793212890625,42270.52734375,37.52320861816406,12.529999732971191
2023-12-20,454.5477600097656,40.20244598388672,38.9874267578125,35.522979736328125,107.7484130859375,93.37833404541016,65.62873077392578,28.96404457092285,127.30964660644531,87.20890808105469,397.5285949707031,148.3837127685547,191.04556274414062,51.0099983215332,82.1544418334961,48.16795349121094,43652.25,36.84772491455078,13.670000076293945
2023-12-21,458.8577575683594,40.62749099731445,39.139869689941406,35.86954116821289,108.86030578613281,94.42699432373047,66.0868911743164,29.015182495117188,128.863525390625,88.53588104248047,402.1540222167969,150.20758056640625,194.29644775390625,52.310001373291016,84.15215301513672,48.691524505615234,43869.15234375,37.540279388427734,13.649999618530273
2023-12-22,459.7799072265625,40.88060760498047,39.2553596496582,35.94655990600586,109.3824234008789,94.5500717163086,66.59180450439453,29.112812042236328,129.50616455078125,87.88462829589844,402.7556457519531,150.71633911132812,196.1068572998047,53.0099983215332,87.0841064453125,49.00004959106445,43997.90234375,37.36002731323242,13.029999732971191
2023-12-23,,,,,,,,,,,,,,,,,43739.54296875,,
2023-12-24,,,,,,,,,,,,,,,,,43016.1171875,,
2023-12-25,,,,,,,,,,,,,,,,,43613.140625,,
2023-12-26,461.7213439941406,41.07163619995117,39.592567443847656,36.09096145629883,110.15592956542969,94.94393157958984,66.87229919433594,29.28948402404785,129.7938995361328,88.25678253173828,405.2211608886719,151.5802459716797,198.65701293945312,53.790000915527344,88.912841796875,49.75735092163086,42520.40234375,37.65412521362305,12.989999771118164
2023-12-27,462.5561828613281,41.171932220458984,39.417030334472656,36.20648193359375,110.32030487060547,94.93901062011719,67.18086242675781,29.27088737487793,130.3406219482422,88.56035614013672,406.0461120605469,151.7242431640625,199.35781860351562,54.2599983215332,90.27447509765625,49.67320251464844,43442.85546875,37.8723258972168,12.430000305175781
2023-12-28,462.73089599609375,41.01432418823242,38.81650924682617,36.312381744384766,110.34930419921875,95.05224609375,67.20890808105469,29.48009490966797,130.6763153076172,88.1000747680664,405.8487243652344,152.06021118164062,198.5985870361328,54.13999938964844,90.30428314208984,49.79475021362305,42627.85546875,38.16642761230469,12.470000267028809
2023-12-29,461.39129638671875,40.851951599121094,38.72874450683594,36.19684982299805,110.21393585205078,94.76175689697266,67.34915924072266,29.442903518676758,130.81060791015625,87.55655670166016,404.09234619140625,151.47467041015625,195.35740661621094,52.369998931884766,88.74388885498047,49.01875305175781,42099.40234375,38.147457122802734,12.449999809265137
2023-12-30,,,,,,,,,,,,,,,,,42156.90234375,,
2023-12-31,,,,,,,,,,,,,,,,,42265.1875,,
2024-01-01,,,,,,,,,,,,,,,,,44167.33203125,,
2024-01-02,458.8092346191406,40.78030776977539,39.14448928833008,36.35088348388672,109.10203552246094,92.28047943115234,68.10652160644531,29.870620727539062,133.11260986328125,86.74371337890625,397.2541809082031,151.52267456054688,194.19915771484375,50.5,89.67814636230469,49.17768478393555,44957.96875,37.70156478881836,13.199999809265137
2024-01-03,455.062255859375,40.340938568115234,39.78196716308594,36.042823791503906,107.47769165039062,91.34014892578125,67.57356262207031,29.982200622558594,132.8920135498047,84.99072265625,393.0506591796875,149.28604125976562,189.02101135253906,48.52000045776367,87.66053009033203,47.560245513916016,42848.17578125,37.49285125732422,14.039999961853027
2024-01-04,453.596435546875,40.21199417114258,39.08443832397461,36.187232971191406,107.61304473876953,90.67059326171875,67.48005676269531,29.88922119140625,133.55380249023438,84.39334106445312,391.02777099609375,149.03646850585938,188.6511688232422,48.90999984741211,88.90289306640625,47.79397964477539,44179.921875,37.369510650634766,14.130000114440918
2024-01-05,454.21771240234375,40.27885437011719,39.11677169799805,36.34125518798828,107.7387466430664,90.64598083496094,67.33045959472656,30.00079917907715,133.43870544433594,84.52554321289062,391.4915466308594,149.4684600830078,188.09632873535156,48.900001525878906,88.75382995605469,48.364288330078125,44162.69140625,37.41695022583008,13.350000381469727
2024-01-06,,,,,,,,,,,,,,,,,43989.1953125,,
2024-01-07,,,,,,,,,,,,,,,,,43943.09765625,,
2024-01-08,460.7021179199219,40.450782775878906,38.66407775878906,36.572303771972656,108.4445571899414,92.92050170898438,67.82601165771484,30.21930694580078,134.61849975585938,85.96515655517578,399.5829162597656,151.0714874267578,191.48358154296875,50.279998779296875,92.84862518310547,48.81306457519531,46970.50390625,37.521305084228516,13.079999923706055
2024-01-09,460.003173828125,39.9875373840332,38.04507827758789,36.34125518798828,108.10614013671875,93.06817626953125,68.00366973876953,29.972904205322266,134.5992889404297,85.64685821533203,400.37225341796875,150.30357360839844,189.77047729492188,49.5,93.02752685546875,48.261451721191406,46139.73046875,36.99003219604492,12.760000228881836
2024-01-10,462.604736328125,39.935001373291016,37.67091751098633,36.39902114868164,108.65726470947266,93.8608169555664,67.8634262084961,29.9682559967041,135.21315002441406,86.3323974609375,403.0858459472656,150.562744140625,189.8775634765625,49.349998474121094,91.96407318115234,48.3736457824707,46627.77734375,36.90464782714844,12.6899995803833
2024-01-11,462.4008483886719,39.81561279296875,37.767921447753906,36.264244079589844,108.4058837890625,94.33837890625,67.85407257080078,29.27088737487793,135.11724853515625,86.21977233886719,403.9245910644531,150.13076782226562,188.3883819580078,48.18000030517578,89.91667175292969,47.73788833618164,46368.5859375,37.05644226074219,12.4399995803833
2024-01-12,462.72119140625,39.853816986083984,38.192909240722656,36.19684982299805,108.3962173461914,94.64361572265625,68.06912231445312,29.438255310058594,134.78155517578125,85.18169403076172,404.1318054199219,149.79481506347656,188.07688903808594,47.380001068115234,89.86697387695312,47.11148452758789,42853.16796875,37.18925857543945,12.699999809265137
2024-01-13,,,,,,,,,,,,,,,,,42842.3828125,,
2024-01-14,,,,,,,,,,,,,,,,,41796.26953125,,
2024-01-15,,,,,,,,,,,,,,,,,42511.96875,,
2024-01-16,461.0224304199219,39.39533996582031,37.28288650512695,35.94655990600586,107.30364990234375,94.87992858886719,67.69512176513672,29.117464065551758,133.975830078125,85.0837631225586,404.09234619140625,148.844482421875,185.7506103515625,46.7599983215332,88.51529693603516,46.3167839050293,43154.9453125,36.28799057006836,13.84000015258789
2024-01-17,458.4598083496094,39.108795166015625,36.973392486572266,35.87916564941406,106.5784912109375,94.41221618652344,67.64837646484375,28.694393157958984,133.70729064941406,84.3394775390625,401.81298828125,147.67340087890625,184.4268798828125,45.91999816894531,87.79969024658203,46.120445251464844,42742.65234375,35.747230529785156,14.789999961853027
2024-01-18,462.5367736816406,39.23297119140625,36.91333770751953,35.93693161010742,108.0191421508789,96.32734680175781,67.56421661376953,28.38755226135254,133.68812561035156,84.81932830810547,407.5163269042969,148.4317169189453,185.51702880859375,45.65999984741211,86.52751922607422,46.53181457519531,41262.05859375,36.041324615478516,14.130000114440918
2024-01-19,468.30279541015625,39.27117156982422,37.0334358215332,36.5145378112793,108.7249526977539,98.5477066040039,67.36787414550781,28.350357055664062,133.7648162841797,85.63706970214844,415.59783935546875,149.57403564453125,187.2982177734375,46.279998779296875,86.51758575439453,47.709835052490234,41618.40625,36.42081069946289,13.300000190734863
2024-01-20,,,,,,,,,,,,,,,,,41665.5859375,,
2024-01-21,,,,,,,,,,,,,,,,,41545.78515625,,
2024-01-22,469.2929992675781,39.38579177856445,37.17202377319336,36.68782424926758,109.56613159179688,98.98094177246094,67.04061126708984,28.206235885620117,134.34991455078125,85.26004791259766,416.1405334472656,150.36117553710938,191.2986297607422,47.33000183105469,88.4655990600586,48.76631164550781,39507.3671875,36.09825134277344,13.1899995803833
2024-01-23,470.6616516113281,39.514732360839844,37.25054931640625,36.74557876586914,109.47913360595703,99.37972259521484,67.7699203491211,28.257375717163086,134.25399780273438,85.05438995361328,417.8673095703125,150.43795776367188,190.74380493164062,47.380001068115234,88.68425750732422,48.298851013183594,39845.55078125,36.41132354736328,12.550000190734863
2024-01-24,471.1761779785156,38.97985076904297,37.78178405761719,36.889991760253906,108.80231475830078,100.06407165527344,66.93775939941406,27.87150001525879,133.02626037597656,84.73120880126953,420.1861877441406,149.66041564941406,189.17674255371094,46.279998779296875,87.1834945678711,48.85980224609375,40077.07421875,36.819271087646484,13.140000343322754
2024-01-25,473.7388610839844,39.39056396484375,38.63174057006836,37.072898864746094,109.84652709960938,100.48252868652344,67.5829086303711,28.37360382080078,132.82485961914062,83.68333435058594,420.6993103027344,151.16748046875,190.74380493164062,45.81999969482422,87.9587173461914,48.56063461303711,39933.80859375,36.866703033447266,13.449999809265137
2024-01-26,473.1369934082031,39.4048957824707,38.91814422607422,37.20767593383789,109.6724853515625,99.32557678222656,67.91016387939453,28.457290649414062,133.5825958251953,84.06526184082031,418.1929626464844,151.18667602539062,190.7535400390625,45.91999816894531,87.70030975341797,48.73826217651367,41816.87109375,36.89516067504883,13.260000228881836
2024-01-27,,,,,,,,,,,,,,,,,42120.0546875,,
2024-01-28,,,,,,,,,,,,,,,,,42035.59375,,
2024-01-29,476.8840026855469,39.60069274902344,38.86271286010742,37.30393981933594,110.38797760009766,100.23637390136719,68.30287170410156,28.638601303100586,134.52256774902344,85.29432678222656,422.4754333496094,152.10821533203125,194.09210205078125,48.11000061035156,90.2446517944336,49.551666259765625,43288.24609375,36.91413116455078,13.600000381469727
2024-01-30,476.5150451660156,39.78218078613281,39.264591217041016,37.77565383911133,110.4266586303711,99.40926361083984,68.68624877929688,28.62930679321289,134.82948303222656,85.24534606933594,419.6632080078125,152.13699340820312,192.4374237060547,46.86000061035156,88.22705841064453,49.355323791503906,42952.609375,36.620033264160156,13.3100004196167
2024-01-31,468.7396545410156,39.26162338256836,38.530113220214844,37.31356430053711,109.15038299560547,97.32183837890625,68.18133544921875,28.568866729736328,134.6472625732422,83.693115234375,411.443603515625,150.18838500976562,187.73622131347656,45.40999984741211,86.895263671875,46.46638107299805,42582.60546875,36.42081069946289,14.350000381469727
2024-02-01,474.87457275390625,39.91590118408203,38.5255012512207,37.3713264465332,111.00676727294922,98.5477066040039,69.57450103759766,29.112812042236328,136.3929443359375,85.30410766601562,416.2885437011719,151.9354248046875,190.2279510498047,46.029998779296875,88.42584991455078,45.01721954345703,43075.7734375,36.771827697753906,13.880000114440918
2024-02-02,479.8737487792969,39.681888580322266,38.580928802490234,37.52536392211914,111.75128173828125,99.56681823730469,69.35011291503906,28.587467193603516,136.19149780273438,86.82698059082031,423.3240661621094,151.80104064941406,189.2254180908203,46.65999984741211,87.43196868896484,45.22290802001953,43185.859375,36.667476654052734,13.850000381469727
2024-02-03,,,,,,,,,,,,,,,,,42992.25,,
2024-02-04,,,,,,,,,,,,,,,,,42583.58203125,,
2024-02-05,478.12646484375,38.6742057800293,38.483917236328125,37.30393981933594,111.14214324951172,99.79327392578125,68.91998291015625,27.99237823486328,136.61354064941406,85.6028060913086,422.771484375,150.4955291748047,186.82131958007812,45.20000076293945,87.86927032470703,44.47495651245117,42658.66796875,36.714908599853516,13.670000076293945
2024-02-06,479.5146179199219,39.35713577270508,38.608646392822266,37.38095474243164,112.13802337646484,99.3354263305664,69.07894134521484,28.09465980529785,138.1002197265625,86.12185668945312,421.9228820800781,151.44583129882812,188.505126953125,46.70000076293945,89.21102142333984,43.913997650146484,43084.671875,37.549774169921875,13.0600004196167
2024-02-07,483.51397705078125,39.67233657836914,38.68717575073242,37.66012954711914,112.88251495361328,100.64991760253906,69.01348876953125,28.113256454467773,138.4743194580078,87.08647918701172,426.2645263671875,152.041015625,188.0671844482422,47.16999816894531,87.5313491821289,43.80179977416992,44318.22265625,37.597206115722656,12.829999923706055
2024-02-08,483.72747802734375,39.619808197021484,39.08443832397461,37.51573181152344,112.90184020996094,100.9649887084961,68.99478912353516,27.91334342956543,138.23452758789062,87.46841430664062,427.05389404296875,152.3769989013672,190.9189910888672,48.439998626708984,88.67432403564453,43.97944641113281,45301.56640625,37.388484954833984,12.789999961853027
2024-02-09,486.52313232421875,39.70576858520508,38.483917236328125,37.62162780761719,113.07588195800781,102.32379913330078,68.35897064208984,28.0202693939209,138.1290283203125,88.09027862548828,431.25750732421875,152.5593719482422,194.02394104003906,49.59000015258789,90.4831771850586,44.75543212890625,47147.19921875,37.549774169921875,12.930000305175781
2024-02-10,,,,,,,,,,,,,,,,,47771.27734375,,
2024-02-11,,,,,,,,,,,,,,,,,48293.91796875,,
2024-02-12,486.30963134765625,40.020965576171875,38.908897399902344,37.79490661621094,113.24026489257812,101.54593658447266,68.8451919555664,28.345712661743164,138.31124877929688,88.01683044433594,429.5700988769531,153.5960693359375,197.5474090576172,50.720001220703125,92.53058624267578,45.71842575073242,49958.22265625,37.84386444091797,13.930000305175781
2024-02-13,479.6116638183594,39.457427978515625,38.51625061035156,37.28468704223633,112.08001708984375,99.82281494140625,68.10652160644531,27.876144409179688,137.02598571777344,86.26385498046875,422.87017822265625,151.042724609375,189.4200897216797,47.880001068115234,88.17737579345703,43.783103942871094,49742.44140625,37.1323356628418,15.850000381469727
2024-02-14,483.9701843261719,39.71054458618164,38.47930145263672,37.64087677001953,113.95574951171875,100.86654663085938,67.97561645507812,28.029571533203125,138.21536254882812,87.17460632324219,427.4782409667969,152.42498779296875,193.81954956054688,50.5,90.58257293701172,44.59649658203125,51826.6953125,37.663612365722656,14.380000114440918
2024-02-15,487.3094482421875,40.46034240722656,39.55099105834961,38.2858772277832,114.80659484863281,100.65484619140625,68.4150619506836,28.499126434326172,139.22244262695312,88.1833267211914,428.7511901855469,154.3160400390625,198.9879608154297,51.63999938964844,92.69954681396484,46.01759719848633,51938.5546875,37.84386444091797,14.010000228881836
2024-02-16,484.8826599121094,40.67525100708008,39.52790069580078,38.151100158691406,114.12012481689453,99.72927856445312,68.51792907714844,28.466588973999023,139.67327880859375,87.65938568115234,424.86334228515625,153.61526489257812,196.2821044921875,50.33000183105469,92.58027648925781,45.5407829284668,52160.203125,38.02412414550781,14.239999771118164
2024-02-17,,,,,,,,,,,,,,,,,51662.99609375,,
2024-02-18,,,,,,,,,,,,,,,,,52122.546875,,
2024-02-19,,,,,,,,,,,,,,,,,51779.14453125,,
2024-02-20,482.21319580078125,40.58928298950195,39.16758728027344,38.04521179199219,113.76237487792969,98.71509552001953,69.23789978027344,28.44799041748047,139.20326232910156,86.83185577392578,421.65643310546875,153.26011657714844,193.5762176513672,48.689998626708984,91.81498718261719,45.18550491333008,52284.875,38.0810432434082,15.420000076293945
2024-02-21,482.6499938964844,40.813751220703125,39.90206527709961,38.160728454589844,114.21678924560547,98.09478759765625,69.4903564453125,28.824569702148438,139.5102081298828,87.47331237792969,419.9690856933594,153.56724548339844,192.6613006591797,47.310001373291016,91.9044418334961,44.886322021484375,51839.1796875,38.147457122802734,15.34000015258789
2024-02-22,492.6387023925781,41.224464416503906,39.971351623535156,38.603553771972656,115.62842559814453,101.30470275878906,69.70539855957031,28.60141372680664,141.15040588378906,89.17243957519531,432.26397705078125,155.0935516357422,194.1212615966797,48.47999954223633,93.57416534423828,44.84893035888672,51304.97265625,38.53641891479492,14.539999961853027
2024-02-23,492.9784240722656,41.46803283691406,39.70805358886719,38.79609680175781,116.23756408691406,101.06838989257812,69.92046356201172,28.805971145629883,141.82179260253906,88.77091979980469,430.9910583496094,155.50628662109375,194.5592803955078,48.40999984741211,94.17047882080078,44.75543212890625,50731.94921875,38.5174446105957,13.75
2024-02-24,,,,,,,,,,,,,,,,,51571.1015625,,
2024-02-25,,,,,,,,,,,,,,,,,51733.23828125,,
2024-02-26,491.17291259765625,41.219688415527344,39.84663009643555,38.603553771972656,116.06352233886719,101.16686248779297,69.63995361328125,28.238784790039062,141.0928192138672,89.04513549804688,430.7640686035156,154.8823699951172,195.78564453125,50.08000183105469,96.7446517944336,44.33470916748047,54522.40234375,38.3466796875,13.739999771118164
2024-02-27,492.08538818359375,41.37250900268555,39.675716400146484,38.7094612121582,116.23756408691406,101.2554702758789,69.64930725097656,28.77342987060547,140.74754333496094,89.33892059326172,431.8002014160156,155.5639190673828,198.55966186523438,51.540000915527344,102.26070404052734,44.886322021484375,57085.37109375,38.42258071899414,13.430000305175781
2024-02-28,491.43499755859375,41.501461029052734,39.59718704223633,38.853858947753906,116.63397979736328,100.77792358398438,69.72410583496094,28.86176300048828,140.04734802246094,89.69147491455078,429.5010681152344,155.6215057373047,196.9244842529297,51.15999984741211,100.90902709960938,44.40016174316406,62504.7890625,37.91976547241211,13.84000015258789
2024-02-29,493.2016906738281,41.81665802001953,39.79119873046875,38.83460235595703,116.99172973632812,101.90040588378906,69.61188507080078,28.87105941772461,138.9059600830078,90.29866790771484,433.181640625,156.26463317871094,198.29690551757812,51.25,97.81805419921875,45.00786590576172,61198.3828125,37.93873596191406,13.399999618530273
2024-03-01,497.83197021484375,42.00768280029297,40.253135681152344,38.78647232055664,117.4945068359375,103.76139068603516,69.6212387084961,28.694393157958984,140.36387634277344,90.59736633300781,439.7039489746094,157.3589324951172,200.39926147460938,51.13999938964844,100.90902709960938,44.512351989746094,62440.6328125,38.40360641479492,13.109999656677246
2024-03-02,,,,,,,,,,,,,,,,,62029.84765625,,
2024-03-03,,,,,,,,,,,,,,,,,63167.37109375,,
2024-03-04,497.29815673828125,42.313331604003906,39.82353973388672,38.88274383544922,117.919921875,103.76139068603516,69.67735290527344,29.177902221679688,140.15284729003906,89.3731918334961,438.13507080078125,157.64691162109375,200.21434020996094,50.68000030517578,100.11392211914062,44.50300216674805,68330.4140625,38.31821823120117,13.489999771118164
2024-03-05,492.32806396484375,42.08888244628906,40.11916732788086,38.89236831665039,116.95304870605469,101.21116638183594,69.84565734863281,29.094219207763672,139.10736083984375,88.26167297363281,430.27069091796875,156.92698669433594,198.29690551757812,48.900001525878906,98.85169219970703,46.2980842590332,63801.19921875,37.976680755615234,14.460000038146973
2024-03-06,494.82275390625,42.39929962158203,40.243900299072266,39.09452438354492,117.56217956542969,102.01364135742188,70.4347152709961,29.3731689453125,140.05694580078125,87.94828033447266,432.9744567871094,157.81971740722656,199.77633666992188,49.68000030517578,99.50765228271484,46.24198532104492,66106.8046875,38.52693557739258,14.5
2024-03-07,499.734619140625,42.91986083984375,40.58573532104492,39.036766052246094,118.50971984863281,103.62352752685547,70.83676147460938,29.563779830932617,140.7091522216797,88.61912536621094,439.546142578125,159.0579833984375,201.4407501220703,50.25,98.18578338623047,46.30742645263672,66925.484375,38.76411819458008,14.4399995803833
2024-03-08,496.7350769042969,42.67152404785156,40.72892761230469,39.104156494140625,118.24866485595703,102.08258056640625,70.27577209472656,29.638168334960938,140.45018005371094,88.29104614257812,433.20135498046875,158.87559509277344,201.314208984375,50.75,98.34480285644531,46.344825744628906,68300.09375,38.72616195678711,14.739999771118164
2024-03-09,,,,,,,,,,,,,,,,,68498.8828125,,
2024-03-10,,,,,,,,,,,,,,,,,69019.7890625,,
2024-03-11,496.30804443359375,43.153873443603516,41.149288177490234,39.171539306640625,117.63953399658203,101.80194854736328,70.65912628173828,29.78693962097168,140.3734588623047,88.05110931396484,431.593017578125,159.07717895507812,199.71795654296875,50.650001525878906,96.2377700805664,46.11109161376953,72123.90625,38.81155014038086,15.220000267028809
2024-03-12,501.6470031738281,43.14909744262695,41.084625244140625,39.33519744873047,118.16163635253906,103.8893814086914,71.02377319335938,29.498695373535156,141.0256805419922,88.8100814819336,437.7798767089844,159.48995971679688,199.44540405273438,50.25,95.61162567138672,45.652976989746094,71481.2890625,39.238468170166016,13.84000015258789
2024-03-13,500.860595703125,43.57414245605469,41.740570068359375,39.62399673461914,118.480712890625,102.76689147949219,71.2014389038086,29.6986026763916,140.47897338867188,88.62400817871094,434.4150390625,159.56675720214844,200.2240753173828,50.36000061035156,96.50611877441406,45.6997184753418,73083.5,39.11513137817383,13.75
2024-03-14,499.8704833984375,43.34490203857422,42.170169830322266,39.30632400512695,117.97794342041016,102.78659057617188,70.6497573852539,29.461502075195312,139.98019409179688,88.0609130859375,433.3197937011719,158.13648986816406,196.64219665527344,48.7400016784668,93.87232208251953,44.512351989746094,71396.59375,38.9159049987793,14.399999618530273
2024-03-15,496.4381103515625,43.364009857177734,42.29489517211914,39.2678108215332,117.99727630615234,101.23578643798828,70.62171936035156,29.503341674804688,139.42388916015625,87.1844253540039,428.1689758300781,157.8292999267578,197.01206970214844,48.65999984741211,94.13074493408203,44.746089935302734,69403.7734375,38.67872619628906,14.40999984741211
2024-03-16,,,,,,,,,,,,,,,,,65315.1171875,,
2024-03-17,,,,,,,,,,,,,,,,,68390.625,,
2024-03-18,499.3885498046875,43.443092346191406,42.44111251831055,39.49296188354492,118.2067642211914,101.73336029052734,71.07571411132812,29.639280319213867,139.40753173828125,87.85033416748047,432.2525634765625,158.26309204101562,195.8830108642578,48.790000915527344,92.3814926147461,44.462425231933594,67548.59375,38.74513626098633,14.329999923706055
2024-03-19,502.16363525390625,43.44788360595703,42.9254150390625,39.686222076416016,119.2251205444336,102.26100158691406,71.33944702148438,29.901782989501953,140.33163452148438,88.61095428466797,433.3295593261719,159.20767211914062,196.71034240722656,48.5099983215332,93.27599334716797,44.61320877075195,61912.7734375,38.555397033691406,13.819999694824219
2024-03-20,506.8083190917969,43.88404083251953,42.86487579345703,40.15970993041992,120.66051483154297,103.40506744384766,71.55608367919922,29.939281463623047,140.0139923095703,89.93102264404297,438.4674072265625,160.56680297851562,200.60365295410156,50.209999084472656,94.57798767089844,46.00796127319336,67913.671875,38.991798400878906,13.039999961853027
2024-03-21,508.4832458496094,44.0661735534668,43.12099075317383,40.48825454711914,121.85344696044922,103.47903442382812,71.59375762939453,29.892410278320312,140.1968536376953,90.45610046386719,440.5422668457031,161.66563415527344,202.90853881835938,50.529998779296875,94.61773681640625,46.686492919921875,65491.390625,39.03923797607422,12.920000076293945
2024-03-22,507.519287109375,43.79297637939453,43.02785873413086,40.02442932128906,121.43640899658203,103.51355743408203,71.24524688720703,29.93459701538086,140.0043487548828,89.66602325439453,441.04620361328125,160.62460327148438,200.10797119140625,49.40999984741211,92.98777770996094,45.67811584472656,63778.76171875,38.76411819458008,13.0600004196167
2024-03-23,,,,,,,,,,,,,,,,,64062.203125,,
2024-03-24,,,,,,,,,,,,,,,,,67234.171875,,
2024-03-25,506.1170959472656,43.8073616027832,43.428340911865234,39.869815826416016,120.65081787109375,102.82811737060547,71.04745483398438,30.075223922729492,139.81182861328125,89.3716049194336,439.4455871582031,160.277587890625,200.56655883789062,50.25,92.10321044921875,45.74408721923828,69958.8125,38.79256820678711,13.1899995803833
2024-03-26,505.1822509765625,43.77381134033203,43.09305191040039,40.005104064941406,120.21436309814453,102.40402221679688,71.08512878417969,29.733030319213867,140.322021484375,89.48446655273438,438.0228271484375,160.12338256835938,200.20553588867188,50.029998779296875,92.12309265136719,45.46137619018555,69987.8359375,38.76411819458008,13.239999771118164
2024-03-27,509.4277648925781,44.401676177978516,43.493534088134766,40.478599548339844,122.1444091796875,102.9267349243164,71.82923889160156,30.56272315979004,142.1895294189453,90.51990509033203,439.51470947265625,162.68734741210938,204.5673828125,50.11000061035156,94.32951354980469,47.13884735107422,69455.34375,38.83052062988281,12.779999732971191
2024-03-28,509.330322265625,44.52150344848633,43.96385192871094,40.700843811035156,122.16380310058594,102.70482635498047,71.92341613769531,30.773662567138672,142.20875549316406,90.24018096923828,438.7045593261719,163.2560577392578,205.21141052246094,50.08000183105469,94.30964660644531,47.38386917114258,70744.953125,38.97282409667969,13.010000228881836
2024-03-29,,,,,,,,,,,,,,,,,69892.828125,,
2024-03-30,,,,,,,,,,,,,,,,,69645.3046875,,
2024-03-31,,,,,,,,,,,,,,,,,71333.6484375,,
2024-04-01,508.44427490234375,44.416053771972656,44.289825439453125,40.478599548339844,121.22303009033203,102.9908447265625,71.348876953125,30.58616065979004,140.99586486816406,89.56787872314453,439.6333312988281,162.2921600341797,203.27932739257812,49.2400016784668,93.27599334716797,46.45089340209961,69702.1484375,39.03923797607422,13.649999618530273
2024-04-02,505.2115478515625,44.25310134887695,44.90916061401367,40.2660026550293,120.66051483154297,101.99964141845703,70.98152160644531,30.637723922729492,138.80108642578125,88.2478256225586,435.8392028808594,160.89450073242188,199.5419921875,47.779998779296875,90.1253890991211,45.59330749511719,65446.97265625,39.162567138671875,14.609999656677246
2024-04-03,505.7665710449219,44.51670455932617,45.21650314331055,40.246681213378906,121.28121948242188,102.27086639404297,70.19973754882812,30.51584815979004,138.64706420898438,88.31161499023438,436.81732177734375,161.06802368164062,200.84957885742188,47.91999816894531,90.4831771850586,45.49906539916992,65980.8125,39.1910285949707,14.329999923706055
2024-04-04,499.593017578125,44.0661735534668,45.18856430053711,39.792510986328125,120.21436309814453,100.65338134765625,69.89834594726562,30.454912185668945,136.64479064941406,87.27618408203125,430.13812255859375,159.42938232421875,198.83941650390625,47.27000045776367,88.94265747070312,45.40482711791992,68508.84375,39.0487174987793,16.350000381469727
2024-04-05,504.8122253417969,44.46398162841797,45.67285919189453,40.16937255859375,121.88255310058594,101.80731964111328,70.0113754272461,30.543973922729492,137.8673095703125,87.76200103759766,435.20684814453125,160.38365173339844,199.5029754638672,47.119998931884766,89.62843322753906,45.4330940246582,67837.640625,39.13410568237305,16.030000686645508
2024-04-06,,,,,,,,,,,,,,,,,68896.109375,,
2024-04-07,,,,,,,,,,,,,,,,,69362.5546875,,
2024-04-08,505.0946044921875,44.49753189086914,45.38414764404297,40.34330749511719,121.6691665649414,101.68896484375,69.90775299072266,30.74553871154785,137.4244842529297,88.59624481201172,435.3353271484375,160.87522888183594,200.59588623046875,48.099998474121094,89.84710693359375,46.205867767333984,71631.359375,39.390254974365234,15.1899995803833
2024-04-09,505.67889404296875,44.60298538208008,45.39811706542969,40.11140060424805,121.38790893554688,102.20182800292969,70.24684143066406,30.914289474487305,137.9154510498047,89.01336669921875,436.9458312988281,161.5113983154297,201.3862762451172,48.619998931884766,91.07952117919922,46.5074348449707,69139.015625,39.6558952331543,14.979999542236328
2024-04-10,500.6153869628906,43.90800476074219,45.53781509399414,39.512290954589844,120.35015106201172,100.94927978515625,69.99251556396484,30.38459587097168,136.29824829101562,87.63932800292969,433.1319580078125,158.76429748535156,196.06813049316406,47.4900016784668,89.39984893798828,44.19855499267578,70587.8828125,39.11513137817383,15.800000190734863
2024-04-11,504.3935546875,43.874454498291016,45.50522232055664,39.2320556640625,120.48594665527344,102.9661865234375,69.82299041748047,30.323659896850586,135.73992919921875,88.34595489501953,440.0482482910156,158.6486358642578,197.39524841308594,48.20000076293945,90.72171020507812,44.23624801635742,70060.609375,39.35231399536133,14.90999984741211
2024-04-12,497.431396484375,43.09800338745117,44.76480484008789,38.71025466918945,119.1960220336914,101.29940032958984,69.1165542602539,30.093969345092773,133.71839904785156,86.91304779052734,433.03314208984375,156.13284301757812,193.88233947753906,46.5099983215332,87.6108627319336,43.84044647216797,67195.8671875,38.4510383605957,17.309999465942383
2024-04-13,,,,,,,,,,,,,,,,,63821.47265625,,
2024-04-14,,,,,,,,,,,,,,,,,65738.7265625,,
2024-04-15,491.199462890625,42.891902923583984,44.345706939697266,38.516990661621094,118.34253692626953,99.37617492675781,68.83399963378906,29.817405700683594,133.44888305664062,85.46539306640625,425.90924072265625,154.78338623046875,191.04275512695312,44.380001068115234,85.82186126708984,43.67081069946289,63426.2109375,38.204376220703125,19.229999542236328
2024-04-16,490.3035888671875,42.56119918823242,43.95920181274414,38.25608825683594,118.07098388671875,99.49452209472656,68.86224365234375,29.42365264892578,133.49700927734375,84.97956848144531,425.94879150390625,153.92550659179688,190.3401641845703,43.650001525878906,85.08641052246094,43.11479568481445,63811.86328125,37.70156478881836,18.399999618530273
2024-04-17,487.4018859863281,42.65705490112305,43.83346939086914,38.35271453857422,117.45996856689453,98.05950927734375,69.1165542602539,30.0377197265625,133.2659912109375,84.5673599243164,420.7516784667969,153.60739135742188,188.3300323486328,43.02000045776367,84.13226318359375,43.190185546875,61276.69140625,37.673099517822266,18.209999084472656
2024-04-18,486.39892578125,42.671424865722656,43.69842529296875,38.488006591796875,117.0526351928711,96.94009399414062,69.43681335449219,30.20647621154785,133.25633239746094,84.04227447509766,418.3506774902344,153.46286010742188,188.17388916015625,42.90999984741211,82.96943664550781,43.45405578613281,63512.75390625,37.824893951416016,18.0
2024-04-19,482.15350341796875,42.63787841796875,44.22462463378906,39.01947784423828,116.83927154541016,94.94290924072266,70.11498260498047,30.670541763305664,133.7569122314453,83.3061752319336,409.6953430175781,154.0411834716797,188.46661376953125,42.0,82.3233871459961,44.5943603515625,63843.5703125,37.673099517822266,18.709999084472656
2024-04-20,,,,,,,,,,,,,,,,,64994.44140625,,
2024-04-21,,,,,,,,,,,,,,,,,64926.64453125,,
2024-04-22,486.59368896484375,42.6810188293457,44.51333999633789,39.49296188354492,117.7218246459961,95.79110717773438,70.7837142944336,30.95178985595703,134.26708984375,83.67422485351562,413.8155822753906,155.21713256835938,190.57437133789062,42.599998474121094,83.23777770996094,45.40482711791992,66837.6796875,38.0810432434082,16.940000534057617
2024-04-23,492.3679504394531,42.31195831298828,44.76015090942383,39.744205474853516,119.36090087890625,97.2113265991211,70.98152160644531,31.09710121154785,136.01910400390625,84.67041778564453,419.9908447265625,156.5955352783203,193.7652587890625,43.869998931884766,84.1720199584961,45.92314147949219,66407.2734375,38.39411544799805,15.6899995803833
2024-04-24,492.1341857910156,42.34071350097656,44.792747497558594,39.73453903198242,118.41044616699219,97.65514373779297,71.51840209960938,31.28460121154785,135.5955352783203,85.4801254272461,421.4136657714844,156.8171844482422,192.89678955078125,43.900001525878906,83.4266128540039,46.187015533447266,64276.8984375,38.52693557739258,15.970000267028809
2024-04-25,490.26470947265625,42.642669677734375,44.99763870239258,39.50262451171875,118.76929473876953,97.44309997558594,71.348876953125,31.368980407714844,134.69064331054688,85.5537109375,419.3783264160156,156.48947143554688,191.72581481933594,43.61000061035156,81.71711730957031,45.67811584472656,64481.70703125,38.61231994628906,15.369999885559082
2024-04-26,494.909423828125,42.90628433227539,44.583194732666016,39.44464874267578,118.96326446533203,98.54278564453125,71.19815063476562,31.02678871154785,134.7292022705078,86.32417297363281,425.8500061035156,156.56658935546875,193.56031799316406,44.06999969482422,82.9793701171875,45.414249420166016,63755.3203125,39.05820846557617,15.029999732971191
2024-04-27,,,,,,,,,,,,,,,,,63419.140625,,
2024-04-28,,,,,,,,,,,,,,,,,63113.23046875,,
2024-04-29,496.66204833984375,43.265750885009766,44.8858757019043,39.38666915893555,119.75853729248047,98.96688079833984,71.4242172241211,31.448665618896484,135.1815948486328,88.33123016357422,427.5791320800781,157.65579223632812,195.12161254882812,45.130001068115234,84.99693298339844,45.01844024658203,63841.12109375,39.43769454956055,14.670000076293945
2024-04-30,488.7943420410156,42.479713439941406,43.54941177368164,39.000144958496094,117.85762023925781,96.78723907470703,71.1133804321289,31.28460121154785,135.08531188964844,86.18185424804688,419.5166015625,155.3809814453125,191.15985107421875,43.459999084472656,84.10244750976562,44.311641693115234,60636.85546875,38.887447357177734,15.649999618530273
2024-05-01,487.2071838378906,42.70018768310547,42.855567932128906,39.000144958496094,117.56665802001953,95.79602813720703,70.6612777709961,31.645545959472656,135.32598876953125,85.64204406738281,416.4833068847656,154.85084533691406,191.5599365234375,43.81999969482422,86.7958755493164,45.451942443847656,58254.01171875,38.925392150878906,15.390000343322754
2024-05-02,491.7641906738281,42.479713439941406,43.10236358642578,39.096771240234375,118.24555206298828,97.17680358886719,71.25468444824219,31.81429672241211,135.22972106933594,86.7216567993164,421.79901123046875,155.8050994873047,195.08258056640625,44.93000030517578,87.79969024658203,46.196441650390625,59123.43359375,39.9310188293457,14.680000305175781
2024-05-03,497.85980224609375,42.911075592041016,43.107017517089844,39.183738708496094,119.06993865966797,99.88410186767578,71.4713134765625,32.06742858886719,135.566650390625,87.30561828613281,430.2764892578125,156.91360473632812,197.01463317871094,45.470001220703125,89.42967987060547,46.79015350341797,62889.8359375,40.29153060913086,13.489999771118164
2024-05-04,,,,,,,,,,,,,,,,,63891.47265625,,
2024-05-05,,,,,,,,,,,,,,,,,64031.1328125,,
2024-05-06,503.00103759765625,43.169891357421875,43.44696044921875,39.686222076416016,120.27256774902344,101.05774688720703,71.50897979736328,32.23149108886719,136.1153106689453,88.2380142211914,434.9894714355469,158.11846923828125,199.56150817871094,46.5,90.02599334716797,47.157691955566406,63161.94921875,40.329471588134766,13.489999771118164
2024-05-07,503.5561828613281,43.682735443115234,43.405052185058594,39.82150650024414,120.60233306884766,100.72735595703125,72.29076385498047,32.59711837768555,137.2416229248047,87.60497283935547,435.05865478515625,158.56185913085938,200.01039123535156,45.54999923706055,89.87692260742188,47.00690460205078,62334.81640625,40.101783752441406,13.229999542236328
2024-05-08,503.6047668457031,43.4814338684082,43.353824615478516,39.966453552246094,120.60233306884766,101.01338195800781,72.07413482666016,32.939300537109375,136.76995849609375,87.27618408203125,434.8017578125,158.5233154296875,198.84913635253906,44.43000030517578,88.56497955322266,47.28019332885742,61187.94140625,40.111270904541016,13.0
2024-05-09,506.5065002441406,43.96552276611328,43.935916900634766,40.2660026550293,121.8049545288086,100.98379516601562,72.69577026367188,33.44086837768555,137.94432067871094,87.86996459960938,435.7502746582031,159.85350036621094,200.87881469726562,44.15999984741211,88.43578338623047,47.50637435913086,63049.9609375,40.2346076965332,12.6899995803833
2024-05-10,507.1589050292969,44.018245697021484,43.69376754760742,40.420616149902344,121.8922348022461,101.35855865478516,73.11021423339844,33.40805435180664,138.2235107421875,87.39886474609375,436.7778625488281,160.11373901367188,199.36636352539062,42.91999816894531,87.60092163085938,47.4498291015625,60792.77734375,40.31998825073242,12.550000190734863
2024-05-11,,,,,,,,,,,,,,,,,60793.7109375,,
2024-05-12,,,,,,,,,,,,,,,,,61448.39453125,,
2024-05-13,507.2269592285156,43.98948287963867,43.57734298706055,40.25634002685547,121.37822723388672,101.8369140625,72.90300750732422,33.40805435180664,138.08872985839844,87.28598022460938,437.7856140136719,160.0751953125,199.78598022460938,44.16999816894531,89.33027648925781,47.4027099609375,62901.44921875,40.62357711791992,13.600000381469727
2024-05-14,509.5542907714844,44.032623291015625,43.63322830200195,40.45927047729492,121.34911346435547,102.73934936523438,72.76171875,33.49711990356445,138.67591857910156,87.68348693847656,440.60162353515625,160.71136474609375,201.85467529296875,45.119998931884766,90.22476959228516,47.9587287902832,61552.7890625,40.84177780151367,13.420000076293945
2024-05-15,515.8641357421875,44.10930633544922,43.73101806640625,40.75882339477539,122.1444091796875,105.05213165283203,72.80879974365234,33.99869155883789,140.7359619140625,87.81597900390625,447.48834228515625,161.99334716796875,204.37222290039062,45.77000045776367,92.04357147216797,48.12836456298828,66267.4921875,41.27817916870117,12.449999809265137
2024-05-16,514.802734375,43.79297637939453,43.60994338989258,40.75882339477539,121.4170150756836,104.68721008300781,73.84489440917969,33.881500244140625,140.57229614257812,87.2467269897461,446.579345703125,161.73309326171875,202.8987579345703,44.959999084472656,92.02368927001953,47.9210319519043,65231.58203125,41.363563537597656,12.420000076293945
2024-05-17,515.5427856445312,44.16682434082031,44.219970703125,41.05838394165039,121.55278778076172,104.45545196533203,73.66593933105469,33.90962219238281,140.8418426513672,87.69328308105469,446.3619689941406,161.9740753173828,203.0451202392578,45.45000076293945,90.6223373413086,48.241451263427734,67051.875,41.543819427490234,11.989999771118164
2024-05-18,,,,,,,,,,,,,,,,,66940.8046875,,
2024-05-19,,,,,,,,,,,,,,,,,66278.3671875,,
2024-05-20,516.13671875,44.229129791259766,43.93125534057617,40.49791717529297,121.78556060791016,105.68333435058594,73.15731048583984,33.853370666503906,140.54344177246094,87.04063415527344,449.4743347167969,161.839111328125,203.49398803710938,45.599998474121094,91.70565795898438,47.54407501220703,71448.1953125,41.392024993896484,12.149999618530273
2024-05-21,517.4025268554688,44.229129791259766,43.7170524597168,40.75882339477539,121.38790893554688,105.85594177246094,73.59058380126953,34.15806579589844,140.78407287597656,87.60005187988281,450.3536376953125,161.7716522216797,203.298828125,45.20000076293945,91.00993347167969,47.610042572021484,70136.53125,41.13587951660156,11.859999656677246
2024-05-22,515.9127807617188,43.79776382446289,42.878849029541016,40.526912689208984,121.53339385986328,106.09264373779297,73.29859161376953,33.75493621826172,141.03436279296875,86.68729400634766,450.2647399902344,161.15476989746094,201.5814208984375,44.9900016784668,91.60626983642578,47.035179138183594,69122.3359375,41.00305938720703,12.289999961853027
2024-05-23,512.1444702148438,43.40953826904297,42.4876823425293,39.966453552246094,120.0979995727539,105.22966766357422,72.43204498291016,33.18306350708008,139.4941864013672,85.28380584716797,448.2392883300781,158.89926147460938,198.2734375,43.61000061035156,88.77371215820312,45.904296875,67929.5625,40.6994743347168,12.770000457763672
2024-05-24,515.5330200195312,43.78818130493164,42.548221588134766,40.208030700683594,120.70901489257812,106.11729431152344,72.62042236328125,33.515872955322266,139.0224609375,86.14258575439453,452.47802734375,159.9498748779297,200.46902465820312,44.380001068115234,88.28670501708984,46.10220718383789,68526.1015625,40.81331253051758,11.930000305175781
2024-05-25,,,,,,,,,,,,,,,,,69265.9453125,,
2024-05-26,,,,,,,,,,,,,,,,,68518.09375,,
2024-05-27,,,,,,,,,,,,,,,,,69394.5546875,,
2024-05-28,515.893310546875,43.620426177978516,42.98594665527344,39.763526916503906,119.23481750488281,106.5660629272461,72.0552978515625,33.48305892944336,137.337890625,85.93158721923828,454.18731689453125,158.84136962890625,200.19578552246094,44.029998779296875,88.58485412597656,45.71581268310547,68296.21875,40.75639343261719,12.920000076293945
2024-05-29,512.28076171875,42.99734878540039,42.22690200805664,39.44464874267578,117.54725646972656,105.89045715332031,71.53724670410156,33.05181121826172,136.2693328857422,85.36724853515625,450.98602294921875,156.9810333251953,197.23912048339844,43.47999954223633,86.94495391845703,44.61320877075195,67578.09375,40.14921951293945,14.279999732971191
2024-05-30,508.8824157714844,43.34722900390625,42.347984313964844,39.6572380065918,118.35224914550781,103.47411346435547,71.72563934326172,33.49711990356445,136.3367462158203,85.87269592285156,446.1544189453125,157.70399475097656,199.11265563964844,42.790000915527344,88.41590881347656,45.39540481567383,68364.9921875,40.035377502441406,14.470000267028809
2024-05-31,513.5173950195312,43.86966323852539,43.400390625,40.23701858520508,119.78764343261719,103.6368408203125,72.84647369384766,34.08775329589844,138.3293914794922,86.3536148071289,445.3245544433594,159.79566955566406,200.791015625,42.45000076293945,88.58485412597656,46.036231994628906,67491.4140625,39.64640808105469,12.920000076293945
2024-06-01,,,,,,,,,,,,,,,,,67706.9375,,
2024-06-02,,,,,,,,,,,,,,,,,67751.6015625,,
2024-06-03,513.9362182617188,43.610843658447266,42.26416015625,39.985782623291016,118.32315063476562,103.898193359375,72.81822204589844,33.69868850708008,139.30162048339844,86.31436157226562,447.7155456542969,158.94740295410156,199.65911865234375,42.97999954223633,90.86085510253906,45.235191345214844,68804.78125,40.063838958740234,13.109999656677246
2024-06-04,514.5106201171875,43.12675476074219,41.859031677246094,39.80217361450195,118.03218078613281,104.11518096923828,73.44929504394531,33.68462371826172,139.7059326171875,86.40267944335938,448.9407043457031,158.4654541015625,197.08299255371094,43.22999954223633,90.61238098144531,44.43415451049805,70567.765625,39.50410461425781,13.15999984741211
2024-06-05,520.6256103515625,43.423919677734375,41.854373931884766,39.91813659667969,119.2251205444336,106.427978515625,73.28917694091797,33.492427825927734,140.34124755859375,86.90812683105469,457.9913330078125,159.42938232421875,200.0981903076172,44.150001525878906,93.54434967041016,44.57551574707031,71082.8203125,40.13973617553711,12.630000114440918
2024-06-06,520.6159057617188,43.47184371948242,42.0732307434082,39.89881134033203,118.5171127319336,106.07292175292969,73.5152359008789,33.14555358886719,140.80335998535156,87.54117584228516,457.83319091796875,159.12091064453125,198.66375732421875,44.7599983215332,92.25228881835938,44.688594818115234,70757.1640625,40.33896255493164,12.579999923706055
2024-06-07,519.9829711914062,43.03569793701172,41.90559387207031,40.08240509033203,118.64319610595703,106.31948852539062,73.14789581298828,32.784610748291016,140.9573516845703,87.18293762207031,457.4281005859375,158.61968994140625,196.33160400390625,43.79999923706055,90.83104705810547,44.490699768066406,69342.5859375,39.883583068847656,12.220000267028809
2024-06-08,,,,,,,,,,,,,,,,,69305.7734375,,
2024-06-09,,,,,,,,,,,,,,,,,69647.9921875,,
2024-06-10,521.589599609375,42.992557525634766,42.22224807739258,39.92779541015625,119.01174926757812,106.59070587158203,73.09137725830078,33.20649337768555,141.4771728515625,87.462646484375,459.2757568359375,159.04380798339844,197.00489807128906,44.150001525878906,91.4273681640625,43.80274200439453,69512.28125,40.120758056640625,12.739999771118164
2024-06-11,522.8457641601562,42.978179931640625,42.138431549072266,39.4736328125,118.33285522460938,108.57311248779297,73.05370330810547,33.00493240356445,140.88998413085938,87.23202514648438,462.4276428222656,158.38836669921875,196.3316650390625,44.15999984741211,91.89450073242188,43.64253616333008,67332.03125,39.987022399902344,12.850000381469727
2024-06-12,527.1398315429688,43.05965042114258,41.68672561645508,39.43498229980469,119.45787811279297,110.97464752197266,72.25308990478516,32.789306640625,140.59153747558594,88.13986206054688,468.48443603515625,159.23660278320312,199.34555053710938,45.08000183105469,93.24617004394531,44.72629928588867,68241.1875,40.38822937011719,12.039999961853027
2024-06-13,528.2013549804688,43.04528045654297,41.30488204956055,39.4059944152832,118.69169616699219,111.8524398803711,72.3472671508789,32.86429977416992,140.47605895996094,88.20856475830078,471.023681640625,158.78353881835938,197.603759765625,44.380001068115234,93.24617004394531,44.019500732421875,66756.3984375,40.29270935058594,11.9399995803833
2024-06-14,528.522705078125,42.6474723815918,40.99755096435547,39.28037643432617,117.498779296875,112.2716064453125,72.47914123535156,32.784610748291016,140.42791748046875,87.51173400878906,473.4642333984375,157.77145385742188,194.46270751953125,43.869998931884766,91.18885040283203,43.46348190307617,66011.09375,40.34046936035156,12.65999984741211
2024-06-15,,,,,,,,,,,,,,,,,66191.0,,
2024-06-16,,,,,,,,,,,,,,,,,66639.046875,,
2024-06-17,532.729248046875,42.96379470825195,41.10464096069336,39.62824630737305,118.79838562011719,113.97291564941406,73.16673278808594,32.42367935180664,140.28350830078125,89.04771423339844,479.2640686035156,158.91851806640625,196.0968475341797,44.130001068115234,90.03593444824219,44.19855499267578,66490.296875,40.598388671875,12.75
2024-06-18,534.0826416015625,42.91586685180664,41.27694320678711,39.87948226928711,119.43849182128906,114.11592864990234,73.26091766357422,32.43773651123047,140.46640014648438,88.74837493896484,479.4122314453125,159.31370544433594,196.43931579589844,43.68000030517578,89.1513671875,44.311641693115234,65140.74609375,40.9709358215332,12.300000190734863
2024-06-19,,,,,,,,,,,,,,,,,64960.296875,,
2024-06-20,532.6318359375,42.959007263183594,42.03597640991211,40.092071533203125,119.51608276367188,112.83377075195312,73.10079193115234,32.718994140625,140.92848205566406,88.86123657226562,475.7169494628906,159.4101104736328,195.60757446289062,43.369998931884766,89.34021759033203,44.38703536987305,64828.65625,40.90407180786133,13.279999732971191
2024-06-21,531.917724609375,42.96379470825195,41.79383087158203,39.937461853027344,119.26392364501953,112.63652801513672,73.15731048583984,32.52679443359375,141.32313537597656,89.61204528808594,474.4423522949219,159.6125030517578,196.04794311523438,43.31999969482422,91.81498718261719,44.302215576171875,64096.19921875,40.760780334472656,13.199999809265137
2024-06-22,,,,,,,,,,,,,,,,,64252.578125,,
2024-06-23,,,,,,,,,,,,,,,,,63180.796875,,
2024-06-24,530.1885986328125,43.24070739746094,42.847652435302734,40.34782791137695,119.77095031738281,109.87507629394531,73.9374008178711,32.954444885253906,142.14749145507812,89.22943878173828,469.041015625,160.37997436523438,196.89923095703125,43.2400016784668,93.28279876708984,45.2164306640625,60277.4140625,40.760780334472656,13.329999923706055
2024-06-25,532.2303466796875,42.691707611083984,42.94623565673828,40.047080993652344,118.74909210205078,111.89059448242188,73.462890625,32.642578125,141.70294189453125,88.87043762207031,474.40478515625,159.27670288085938,196.25341796875,43.33000183105469,92.62600708007812,44.598716735839844,61804.640625,40.66525650024414,12.84000015258789
2024-06-26,532.8946533203125,42.662811279296875,42.52376174926758,39.794857025146484,118.42793273925781,111.76214599609375,73.31105041503906,32.50553894042969,141.200439453125,90.15892028808594,475.3844299316406,158.6766815185547,195.7347869873047,43.58000183105469,91.74034881591797,44.78878402709961,60811.27734375,40.579280853271484,12.550000190734863
2024-06-27,533.7348022460938,42.542423248291016,42.622344970703125,39.7463493347168,118.55445098876953,111.81649017333984,72.99788665771484,32.5622444152832,140.96849060058594,90.70970916748047,476.611572265625,158.87025451660156,197.72122192382812,44.0099983215332,92.4070816040039,45.263946533203125,61604.80078125,40.60793685913086,12.239999771118164
2024-06-28,531.6343994140625,42.527976989746094,42.78663635253906,39.88216781616211,118.60311889648438,111.7572021484375,72.67520904541016,32.198394775390625,140.85252380371094,89.70155334472656,474.1375732421875,158.9863739013672,198.5333709716797,43.95000076293945,92.25782012939453,46.66092300415039,60320.13671875,40.68436050415039,12.4399995803833
2024-06-29,,,,,,,,,,,,,,,,,60887.37890625,,
2024-06-30,,,,,,,,,,,,,,,,,62678.29296875,,
2024-07-01,532.7285766601562,41.873023986816406,42.81010055541992,39.969478607177734,117.3282241821289,112.60194396972656,72.1627426147461,31.976299285888672,140.06005859375,90.0064697265625,476.9184265136719,157.69923400878906,196.869873046875,44.45000076293945,92.5862045288086,46.44234848022461,62851.98046875,40.77988815307617,12.220000267028809
2024-07-02,536.3135375976562,41.95008087158203,42.777252197265625,40.435142517089844,117.97053527832031,113.16510009765625,72.66571807861328,32.141685485839844,139.5478973388672,91.75721740722656,481.9259033203125,158.4056854248047,197.54505920410156,44.81999969482422,90.9144058227539,46.993534088134766,62029.015625,40.90407180786133,12.029999732971191
2024-07-03,538.70703125,42.26310729980469,42.96500778198242,40.30902099609375,118.39875030517578,114.6915512084961,72.54235076904297,32.33543014526367,138.48484802246094,92.34244537353516,485.9437561035156,158.4734649658203,197.49615478515625,45.61000061035156,90.42679595947266,46.2332763671875,60173.921875,41.505882263183594,12.09000015258789
2024-07-04,,,,,,,,,,,,,,,,,56977.703125,,
2024-07-05,541.8133544921875,42.330528259277344,42.293758392333984,40.2993278503418,117.97053527832031,115.04230499267578,73.43441772460938,32.39213180541992,139.5575408935547,93.0948715209961,491.0106201171875,158.4056854248047,196.55673217773438,45.95000076293945,91.26268768310547,45.55854415893555,56662.375,41.677825927734375,12.479999542236328
2024-07-06,,,,,,,,,,,,,,,,,58303.5390625,,
2024-07-07,,,,,,,,,,,,,,,,,55849.109375,,
2024-07-08,542.4386596679688,42.45573806762695,42.03558349609375,40.19261169433594,118.11652374267578,115.82775115966797,73.32054901123047,32.425209045410156,139.4029083251953,93.1391372680664,492.1783447265625,158.7153778076172,197.93646240234375,45.88999938964844,92.77528381347656,45.56804656982422,56705.09765625,41.6873779296875,12.369999885559082
2024-07-09,542.9661254882812,42.02231979370117,41.66475296020508,40.503047943115234,117.60072326660156,115.73388671875,73.13074493408203,32.51971435546875,140.07940673828125,93.44895935058594,492.6038818359375,158.4444122314453,197.07537841796875,46.04999923706055,93.90972900390625,46.38532257080078,58009.2265625,41.85932922363281,12.510000228881836
2024-07-10,548.3388671875,42.58576202392578,41.94639587402344,40.658267974853516,118.65177154541016,117.41349792480469,73.45340728759766,32.82685852050781,141.4033966064453,94.15220642089844,497.7400207519531,159.75094604492188,199.00308227539062,45.95000076293945,95.01431274414062,47.392669677734375,57742.49609375,42.098140716552734,12.850000381469727
2024-07-11,543.6109008789062,43.16847229003906,42.3829460144043,40.97841262817383,120.16023254394531,114.47418975830078,73.17818450927734,33.42697525024414,142.3987579345703,92.95716857910156,486.8244934082031,161.67678833007812,206.15609741210938,45.709999084472656,97.48220825195312,49.38835144042969,57344.9140625,42.34650802612305,12.920000076293945
2024-07-12,547.0396118164062,43.58262252807617,42.490909576416016,41.11423110961914,120.85118103027344,115.49677276611328,73.50083923339844,33.67269515991211,143.28785705566406,94.17188262939453,489.6845397949219,163.09942626953125,208.5632781982422,46.790000915527344,98.47733306884766,49.50239181518555,57899.46484375,42.51845169067383,12.460000038146973
2024-07-13,,,,,,,,,,,,,,,,,59231.953125,,
2024-07-14,,,,,,,,,,,,,,,,,60787.79296875,,
2024-07-15,548.5440673828125,43.47185516357422,43.133995056152344,41.71571731567383,121.71733093261719,115.70425415039062,73.07379913330078,32.8552131652832,142.7853240966797,94.06369018554688,491.00067138671875,163.28329467773438,212.5263214111328,47.70000076293945,99.41275024414062,50.94688415527344,64870.15234375,42.06948471069336,13.119999885559082
2024-07-16,551.7970581054688,44.31461715698242,43.326454162597656,42.191078186035156,124.75370025634766,115.31893157958984,73.77605438232422,33.11037826538086,144.82440185546875,95.75050354003906,491.188720703125,166.17697143554688,219.77719116210938,49.400001525878906,101.35323333740234,53.27518081665039,65097.1484375,42.30829620361328,13.1899995803833
2024-07-17,544.0601806640625,44.223121643066406,43.7583122253418,42.51123046875,123.15766906738281,110.83342742919922,74.72508239746094,33.12928009033203,145.48155212402344,94.15220642089844,476.7699279785156,165.49952697753906,217.47763061523438,48.43000030517578,99.313232421875,53.92140197753906,64118.79296875,41.620513916015625,14.479999542236328
2024-07-18,539.8792114257812,43.78488540649414,43.838111877441406,41.9970588684082,122.19419860839844,110.84330749511719,74.35496520996094,33.10093307495117,142.1764678955078,93.19322967529297,474.5135803222656,164.07687377929688,213.26998901367188,46.56999969482422,97.06425476074219,52.94256591796875,63974.06640625,41.22885513305664,15.930000305175781
2024-07-19,536.2939453125,43.39480972290039,43.35931396484375,41.57019805908203,121.52269744873047,109.109375,74.10820770263672,33.13873291015625,142.90127563476562,92.36211395263672,470.3077697753906,162.97360229492188,212.183837890625,46.630001068115234,97.03440856933594,53.20866012573242,66710.15625,40.82765197753906,16.520000457763672
2024-07-20,,,,,,,,,,,,,,,,,67163.6484375,,
2024-07-21,,,,,,,,,,,,,,,,,68154.5234375,,
2024-07-22,541.8232421875,43.53927993774414,43.087059020996094,41.80302810668945,122.7586441040039,111.69298553466797,74.15567016601562,33.41753005981445,143.7227325439453,93.38009643554688,477.3142395019531,164.2607421875,215.5597381591797,47.65999984741211,98.40766906738281,54.10196304321289,67585.25,41.171539306640625,14.90999984741211
2024-07-23,540.9734497070312,43.712646484375,42.4017219543457,41.880638122558594,122.52507781982422,111.24838256835938,73.88993835449219,33.20960998535156,143.6357421875,92.96208953857422,475.63189697265625,163.68008422851562,217.84950256347656,47.7599983215332,99.27344512939453,54.94774627685547,65927.671875,40.80854797363281,14.720000267028809
2024-07-24,528.713623046875,43.154022216796875,42.406410217285156,41.30826187133789,119.88773345947266,106.64431762695312,73.8235092163086,33.582916259765625,144.83407592773438,89.16059112548828,458.57080078125,161.76388549804688,213.17214965820312,44.709999084472656,98.55695343017578,53.94040298461914,65372.1328125,40.216285705566406,18.040000915527344
2024-07-25,525.9588012695312,43.27442169189453,43.13869094848633,41.46348571777344,120.85118103027344,105.50318908691406,73.73810577392578,33.30411911010742,144.10926818847656,88.81143188476562,453.5138244628906,161.9574432373047,215.83375549316406,45.189998626708984,100.48748016357422,55.327877044677734,65777.2265625,40.053890228271484,18.459999084472656
2024-07-26,531.849365234375,43.98233413696289,43.27482604980469,42.11347198486328,122.91436004638672,106.8419189453125,74.48782348632812,33.63016128540039,144.9210662841797,89.80482482910156,458.1650695800781,164.2704315185547,219.4053497314453,45.779998779296875,101.04476165771484,56.28770446777344,67912.0625,40.46465301513672,16.389999389648438
2024-07-27,,,,,,,,,,,,,,,,,67813.3359375,,
2024-07-28,,,,,,,,,,,,,,,,,68255.8671875,,
2024-07-29,532.161865234375,44.059383392333984,42.90398406982422,42.05525588989258,122.70025634765625,106.36768341064453,74.51629638671875,33.781375885009766,145.00802612304688,91.30477905273438,459.08538818359375,164.49301147460938,216.96881103515625,45.93000030517578,99.78093719482422,55.09029769897461,66819.9140625,40.33091735839844,16.600000381469727
2024-07-30,529.4656372070312,43.91490936279297,43.57054901123047,42.54033279418945,123.06034851074219,103.69515228271484,74.01331329345703,33.956214904785156,145.13368225097656,90.79823303222656,452.78155517578125,165.28660583496094,217.790771484375,44.959999084472656,98.50718688964844,55.61297607421875,66201.015625,40.149417877197266,17.690000534057617
2024-07-31,538.072021484375,44.372406005859375,43.75361633300781,42.433616638183594,124.43254089355469,108.08679962158203,73.88045501708984,34.39567565917969,144.60215759277344,92.2047348022461,466.1810302734375,166.0704803466797,219.0531005859375,45.529998779296875,98.57683563232422,55.3848991394043,64619.25,41.028255462646484,16.360000610351562
2024-08-01,530.452392578125,44.19422149658203,42.594181060791016,41.832122802734375,122.12606811523438,104.05577850341797,74.56375122070312,35.014686584472656,146.08071899414062,89.9425277709961,454.8894348144531,164.2220458984375,211.92941284179688,43.209999084472656,98.1887435913086,52.90454864501953,65357.5,40.31181335449219,18.59000015258789
2024-08-02,520.5762329101562,43.36110305786133,41.495758056640625,40.803794860839844,119.4400634765625,101.13130187988281,75.21856689453125,35.07139587402344,145.79083251953125,86.63282012939453,444.0926513671875,161.39613342285156,204.4338836669922,41.209999084472656,95.99948120117188,51.15596008300781,61415.06640625,39.73865509033203,23.389999389648438
2024-08-03,,,,,,,,,,,,,,,,,60680.09375,,
2024-08-04,,,,,,,,,,,,,,,,,58116.9765625,,
2024-08-05,505.41510009765625,42.393131256103516,40.58040237426758,39.62023162841797,117.36714935302734,97.76223754882812,73.73810577392578,34.145225524902344,141.89620971679688,84.18372344970703,430.85150146484375,157.58309936523438,197.85818481445312,39.59000015258789,92.97430419921875,49.749473571777344,53991.45703125,38.611454010009766,38.56999969482422
2024-08-06,510.0747375488281,42.60984420776367,40.829200744628906,40.26051330566406,118.77828979492188,99.09109497070312,74.25057220458984,34.4334716796875,142.55337524414062,85.11320495605469,434.9683837890625,159.1992950439453,200.01092529296875,40.20000076293945,93.97937774658203,49.863521575927734,56034.31640625,38.8311653137207,27.709999084472656
2024-08-07,506.66552734375,42.03194808959961,40.993499755859375,40.30902099609375,118.2041015625,97.48560333251953,74.32649993896484,34.6272087097168,141.10377502441406,83.62802124023438,430.2576904296875,158.07666015625,197.64291381835938,39.470001220703125,91.90951538085938,49.54990768432617,55027.4609375,39.06998062133789,27.850000381469727
2024-08-08,518.378173828125,42.68207931518555,41.875980377197266,40.95901107788086,120.92904663085938,101.12637329101562,75.00028991699219,34.665016174316406,144.22525024414062,85.45252990722656,443.4197082519531,160.94129943847656,202.4474639892578,41.290000915527344,94.53665161132812,50.433712005615234,61710.13671875,39.958370208740234,23.790000915527344
2024-08-09,520.6641235351562,42.64836883544922,41.96986389160156,41.133636474609375,120.9485092163086,101.58084869384766,75.11416625976562,34.783145904541016,144.9403839111328,85.73776245117188,445.7353820800781,161.27996826171875,202.02671813964844,41.459999084472656,95.07401275634766,50.18662643432617,60880.11328125,40.178077697753906,20.3700008392334
2024-08-10,,,,,,,,,,,,,,,,,60945.8125,,
2024-08-11,,,,,,,,,,,,,,,,,58719.484375,,
2024-08-12,520.9376831054688,42.460548400878906,42.17639923095703,40.92020797729492,120.33540344238281,102.41075897216797,74.73457336425781,34.84457778930664,144.38954162597656,85.3984375,446.69537353515625,160.50576782226562,200.2066650390625,40.91999816894531,95.34269714355469,49.6639404296875,59354.515625,40.31181335449219,20.709999084472656
2024-08-13,529.5048217773438,42.884342193603516,41.76801681518555,41.2597541809082,121.60054779052734,105.5575180053711,75.07621002197266,35.047760009765625,146.1387176513672,87.53768920898438,457.779052734375,162.3348846435547,203.50428771972656,42.59000015258789,96.47714233398438,50.27215576171875,60609.56640625,40.760780334472656,18.1200008392334
2024-08-14,531.1752319335938,42.884342193603516,42.01211166381836,41.764225006103516,122.09688568115234,106.13551330566406,75.41785430908203,35.024139404296875,146.66055297851562,87.07051849365234,457.92755126953125,162.67359924316406,202.2419891357422,41.90999984741211,95.62132263183594,50.15811538696289,58737.26953125,40.54106903076172,16.190000534057617
2024-08-15,540.2796630859375,43.563358306884766,42.514381408691406,42.15227508544922,123.74158477783203,109.18842315673828,76.196044921875,35.0194091796875,147.57867431640625,89.84908294677734,469.4962463378906,164.88011169433594,207.4868927001953,43.91999816894531,97.23341369628906,51.308006286621094,57560.09765625,40.99003982543945,15.229999542236328
2024-08-16,541.4910888671875,43.616336822509766,42.467437744140625,42.462711334228516,123.56639862060547,109.37120056152344,76.40482330322266,35.175350189208984,147.7332763671875,90.060546875,470.0999450683594,165.2769012451172,208.03488159179688,44.09000015258789,97.29313659667969,52.144290924072266,58894.10546875,41.46767044067383,14.800000190734863
2024-08-17,,,,,,,,,,,,,,,,,59478.97265625,,
2024-08-18,,,,,,,,,,,,,,,,,58483.96484375,,
2024-08-19,546.66845703125,43.82341384887695,42.7537727355957,42.6955451965332,124.31576538085938,111.17428588867188,76.66105651855469,35.40688705444336,148.63204956054688,91.16708374023438,476.2751159667969,166.53504943847656,210.57904052734375,45.09000015258789,100.35811614990234,52.74299240112305,59493.453125,41.86887741088867,14.649999618530273
2024-08-20,545.7796020507812,43.664493560791016,41.627201080322266,42.55972671508789,123.97513580322266,110.78401947021484,77.04066467285156,35.33129119873047,149.231201171875,91.08348083496094,475.275634765625,165.87693786621094,208.12294006347656,44.540000915527344,100.33821868896484,51.75465774536133,59012.79296875,41.54409408569336,15.880000114440918
2024-08-21,547.6551513671875,44.16533279418945,41.69760513305664,42.4918212890625,124.72450256347656,111.43611145019531,77.5626220703125,35.581729888916016,149.48243713378906,92.23424530029297,477.49237060546875,167.0382537841797,210.83346557617188,45.61000061035156,101.3233871459961,52.05876159667969,61175.19140625,41.706485748291016,16.270000457763672
2024-08-22,543.3568725585938,44.07383346557617,41.805572509765625,42.734352111816406,124.56879425048828,108.87226104736328,77.44873809814453,35.53919982910156,149.57908630371094,90.640869140625,469.9217529296875,166.56407165527344,208.9742431640625,44.25,99.65156555175781,52.210811614990234,60381.9140625,41.19064712524414,17.549999237060547
2024-08-23,549.1302490234375,44.65654373168945,42.42988204956055,43.10300064086914,125.81446838378906,110.6358413696289,77.66700744628906,35.638427734375,150.22657775878906,92.39161682128906,475.018310546875,168.6834716796875,215.6478271484375,46.2400016784668,101.014892578125,54.862220764160156,64094.35546875,41.87843322753906,15.859999656677246
2024-08-24,,,,,,,,,,,,,,,,,64178.9921875,,
2024-08-25,,,,,,,,,,,,,,,,,64333.54296875,,
2024-08-26,547.8211059570312,44.85398483276367,42.81010055541992,43.23881912231445,125.67822265625,109.24769592285156,78.21742248535156,35.86997604370117,150.14926147460938,91.67362213134766,470.4067077636719,168.6544647216797,215.71630859375,45.72999954223633,101.2039566040039,54.45357894897461,62880.66015625,41.52499008178711,16.149999618530273
2024-08-27,548.573486328125,44.85879898071289,42.411102294921875,43.461952209472656,125.75609588623047,109.90966033935547,78.40723419189453,35.586456298828125,150.3812255859375,91.43263244628906,471.8119201660156,168.73187255859375,214.0430450439453,45.41999816894531,100.57704162597656,53.9308967590332,59504.1328125,41.58230209350586,15.430000305175781
2024-08-28,545.3887329101562,44.66617202758789,42.13884735107422,43.56867218017578,125.69768524169922,108.39307403564453,78.07508087158203,35.586456298828125,150.55517578125,90.54741668701172,466.45806884765625,168.267333984375,212.59478759765625,44.27000045776367,100.04963684082031,54.39655685424805,59027.625,41.32438278198242,17.110000610351562
2024-08-29,545.4375610351562,44.91177749633789,42.68806076049805,43.956729888916016,126.58330535888672,107.41497039794922,77.68598937988281,35.78019332885742,150.87405395507812,90.6556167602539,465.7752685546875,168.89639282226562,214.11151123046875,44.68000030517578,100.4178237915039,54.548614501953125,59388.1796875,41.34348678588867,15.649999618530273
2024-08-30,550.6444091796875,45.40298080444336,42.847652435302734,44.37388610839844,127.93605041503906,108.84262084960938,78.30284881591797,36.049537658691406,151.91775512695312,92.02277374267578,471.3270568847656,170.20289611816406,215.35426330566406,44.81999969482422,100.76612091064453,54.95724868774414,59119.4765625,41.42945861816406,15.0
2024-08-31,,,,,,,,,,,,,,,,,58969.8984375,,
2024-09-01,,,,,,,,,,,,,,,,,57325.48828125,,
2024-09-02,,,,,,,,,,,,,,,,,59112.48046875,,
2024-09-03,539.3126220703125,44.372406005859375,41.782100677490234,44.044036865234375,125.10404968261719,103.8433609008789,78.85326385498047,35.997562408447266,151.6278533935547,90.75889587402344,457.01708984375,168.0157470703125,208.7687530517578,42.97999954223633,98.17880249023438,54.25400924682617,57431.0234375,40.60793685913086,20.719999313354492
2024-09-04,538.2088012695312,44.18941116333008,41.2047233581543,44.0925407409668,125.23056030273438,103.57659149169922,79.22339630126953,36.30470657348633,151.36692810058594,90.99495697021484,455.8294982910156,167.77377319335938,208.41650390625,42.869998931884766,98.03946685791016,53.59829330444336,57971.5390625,40.598388671875,21.31999969482422
2024-09-05,536.8997802734375,43.842674255371094,40.885528564453125,43.60747528076172,123.7707748413086,103.41852569580078,78.91970825195312,36.21492385864258,149.2891845703125,92.02770233154297,456.255126953125,166.7479248046875,207.37924194335938,43.599998474121094,97.60162353515625,53.07561111450195,56160.48828125,40.65570068359375,19.899999618530273
2024-09-06,527.8636474609375,43.28886795043945,40.373870849609375,42.96718978881836,122.51535034179688,100.7361068725586,78.75836181640625,35.86997604370117,148.7769775390625,89.70155334472656,444.03326416015625,164.95758056640625,203.43580627441406,41.59000015258789,96.04924011230469,52.115779876708984,53948.75390625,39.91060256958008,22.3799991607666
2024-09-07,,,,,,,,,,,,,,,,,54139.6875,,
2024-09-08,,,,,,,,,,,,,,,,,54841.56640625,,
2024-09-09,533.7738037109375,43.70783615112305,40.6649055480957,43.60747528076172,124.39361572265625,102.38606262207031,79.36573028564453,36.233821868896484,149.82069396972656,91.00970458984375,449.743408203125,166.5543975830078,204.0033416748047,42.63999938964844,97.41255187988281,52.52442169189453,57019.53515625,40.24494552612305,19.450000762939453
2024-09-10,536.0986938476562,43.72710037231445,39.96548843383789,43.161216735839844,124.60770416259766,103.91746520996094,79.34675598144531,36.403934478759766,150.50682067871094,92.05227661132812,453.8998107910156,166.65118408203125,203.83697509765625,43.290000915527344,97.62152099609375,52.06826400756836,57648.7109375,40.09210205078125,19.079999923706055
2024-09-11,541.5984497070312,43.83304214477539,39.59465789794922,42.957489013671875,124.83155822753906,107.46436309814453,78.60653686523438,36.517337799072266,150.06228637695312,92.971923828125,463.7563781738281,166.7285919189453,204.4338836669922,44.22999954223633,98.41761779785156,51.460060119628906,57343.171875,40.38822937011719,17.690000534057617
2024-09-12,546.1605224609375,44.237571716308594,39.95140838623047,43.05449676513672,125.79499816894531,108.35355377197266,79.09052276611328,36.59767150878906,150.6034698486328,94.01942443847656,468.3087158203125,167.76409912109375,207.06614685058594,44.97999954223633,98.57683563232422,51.659629821777344,58127.01171875,40.722572326660156,17.06999969482422
2024-09-13,549.0130004882812,44.63727951049805,40.17672348022461,43.18061828613281,127.06990051269531,108.89695739746094,79.65044403076172,37.11273193359375,150.91273498535156,94.65875244140625,470.4067077636719,169.37059020996094,212.17404174804688,45.7599983215332,100.71635437011719,53.047096252441406,60571.30078125,40.91362380981445,16.559999465942383
2024-09-14,,,,,,,,,,,,,,,,,60005.12109375,,
2024-09-15,,,,,,,,,,,,,,,,,59182.8359375,,
2024-09-16,549.82373046875,45.05143356323242,40.63673400878906,43.74329376220703,127.72193908691406,108.48200225830078,79.963623046875,37.39625549316406,151.95643615722656,94.4964599609375,468.3284606933594,170.59970092773438,212.93727111816406,45.689998626708984,100.7860107421875,53.73133087158203,58192.5078125,41.047359466552734,17.139999389648438
2024-09-17,550.0484008789062,45.13811111450195,41.185951232910156,43.976131439208984,128.42266845703125,108.26957702636719,79.20441436767578,37.36790084838867,150.390869140625,94.97840118408203,468.57586669921875,170.85130310058594,214.69863891601562,46.060001373291016,100.45761108398438,54.177982330322266,60308.5390625,41.09511947631836,17.610000610351562
2024-09-18,548.4171752929688,44.94548416137695,41.265750885009766,43.84030532836914,128.3155975341797,107.28157806396484,78.90072631835938,37.08438491821289,150.13958740234375,94.7915267944336,466.54718017578125,170.53196716308594,214.73777770996094,46.18000030517578,100.31830596923828,54.415565490722656,61649.6796875,40.95183181762695,18.229999542236328
2024-09-19,557.7755126953125,45.624507904052734,41.75863265991211,44.325374603271484,130.5247344970703,110.4678726196289,78.43571472167969,36.86701202392578,150.6807861328125,96.9504623413086,478.3433837890625,172.35134887695312,219.16075134277344,47.41999816894531,101.93041229248047,55.95509338378906,62940.45703125,41.82111358642578,16.329999923706055
2024-09-20,556.8113403320312,45.301849365234375,41.66475296020508,44.2962646484375,129.60995483398438,109.9294204711914,78.81532287597656,37.840431213378906,150.06228637695312,96.72916412353516,477.4329833984375,171.72232055664062,216.81227111816406,46.900001525878906,101.11441040039062,54.8242073059082,63192.9765625,41.73514175415039,16.149999618530273
2024-09-21,,,,,,,,,,,,,,,,,63394.83984375,,
2024-09-22,,,,,,,,,,,,,,,,,63648.7109375,,
2024-09-23,558.2028198242188,45.697540283203125,42.1792106628418,44.24271774291992,130.4798583984375,109.90912628173828,79.27229309082031,38.21579360961914,149.7683563232422,97.90448760986328,478.69854736328125,172.60159301757812,216.01963806152344,46.939998626708984,98.72079467773438,54.38605499267578,63329.80078125,42.059932708740234,15.890000343322754
2024-09-24,559.7999267578125,46.32154846191406,42.07508850097656,43.87273025512695,131.41717529296875,110.6613540649414,79.08148956298828,37.94462585449219,149.46766662597656,98.76197052001953,481.007568359375,172.8542022705078,216.3817138671875,47.45000076293945,98.24304962158203,53.64943313598633,64301.96875,43.4928092956543,15.390000343322754
2024-09-25,558.5653686523438,46.011966705322266,41.25157165527344,43.60984802246094,130.80206298828125,110.97807312011719,78.88114166259766,38.14442825317383,148.01266479492188,98.40715789794922,481.4535217285156,171.7854766845703,213.74246215820312,46.86000061035156,97.28759765625,52.8458366394043,63143.14453125,43.03428649902344,15.40999984741211
2024-09-26,560.77978515625,46.96489715576172,40.44224548339844,43.83378219604492,131.4562225341797,112.44788360595703,79.06241607666016,37.882774353027344,148.50738525390625,98.8260269165039,485.07073974609375,173.22340393066406,214.8814239501953,47.27000045776367,97.72552490234375,53.42939758300781,65181.01953125,44.61046600341797,15.369999885559082
2024-09-27,559.9664916992188,46.882667541503906,41.265769958496094,43.96036148071289,131.6417236328125,111.39873504638672,79.20552062988281,38.25860595703125,148.42979431152344,98.97386169433594,482.37518310546875,173.84523010253906,216.3345947265625,47.880001068115234,97.9643783569336,53.496360778808594,65790.6640625,44.52449035644531,16.959999084472656
2024-09-28,,,,,,,,,,,,,,,,,65887.6484375,,
2024-09-29,,,,,,,,,,,,,,,,,65635.3046875,,
2024-09-30,562.2103881835938,46.62145233154297,41.554473876953125,44.12588119506836,132.2373046875,111.725341796875,79.18643951416016,38.42987060546875,149.39979553222656,98.74224853515625,483.683349609375,174.06869506835938,216.8844451904297,47.529998779296875,98.33263397216797,54.14689254760742,63329.5,43.808048248291016,16.729999542236328
2024-10-01,557.1738891601562,46.50536346435547,42.50104522705078,43.892208099365234,132.30564880371094,109.00347900390625,78.91930389404297,38.73910140991211,148.61407470703125,98.34307861328125,476.9443664550781,173.1456756591797,213.93881225585938,46.18000030517578,97.50656127929688,52.33880615234375,60837.0078125,44.12328338623047,19.260000228881836
2024-10-02,557.4091186523438,46.32638168334961,42.936466217041016,43.94088363647461,132.06155395507812,109.81013488769531,78.25145721435547,38.75812911987305,148.3133544921875,97.51025390625,477.6183166503906,172.96107482910156,213.64427185058594,45.869998931884766,97.62598419189453,52.224002838134766,60632.78515625,44.9925651550293,18.899999618530273
2024-10-03,556.3899536132812,45.81363296508789,43.6937255859375,43.707210540771484,131.3878936767578,110.26544952392578,77.46914672851562,38.74386215209961,146.9747772216797,96.3817367553711,477.2615661621094,172.1449432373047,212.21075439453125,45.38999938964844,96.18284606933594,52.34837341308594,60759.40234375,44.45762634277344,20.489999771118164
2024-10-04,561.4461059570312,46.0361442565918,44.100746154785156,44.44718933105469,132.30564880371094,111.49275970458984,77.72673797607422,38.682010650634766,147.09117126464844,97.65808868408203,482.9400329589844,173.49546813964844,215.17596435546875,46.54999923706055,97.04874420166016,53.41982650756836,62067.4765625,44.868385314941406,19.209999084472656
2024-10-05,,,,,,,,,,,,,,,,,62089.94921875,,
2024-10-06,,,,,,,,,,,,,,,,,62818.953125,,
2024-10-07,556.370361328125,45.90070724487305,44.25693130493164,43.90194320678711,131.98345947265625,110.72570037841797,76.9539566040039,37.79238510131836,146.44126892089844,96.14026641845703,477.7669677734375,172.1449432373047,213.48716735839844,45.90999984741211,95.87431335449219,53.180667877197266,62236.66015625,45.24093246459961,22.639999389648438
2024-10-08,561.6323852539062,45.68785858154297,43.10211944580078,44.155094146728516,132.27633666992188,112.7943115234375,77.3355712890625,37.81141662597656,147.2366943359375,97.07658386230469,484.9022216796875,172.5530242919922,213.63446044921875,46.63999938964844,96.64067077636719,53.01803207397461,62131.96875,44.12328338623047,21.420000076293945
2024-10-09,565.5224609375,45.97809982299805,43.362422943115234,44.56402587890625,133.45773315429688,114.0562744140625,77.80306243896484,37.4879150390625,148.7401885986328,97.77142333984375,488.7176818847656,173.73834228515625,214.10574340820312,46.650001525878906,95.85440826416016,53.70683288574219,60582.1015625,43.884464263916016,20.860000610351562
2024-10-10,564.53271484375,46.08452224731445,43.655860900878906,44.427711486816406,132.77430725097656,114.02657318115234,77.45960998535156,37.373741149902344,148.18728637695312,97.28848266601562,488.16265869140625,173.0873565673828,212.91770935058594,46.16999816894531,95.76483154296875,53.65899658203125,60274.5,43.97043991088867,20.93000030517578
2024-10-11,567.9132690429688,46.38443374633789,43.925636291503906,45.284523010253906,135.14683532714844,114.22452545166016,77.88893127441406,37.701995849609375,149.273681640625,96.87454223632812,488.9257507324219,174.78765869140625,217.24771118164062,46.63999938964844,98.21320343017578,55.51491165161133,62445.08984375,44.285675048828125,20.459999084472656
2024-10-12,,,,,,,,,,,,,,,,,63193.0234375,,
2024-10-13,,,,,,,,,,,,,,,,,62851.375,,
2024-10-14,572.557861328125,46.65047836303711,43.906700134277344,45.56688690185547,135.9571990966797,115.7141342163086,78.20376586914062,38.17772674560547,150.09820556640625,97.29835510253906,493.0285339355469,176.07015991210938,218.84817504882812,47.369998931884766,98.60134887695312,55.954978942871094,66046.125,44.10417556762695,19.700000762939453
2024-10-15,568.1092529296875,46.60210418701172,42.4915771484375,45.664249420166016,134.9125213623047,113.17041778564453,78.69986724853516,38.3489990234375,148.26490783691406,97.51025390625,486.4383239746094,175.2734375,219.02491760253906,47.290000915527344,98.84021759033203,56.56724166870117,67041.109375,43.168025970458984,20.639999389648438
2024-10-16,570.5785522460938,46.96489715576172,42.69508743286133,46.22896957397461,135.9571990966797,113.52178192138672,78.64262390136719,39.110172271728516,148.68199157714844,98.02277374267578,486.4977722167969,176.45877075195312,222.6283416748047,47.689998626708984,99.77577209472656,57.34212875366211,67612.71875,43.50236892700195,19.579999923706055
2024-10-17,570.6275024414062,47.03745651245117,42.89860534667969,46.35553741455078,135.5666961669922,113.86820983886719,78.28962707519531,38.76288986206055,147.81866455078125,97.93405151367188,486.8346862792969,176.17703247070312,222.01959228515625,47.040000915527344,98.83027648925781,57.839595794677734,67399.8359375,43.43550109863281,19.110000610351562
2024-10-18,572.8224487304688,47.226112365722656,42.756614685058594,46.36527633666992,135.9767303466797,114.27401733398438,78.46135711669922,38.986480712890625,148.53648376464844,98.31844329833984,490.0257873535156,176.70166015625,221.55809020996094,48.029998779296875,99.35775756835938,57.05513381958008,68418.7890625,43.86536407470703,18.030000686645508
2024-10-19,,,,,,,,,,,,,,,,,68362.734375,,
2024-10-20,,,,,,,,,,,,,,,,,69001.703125,,
2024-10-21,571.8817138671875,46.863311767578125,42.62882614135742,45.99528884887695,135.49832153320312,114.8084945678711,77.80306243896484,38.83424377441406,146.7904815673828,97.55460357666016,490.96728515625,175.1957244873047,218.07249450683594,47.380001068115234,97.68571472167969,55.3809814453125,67367.8515625,43.5596809387207,18.3700008392334
2024-10-22,571.5779418945312,46.43280029296875,42.72821807861328,45.90766143798828,133.85806274414062,114.6897201538086,78.2419204711914,38.696285247802734,146.5770721435547,97.16036987304688,491.50238037109375,174.4087371826172,217.24771118164062,47.150001525878906,97.80513763427734,56.07933807373047,67361.40625,43.46415710449219,18.200000762939453
2024-10-23,566.355224609375,46.307037353515625,42.505775451660156,45.86871337890625,133.4674835205078,113.04669189453125,78.08927154541016,39.06736373901367,145.88836669921875,95.63268280029297,483.970703125,173.8354949951172,215.2643585205078,45.7599983215332,96.21271514892578,56.11760711669922,66432.1953125,43.20623779296875,19.239999771118164
2024-10-24,567.5801391601562,45.74107360839844,42.50104522705078,45.90766143798828,132.54971313476562,113.3782730102539,77.98433685302734,38.81521224975586,144.92807006835938,98.64862060546875,487.8951110839844,173.87435913085938,215.7356414794922,47.380001068115234,96.78996276855469,56.40460968017578,68161.0546875,43.139373779296875,19.079999923706055
2024-10-25,567.3840942382812,45.450836181640625,42.48684310913086,45.4013671875,132.1982421875,113.96717834472656,77.3355712890625,38.23957824707031,144.13265991210938,98.9590835571289,490.8681945800781,173.0485076904297,214.92071533203125,47.66999816894531,96.69043731689453,55.39054870605469,66642.4140625,43.101158142089844,20.329999923706055
2024-10-26,,,,,,,,,,,,,,,,,67014.6953125,,
2024-10-27,,,,,,,,,,,,,,,,,67929.296875,,
2024-10-28,569.13818359375,45.82814407348633,42.217071533203125,45.96607971191406,132.58880615234375,113.93254852294922,77.47868347167969,38.53929138183594,144.34605407714844,99.19068908691406,490.9474182128906,174.02981567382812,218.42596435546875,48.400001525878906,98.02409362792969,56.978599548339844,69907.7578125,43.292205810546875,19.799999237060547
2024-10-29,570.0592041015625,45.53307342529297,41.57339859008789,45.683719635009766,132.4130401611328,115.46669006347656,76.71544647216797,37.71626663208008,143.94834899902344,98.67325592041016,495.6646728515625,173.50515747070312,217.71902465820312,48.40999984741211,98.09376525878906,56.643768310546875,72720.4921875,43.15847396850586,19.34000015258789
2024-10-30,568.3345947265625,45.7797737121582,41.66806411743164,45.888187408447266,132.18850708007812,113.63067626953125,76.5914077758789,37.625877380371094,143.6767578125,98.53526306152344,491.9186096191406,173.12625122070312,217.4244384765625,48.22999954223633,97.95442199707031,57.21776580810547,72339.5390625,42.738162994384766,20.350000381469727
2024-10-31,557.193603515625,45.17512130737305,41.92836380004883,45.255313873291016,130.6653594970703,109.98336029052734,76.43875885009766,38.0159797668457,142.46424865722656,97.02730560302734,479.5012512207031,171.28024291992188,213.81117248535156,45.88999938964844,96.57099151611328,56.39503479003906,70215.1875,42.46113967895508,23.15999984741211
2024-11-01,559.545166015625,45.04934310913086,41.663326263427734,45.41110610961914,130.8411102294922,110.809814453125,76.46739959716797,37.16917037963867,143.30816650390625,98.60426330566406,483.049072265625,171.3870849609375,215.00904846191406,46.63999938964844,98.80040740966797,56.098480224609375,69482.46875,42.499351501464844,21.8799991607666
2024-11-02,,,,,,,,,,,,,,,,,69289.2734375,,
2024-11-03,,,,,,,,,,,,,,,,,68741.1171875,,
2024-11-04,558.3399658203125,45.24767303466797,42.39218521118164,45.060585021972656,130.69467163085938,110.72570037841797,76.67727661132812,36.726741790771484,142.36727905273438,98.26422882080078,481.641845703125,171.59115600585938,216.0989227294922,46.68000030517578,98.75065612792969,55.6105842590332,67811.5078125,42.738162994384766,21.979999542236328
2024-11-05,565.09130859375,45.315391540527344,42.67616271972656,45.47925567626953,132.88169860839844,112.28457641601562,77.1638412475586,37.278587341308594,143.4148712158203,100.00381469726562,487.7861328125,173.59259033203125,220.16387939453125,48.189998626708984,100.14402770996094,56.56724166870117,69359.5625,43.32086944580078,20.489999771118164
2024-11-06,579.1426391601562,45.93940353393555,44.28059387207031,48.24441909790039,138.08566284179688,115.48153686523438,75.90448760986328,36.893245697021484,143.5991668701172,103.20208740234375,501.035888671875,177.702392578125,232.91830444335938,52.13999938964844,101.95541381835938,64.1535415649414,75639.078125,42.785926818847656,16.270000457763672
2024-11-07,583.6205444335938,46.11837387084961,44.077083587646484,47.46550750732422,137.2557830810547,117.49571990966797,76.18116760253906,36.9598503112793,144.63706970214844,104.52772521972656,508.9243469238281,177.87725830078125,232.09353637695312,52.689998626708984,102.52271270751953,61.828857421875,75904.859375,43.73162841796875,15.199999809265137
2024-11-08,586.148681640625,45.697540283203125,44.37051773071289,47.89391326904297,138.73007202148438,117.36705017089844,77.10659790039062,37.6686897277832,145.6749725341797,106.01103973388672,509.5189514160156,178.86831665039062,233.80198669433594,54.06999969482422,103.68718719482422,62.163700103759766,76545.4765625,42.652191162109375,14.9399995803833
2024-11-09,,,,,,,,,,,,,,,,,76778.8671875,,
2024-11-10,,,,,,,,,,,,,,,,,80474.1875,,
2024-11-11,586.7072143554688,45.49921417236328,44.62136459350586,48.57546615600586,139.80404663085938,116.71875762939453,76.83946990966797,37.77335739135742,144.8213653564453,108.1498031616211,509.2217102050781,179.7621612548828,237.3170623779297,57.849998474121094,103.0402603149414,64.08658599853516,88701.484375,42.32740783691406,14.970000267028809
2024-11-12,584.8846435546875,44.725250244140625,44.38471984863281,48.42941665649414,138.60311889648438,116.86720275878906,76.92532348632812,37.34043502807617,142.80377197265625,106.70589447021484,508.300048828125,178.39224243164062,233.15394592285156,56.810001373291016,100.03453826904297,63.71347427368164,87955.8125,41.52499008178711,14.710000038146973
2024-11-13,585.1687622070312,44.8316764831543,44.730224609375,48.45863342285156,138.8960418701172,116.4614028930664,77.1543197631836,37.27383041381836,142.4254608154297,107.61756896972656,507.6459655761719,178.4893798828125,230.84654235839844,55.84000015258789,99.53691864013672,63.32126235961914,90584.1640625,41.25751495361328,14.020000457763672
2024-11-14,581.4060668945312,44.46403884887695,44.900604248046875,48.33205032348633,136.55276489257812,116.06550598144531,76.96349334716797,37.145389556884766,140.18475341796875,106.08988952636719,504.11798095703125,177.06114196777344,227.7340545654297,53.849998474121094,96.50133514404297,62.97685241699219,87250.4296875,41.028255462646484,14.3100004196167
2024-11-15,573.9591064453125,44.154449462890625,44.83434295654297,48.55599594116211,135.82052612304688,113.18526458740234,76.28611755371094,37.701995849609375,137.58514404296875,105.18314361572266,492.1069030761719,175.79811096191406,224.3367919921875,53.459999084472656,91.3956069946289,62.986419677734375,91066.0078125,41.028255462646484,16.139999389648438
2024-11-16,,,,,,,,,,,,,,,,,90558.4765625,,
2024-11-17,,,,,,,,,,,,,,,,,89845.8515625,,
2024-11-18,576.310791015625,44.49789810180664,45.4306755065918,48.70204544067383,135.635009765625,113.55148315429688,76.82038116455078,38.03025436401367,137.68215942382812,106.1539535522461,495.52593994140625,176.50735473632812,224.77862548828125,55.11000061035156,91.52498626708984,62.871620178222656,90542.640625,41.4963264465332,15.579999923706055
2024-11-19,578.4175415039062,44.352779388427734,45.1419677734375,48.380733489990234,135.5178680419922,114.48187255859375,76.92532348632812,38.27287673950195,136.9740447998047,106.23280334472656,498.9349670410156,176.03128051757812,226.4478302001953,55.91999816894531,92.72926330566406,62.508079528808594,92343.7890625,41.46767044067383,16.350000381469727
2024-11-20,578.613525390625,44.715576171875,45.59632873535156,48.23468780517578,135.66427612304688,114.38288879394531,76.53416442871094,38.29190444946289,138.59397888183594,105.76464080810547,498.6475524902344,176.6239471435547,226.7423553466797,55.279998779296875,93.56529235839844,62.33589172363281,94339.4921875,41.4199104309082,17.15999984741211
2024-11-21,581.7196044921875,45.26218795776367,45.965492248535156,48.848087310791016,137.36317443847656,115.5458755493164,77.36419677734375,38.95793914794922,139.70945739746094,105.95191192626953,500.44134521484375,178.848876953125,230.188720703125,54.77000045776367,93.85391998291016,63.263851165771484,98504.7265625,41.33393478393555,16.8700008392334
2024-11-22,583.5226440429688,45.51371765136719,46.0364875793457,49.39333724975586,139.2768096923828,115.60527038574219,78.0797348022461,38.748619079589844,139.8355712890625,107.4795913696289,501.2440490722656,180.25767517089844,234.440185546875,56.209999084472656,95.78473663330078,64.8519058227539,98997.6640625,41.34348678588867,15.239999771118164
2024-11-23,,,,,,,,,,,,,,,,,97777.28125,,
2024-11-24,,,,,,,,,,,,,,,,,98013.8203125,,
2024-11-25,585.501953125,45.982933044433594,45.127777099609375,49.71464538574219,140.14576721191406,115.60031127929688,78.5090560913086,38.81997299194336,141.02867126464844,108.57854461669922,502.036865234375,181.88990783691406,238.00437927246094,57.029998779296875,97.16816711425781,65.9137954711914,93102.296875,41.37215042114258,14.600000381469727
2024-11-26,588.55908203125,45.63949203491211,45.066253662109375,49.81200408935547,140.311767578125,116.1793212890625,78.83343505859375,39.43843078613281,141.78526306152344,108.97276306152344,504.732421875,181.90936279296875,236.25665283203125,56.20000076293945,98.38240051269531,65.20585632324219,91985.3203125,41.200199127197266,14.100000381469727
2024-11-27,586.7757568359375,45.61530685424805,45.018917083740234,49.909366607666016,139.79425048828125,114.6055908203125,78.9956283569336,39.43843078613281,142.5418701171875,108.43561553955078,500.7584533691406,181.73446655273438,236.58065795898438,57.150001525878906,99.52696228027344,64.99540710449219,95962.53125,41.25751495361328,14.100000381469727
2024-11-28,,,,,,,,,,,,,,,,,95652.46875,,
2024-11-29,590.4208374023438,45.84749221801758,45.21297073364258,49.98726272583008,140.5851287841797,115.66959381103516,79.39633178710938,39.45270538330078,142.98806762695312,109.54934692382812,505.1585693359375,182.28826904296875,237.4839630126953,57.97999954223633,99.14875793457031,64.79449462890625,97461.5234375,41.32438278198242,13.510000228881836
2024-11-30,,,,,,,,,,,,,,,,,96449.0546875,,
2024-12-01,,,,,,,,,,,,,,,,,97279.7890625,,
2024-12-02,591.479248046875,45.8184700012207,44.73495101928711,49.490699768066406,139.55018615722656,116.76823425292969,79.30093383789062,38.60589599609375,142.73587036132812,110.50538635253906,510.65869140625,181.8316192626953,237.3661651611328,59.470001220703125,98.84021759033203,64.18223571777344,95865.3046875,41.48677444458008,13.34000015258789
2024-12-03,591.7534790039062,45.67335510253906,44.730224609375,49.1207160949707,138.67149353027344,117.18889617919922,78.89069366455078,38.27287673950195,142.415771484375,110.42160034179688,512.2244873046875,181.0252227783203,235.6773223876953,58.9900016784668,97.22789001464844,63.61780548095703,96002.1640625,41.572750091552734,13.300000190734863
2024-12-04,595.4280395507812,45.22832489013672,43.651126861572266,48.93571853637695,139.2768096923828,119.33174896240234,78.6712417602539,38.26811981201172,142.3381805419922,111.44661712646484,518.5570678710938,181.03492736816406,236.52174377441406,60.83000183105469,98.32266998291016,63.8187141418457,98768.53125,41.677825927734375,13.449999809265137
2024-12-05,594.4481201171875,44.63334655761719,43.821510314941406,49.08176803588867,137.58770751953125,118.72798156738281,78.98609161376953,38.387054443359375,140.7473907470703,112.3582992553711,517.1201171875,180.13136291503906,233.76271057128906,60.380001068115234,96.86958312988281,63.493446350097656,96593.5703125,41.95484924316406,13.539999961853027
2024-12-06,595.5750732421875,44.459205627441406,43.078453063964844,49.07202911376953,137.23623657226562,119.18822479248047,78.59492492675781,37.911319732666016,139.95196533203125,114.72373962402344,521.7481079101562,179.92733764648438,234.5972900390625,62.900001525878906,98.6710205078125,63.67521667480469,99920.7109375,41.88798522949219,12.770000457763672
2024-12-07,,,,,,,,,,,,,,,,,99923.3359375,,
2024-12-08,,,,,,,,,,,,,,,,,101236.015625,,
2024-12-09,592.508056640625,44.44953155517578,43.0074577331543,48.40020751953125,136.04510498046875,118.4112548828125,78.47089385986328,37.435585021972656,140.35934448242188,114.35906982421875,517.6849365234375,179.1889190673828,233.41903686523438,61.310001373291016,97.77527618408203,62.642024993896484,97432.71875,42.747711181640625,14.1899995803833
2024-12-10,590.6658325195312,43.99482727050781,42.714019775390625,48.390472412109375,135.71310424804688,116.76823425292969,78.84297180175781,37.16441345214844,139.77735900878906,114.54631805419922,515.9209594726562,178.0910186767578,232.40771484375,60.59000015258789,96.95915222167969,62.632450103759766,96675.4296875,42.059932708740234,14.180000305175781
2024-12-11,595.2321166992188,43.840030670166016,42.78501510620117,48.48783874511719,135.40066528320312,118.46074676513672,78.2419204711914,36.931312561035156,137.8761749267578,116.55696105957031,525.1571044921875,178.25619506835938,233.45835876464844,61.810001373291016,96.51129913330078,62.95772171020508,101173.03125,42.23187255859375,13.579999923706055
2024-12-12,592.1650390625,43.53529357910156,42.43951416015625,48.27363967895508,134.53173828125,117.79759979248047,78.47089385986328,36.912269592285156,136.78005981445312,115.591064453125,521.7678833007812,177.60525512695312,230.42434692382812,60.91999816894531,93.75439453125,62.1923942565918,100043.0,42.02172088623047,13.920000076293945
2024-12-13,592.0474853515625,43.16282272338867,42.22654342651367,48.23468780517578,134.1802215576172,118.3023910522461,78.27053833007812,36.93606185913086,136.76065063476562,116.04937744140625,525.76171875,176.98342895507812,228.84359741210938,61.33000183105469,92.95816802978516,61.96279525756836,101459.2578125,42.059932708740234,13.8100004196167
2024-12-14,,,,,,,,,,,,,,,,,101372.96875,,
2024-12-15,,,,,,,,,,,,,,,,,104298.6953125,,
2024-12-16,594.5755004882812,42.780677795410156,41.29889678955078,48.147056579589844,134.29739379882812,119.48515319824219,77.86029815673828,36.6411018371582,135.13104248046875,117.62140655517578,533.3330078125,176.40049743652344,230.188720703125,62.939998626708984,94.31173706054688,62.2689208984375,106029.71875,41.83066940307617,14.6899995803833
2024-12-17,592.1257934570312,42.54365158081055,40.99126052856445,47.8062744140625,133.0671844482422,118.76263427734375,77.72673797607422,36.48887634277344,135.03404235839844,117.99099731445312,530.9843139648438,175.01112365722656,227.55345153808594,62.97999954223633,94.14253234863281,60.805240631103516,106140.6015625,41.73061752319336,15.869999885559082
2024-12-18,574.4783935546875,41.33433151245117,39.77965545654297,46.37501907348633,129.30825805664062,114.93221282958984,76.5437240600586,35.62778854370117,133.2007598876953,112.67369842529297,511.82806396484375,169.83258056640625,217.47914123535156,58.560001373291016,89.50458526611328,57.64826202392578,100041.5390625,40.75923156738281,27.6200008392334
2024-12-19,574.302001953125,40.88930892944336,39.43415069580078,46.54053497314453,129.14227294921875,115.05594635009766,75.99990844726562,35.78953552246094,132.1919403076172,112.52092742919922,509.5487365722656,169.26907348632812,216.51405334472656,58.16999816894531,89.38513946533203,57.141231536865234,97490.953125,40.895225524902344,24.09000015258789
2024-12-20,581.199951171875,41.39722442626953,39.82224655151367,47.23182678222656,130.65560913085938,116.77318572998047,76.26704406738281,36.36042404174805,133.8603515625,112.80675506591797,513.9983520507812,171.63973999023438,218.54269409179688,59.400001525878906,90.84819793701172,58.17441940307617,97755.9296875,41.06036376953125,18.360000610351562
2024-12-21,,,,,,,,,,,,,,,,,97224.7265625,,
2024-12-22,,,,,,,,,,,,,,,,,95104.9375,,
2024-12-23,584.6803588867188,41.36512756347656,40.05610275268555,47.345252990722656,130.62615966796875,118.01043701171875,75.8652114868164,36.48418045043945,135.19720458984375,113.1489028930664,519.006103515625,171.87371826171875,218.04046630859375,59.2400016784668,91.45832061767578,58.36898422241211,94686.2421875,41.29349136352539,16.780000686645508
2024-12-24,591.1790771484375,41.588802337646484,40.394954681396484,47.90260314941406,131.64669799804688,119.22984313964844,76.36508178710938,36.68564224243164,135.7526092529297,115.76569366455078,526.0437622070312,173.1704864501953,219.9903106689453,60.959999084472656,91.54789733886719,58.79279327392578,98676.09375,41.41977310180664,14.270000457763672
2024-12-25,,,,,,,,,,,,,,,,,99299.1953125,,
2024-12-26,591.2183837890625,41.52558898925781,40.36154556274414,48.019935607910156,131.7447967529297,119.30917358398438,76.60540771484375,36.599300384521484,136.0254364013672,115.33613586425781,525.6864013671875,173.4532470703125,222.24546813964844,60.959999084472656,92.21475982666016,59.07211685180664,95795.515625,41.274070739746094,14.729999542236328
2024-12-27,584.9950561523438,41.30191421508789,40.356773376464844,47.66792297363281,130.7635498046875,117.72294616699219,76.23050689697266,36.493778228759766,135.39210510253906,113.43034362792969,518.6983032226562,172.27346801757812,219.0055389404297,59.27000045776367,90.92086029052734,58.34009552001953,94164.859375,41.08950424194336,15.949999809265137
2024-12-28,,,,,,,,,,,,,,,,,95163.9296875,,
2024-12-29,,,,,,,,,,,,,,,,,93530.2265625,,
2024-12-30,578.3192138671875,40.74759292602539,40.35200500488281,47.20835494995117,129.4486541748047,116.22593688964844,75.33650970458984,36.34028244018555,133.72589111328125,111.60845947265625,511.7997131347656,170.53797912597656,217.32154846191406,57.61000061035156,89.46772003173828,58.195613861083984,92643.2109375,40.75923156738281,17.399999618530273
2024-12-31,576.21533203125,40.91291809082031,40.88175964355469,47.25725173950195,129.29165649414062,115.25933074951172,75.56721496582031,36.306697845458984,134.04745483398438,110.76911163330078,507.4521179199219,170.84996032714844,217.59730529785156,56.77000045776367,89.63691711425781,58.12818908691406,93429.203125,40.62323760986328,17.350000381469727
2025-01-01,,,,,,,,,,,,,,,,,94419.7578125,,
2025-01-02,574.7994995117188,40.46070861816406,41.35901641845703,47.13991165161133,128.84027099609375,114.98670196533203,75.33650970458984,36.58491134643555,134.08641052246094,109.31259155273438,506.4595031738281,170.3527374267578,217.77456665039062,56.88999938964844,91.10001373291016,57.48285675048828,96886.875,40.5649528503418,17.93000030517578
2025-01-03,581.9865112304688,40.450984954833984,41.7455940246582,47.51148223876953,130.23365783691406,116.86042785644531,75.29805755615234,36.973453521728516,135.40185546875,111.52452087402344,514.7477416992188,171.91273498535156,221.0144805908203,59.81999969482422,91.97587585449219,58.32082748413086,98107.4296875,40.94379806518555,16.1299991607666
2025-01-04,,,,,,,,,,,,,,,,,98236.2265625,,
2025-01-05,,,,,,,,,,,,,,,,,98314.9609375,,
2025-01-06,585.3389892578125,40.72328567504883,41.554691314697266,47.36480712890625,129.94911193847656,118.34751892089844,74.50979614257812,36.56093215942383,135.46029663085938,111.96394348144531,520.6637573242188,171.7957305908203,221.10311889648438,61.150001525878906,91.77681732177734,58.446041107177734,102078.0859375,41.08950424194336,16.040000915527344
2025-01-07,578.7222900390625,40.69896697998047,41.96990203857422,47.25725173950195,129.821533203125,115.97313690185547,74.250244140625,36.469791412353516,136.13262939453125,109.79645538330078,511.3728942871094,171.22047424316406,219.33050537109375,58.900001525878906,92.4337158203125,57.897029876708984,96922.703125,40.79808807373047,17.81999969482422
2025-01-08,579.5678100585938,40.92264175415039,42.01285171508789,47.41370391845703,130.33181762695312,115.9334716796875,74.38481903076172,36.46019744873047,136.83419799804688,110.10749816894531,511.46221923828125,171.4252166748047,218.33590698242188,58.95000076293945,91.87635040283203,57.87776565551758,95043.5234375,40.60381317138672,17.700000762939453
2025-01-09,,,,,,,,,,,,,,,,,92484.0390625,,
2025-01-10,570.7192993164062,40.50447082519531,42.184661865234375,46.2696647644043,128.8697052001953,113.40542602539062,73.38507843017578,36.25394058227539,136.06443786621094,109.02623748779297,503.4419860839844,168.91946411132812,213.53016662597656,57.470001220703125,89.01983642578125,56.16329574584961,94701.453125,39.91413116455078,19.540000915527344
2025-01-11,,,,,,,,,,,,,,,,,94566.59375,,
2025-01-12,,,,,,,,,,,,,,,,,94488.4375,,
2025-01-13,571.6041870117188,41.40889358520508,43.07236099243164,46.60212326049805,130.38087463378906,112.60240173339844,73.51004791259766,35.83182144165039,137.83782958984375,109.64340209960938,501.8240051269531,170.30397033691406,213.94375610351562,56.70000076293945,88.7112808227539,57.00127029418945,94516.5234375,39.642147064208984,19.190000534057617
2025-01-14,572.3907470703125,41.92430877685547,43.535301208496094,47.179019927978516,131.92144775390625,112.8998031616211,73.5292739868164,36.301902770996094,136.41517639160156,109.43109130859375,501.3475646972656,171.67872619628906,216.3761749267578,56.40999984741211,86.25289154052734,58.9372673034668,96534.046875,40.0889778137207,18.709999084472656
2025-01-15,582.8025512695312,42.32304000854492,44.17959213256836,48.381717681884766,132.75552368164062,115.14531707763672,73.27934265136719,36.834346771240234,136.97061157226562,112.21575927734375,512.8817138671875,173.32650756835938,220.63043212890625,58.66999816894531,88.1340103149414,60.420570373535156,100504.4921875,40.613525390625,16.1200008392334
2025-01-16,581.6817626953125,42.673133850097656,44.49935531616211,48.704402923583984,134.3647918701172,114.25801849365234,73.8272705078125,37.764915466308594,137.51626586914062,111.60845947265625,509.28851318359375,174.6914825439453,221.07359313964844,58.7400016784668,87.47711944580078,59.852291107177734,99756.90625,40.5649528503418,16.600000381469727
2025-01-17,587.5217895507812,42.950294494628906,44.84298324584961,49.11507797241211,135.16944885253906,116.0474853515625,74.250244140625,37.81768035888672,136.59060668945312,113.17359161376953,517.8843994140625,175.5397491455078,222.02882385253906,59.61000061035156,87.5567398071289,60.748050689697266,104462.0390625,40.8855094909668,15.970000267028809
2025-01-18,,,,,,,,,,,,,,,,,104408.0703125,,
2025-01-19,,,,,,,,,,,,,,,,,101089.609375,,
2025-01-20,,,,,,,,,,,,,,,,,102016.6640625,,
2025-01-21,592.899658203125,43.499755859375,44.61389923095703,49.525753021240234,137.94642639160156,117.01409149169922,74.59630584716797,38.39809036254883,138.8511962890625,114.00305938720703,520.9217529296875,177.5775146484375,226.2929229736328,61.5,90.08480834960938,61.49934005737305,106146.265625,41.322635650634766,15.0600004196167
2025-01-22,596.232666015625,43.149658203125,43.80256652832031,49.291080474853516,137.6226043701172,119.6561508178711,74.23101806640625,37.56825256347656,138.5393829345703,113.57351684570312,527.5822143554688,176.95350646972656,224.81573486328125,62.060001373291016,90.78152465820312,60.7673225402832,103653.0703125,41.351776123046875,15.100000381469727
2025-01-23,599.4868774414062,43.38792419433594,44.003013610839844,49.57464599609375,139.01600646972656,119.86930847167969,74.50018310546875,37.745731353759766,140.39073181152344,114.25979614257812,528.7039184570312,177.79200744628906,225.8399200439453,62.689998626708984,92.54320526123047,60.5457878112793,103960.171875,41.44891357421875,15.020000457763672
2025-01-24,597.73681640625,43.276084899902344,43.5782585144043,49.7213134765625,138.42726135253906,118.62015533447266,74.88470458984375,38.12947082519531,140.61483764648438,113.56363677978516,525.7161865234375,177.63600158691406,225.20965576171875,62.33000183105469,92.02564239501953,60.99848556518555,104819.484375,41.72090530395508,14.850000381469727
2025-01-25,,,,,,,,,,,,,,,,,104714.6484375,,
2025-01-26,,,,,,,,,,,,,,,,,102682.5,,
2025-01-27,589.281494140625,43.30039596557617,43.1248664855957,50.268882751464844,136.5726318359375,112.80563354492188,76.91301727294922,37.24686813354492,143.77188110351562,114.21043395996094,510.4100646972656,177.75302124023438,223.05300903320312,60.70000076293945,92.17493438720703,61.64381408691406,102087.6875,40.96322250366211,17.899999618530273
2025-01-28,594.3449096679688,43.159385681152344,42.714420318603516,50.18088150024414,135.6698760986328,115.81449890136719,75.71141052246094,36.733612060546875,142.76824951171875,114.34867858886719,517.9539184570312,176.87550354003906,223.2991943359375,61.93000030517578,92.74225616455078,61.33559799194336,101332.4765625,41.26435089111328,16.40999984741211
2025-01-29,591.6804809570312,43.081581115722656,42.80987548828125,50.14176940917969,135.20867919921875,114.87269592285156,75.89405059814453,36.810359954833984,141.93028259277344,114.02281951904297,516.981201171875,176.29051208496094,222.78709411621094,61.86000061035156,92.14508819580078,61.26817321777344,103703.2109375,41.274070739746094,16.559999465942383
2025-01-30,594.8561401367188,43.49003219604492,43.0294075012207,50.62089538574219,136.7198486328125,115.08583068847656,76.64385986328125,37.57784652709961,143.5672607421875,115.13865661621094,519.1847534179688,178.1722869873047,225.05209350585938,63.5099983215332,93.10057067871094,61.95203399658203,104735.3046875,41.97346115112305,15.84000015258789
2025-01-31,591.6903076171875,43.17396926879883,41.826725006103516,50.327552795410156,135.75819396972656,114.41168975830078,75.92288970947266,37.35719299316406,143.10928344726562,114.6301040649414,518.4303588867188,176.7097625732422,223.03330993652344,62.869998931884766,92.23466491699219,61.79793167114258,102405.0234375,41.49748229980469,16.43000030517578
2025-02-01,,,,,,,,,,,,,,,,,100655.90625,,
2025-02-02,,,,,,,,,,,,,,,,,97688.9765625,,
2025-02-03,587.7085571289062,43.217735290527344,42.08921432495117,50.12221145629883,134.41387939453125,112.87007141113281,76.22089385986328,37.558658599853516,143.66468811035156,113.11434173583984,514.28125,175.74449157714844,220.42361450195312,61.779998779296875,90.99053192138672,60.51689147949219,101405.421875,41.19635772705078,18.6200008392334
2025-02-04,591.6510620117188,43.344154357910156,42.972137451171875,50.00487518310547,134.453125,114.49595642089844,75.57682037353516,37.22768020629883,143.27493286132812,114.44743347167969,520.59423828125,175.95899963378906,223.4764404296875,63.119998931884766,92.1351318359375,61.691978454589844,97871.8203125,41.93460464477539,17.209999084472656
2025-02-05,594.0498657226562,43.310123443603516,43.06281661987305,50.53289031982422,134.5512237548828,116.08714294433594,76.04786682128906,37.60182571411133,144.6488494873047,113.1489028930664,522.9566040039062,176.81700134277344,225.90884399414062,63.810001373291016,94.255126953125,62.3662109375,96615.4453125,41.827754974365234,15.770000457763672
2025-02-06,596.1146240234375,43.46085739135742,42.270572662353516,50.953346252441406,135.15963745117188,116.40438079833984,76.3939208984375,37.558658599853516,143.35287475585938,113.59820556640625,525.6864013671875,176.5830078125,225.17027282714844,62.720001220703125,92.9313735961914,63.08858871459961,96593.296875,42.002601623535156,15.5
2025-02-07,590.6580200195312,42.930843353271484,42.265804290771484,50.66978454589844,134.75730895996094,115.40803527832031,76.278564453125,37.48190689086914,142.68055725097656,111.37641143798828,519.0557250976562,175.7152557373047,222.56060791015625,62.7599983215332,90.81138610839844,62.25061798095703,96529.0859375,41.963748931884766,16.540000915527344
2025-02-08,,,,,,,,,,,,,,,,,96482.453125,,
2025-02-09,,,,,,,,,,,,,,,,,96500.09375,,
2025-02-10,594.6693115234375,43.149658203125,43.196449279785156,50.268882751464844,135.96426391601562,117.0934066772461,76.74959564208984,37.88963317871094,142.5538787841797,111.75657653808594,525.3388671875,176.2124786376953,223.56509399414062,62.720001220703125,89.91560363769531,61.528236389160156,97437.5546875,42.468868255615234,15.8100004196167
2025-02-11,595.1216430664062,43.402503967285156,43.54484558105469,50.39600372314453,136.01332092285156,117.14791870117188,77.48979949951172,38.081504821777344,142.29078674316406,110.4876708984375,524.0882568359375,176.23199462890625,222.26515197753906,61.349998474121094,88.63166046142578,62.53957748413086,95747.4296875,42.303733825683594,16.020000457763672
2025-02-12,593.204345703125,43.091312408447266,42.49488830566406,50.21999740600586,135.16944885253906,116.89512634277344,77.43212890625,38.014347076416016,142.086181640625,110.46794128417969,524.3958740234375,175.20823669433594,220.21681213378906,62.68000030517578,89.5473403930664,61.07553482055664,97885.859375,42.536865234375,15.890000343322754
2025-02-13,599.4672241210938,43.84012985229492,42.814640045166016,50.55244827270508,135.3068084716797,118.55075073242188,78.26844024658203,38.10068893432617,142.64158630371094,112.12687683105469,531.9398193359375,176.729248046875,222.69847106933594,64.77999877929688,90.34358215332031,61.3452262878418,96623.8671875,42.8088493347168,15.100000381469727
2025-02-14,599.4376831054688,43.68939208984375,42.986454010009766,50.650230407714844,134.97317504882812,118.95225524902344,77.48979949951172,37.94240188598633,141.09228515625,112.07750701904297,534.1732177734375,176.55374145507812,222.53103637695312,67.0199966430664,90.98057556152344,61.53786849975586,97508.96875,43.139122009277344,14.770000457763672
2025-02-15,,,,,,,,,,,,,,,,,97580.3515625,,
2025-02-16,,,,,,,,,,,,,,,,,96175.03125,,
2025-02-17,,,,,,,,,,,,,,,,,95773.3828125,,
2025-02-18,601.1976318359375,44.24371337890625,43.573482513427734,51.01201629638672,136.032958984375,120.037841796875,77.7685775756836,38.297359466552734,140.8194580078125,111.7664566040039,535.3841552734375,177.90899658203125,223.75218200683594,66.4800033569336,90.90095520019531,62.086883544921875,95539.546875,43.411109924316406,15.350000381469727
2025-02-19,602.6133422851562,43.72343063354492,43.91710662841797,51.03157043457031,136.1703338623047,120.0477523803711,78.39341735839844,38.49882507324219,142.6513214111328,111.7022705078125,535.5331420898438,178.269775390625,222.9840545654297,65.70999908447266,92.0953140258789,61.85572052001953,96635.609375,43.343109130859375,15.270000457763672
2025-02-20,600.1063232421875,43.62131881713867,44.3180046081543,50.24932861328125,135.27737426757812,119.66606903076172,78.08580780029297,38.4940185546875,143.45033264160156,110.7394790649414,533.2599487304688,177.8212432861328,220.84706115722656,63.97999954223633,92.28441619873047,60.738426208496094,98333.9375,43.74137878417969,15.65999984741211
2025-02-21,589.842041015625,42.82387161254883,43.39689636230469,49.623538970947266,132.31394958496094,116.4242172241211,78.9990234375,38.50362014770508,142.68055725097656,107.82645416259766,522.1923217773438,175.3252716064453,214.48541259765625,60.20000076293945,91.26921081542969,59.15879440307617,96125.546875,43.6151008605957,18.209999084472656
2025-02-22,,,,,,,,,,,,,,,,,96577.7578125,,
2025-02-23,,,,,,,,,,,,,,,,,96273.921875,,
2025-02-24,587.157958984375,42.77524948120117,43.40644073486328,49.83864974975586,131.71536254882812,114.7586669921875,79.23934936523438,38.31174850463867,143.84010314941406,107.42160034179688,516.0283203125,175.47149658203125,212.9392852783203,59.08000183105469,89.68668365478516,58.72536849975586,91418.171875,42.944847106933594,18.979999542236328
2025-02-25,584.2378540039062,43.105892181396484,42.78123474121094,49.82887268066406,132.3924560546875,113.27159118652344,80.36405944824219,38.119876861572266,145.07757568359375,106.85873413085938,509.52667236328125,175.64700317382812,212.1317596435547,56.0,88.27336120605469,58.76388931274414,88736.171875,42.97399139404297,19.43000030517578
2025-02-26,584.5328979492188,43.08644485473633,42.537837982177734,49.7213134765625,132.47096252441406,114.505859375,78.82599639892578,38.27817153930664,144.03497314453125,106.4193115234375,510.75750732421875,175.2764892578125,212.39764404296875,56.459999084472656,87.8354263305664,58.917999267578125,84347.0234375,43.40139389038086,19.100000381469727
2025-02-27,575.2025756835938,42.794700622558594,42.76692199707031,49.99510192871094,132.00975036621094,110.33706665039062,78.81637573242188,37.429141998291016,143.45033264160156,104.88380432128906,496.5730895996094,173.74571228027344,209.15773010253906,54.59000015258789,86.69082641601562,59.00469207763672,84704.2265625,42.55629348754883,21.1299991607666
2025-02-28,584.1788940429688,43.159385681152344,43.430301666259766,51.02179718017578,133.77601623535156,111.7944107055664,79.86418914794922,37.99996566772461,145.1165313720703,106.6266860961914,504.41473388671875,175.67623901367188,211.38330078125,55.63999938964844,88.29326629638672,59.78487014770508,84373.0078125,41.97346115112305,19.6299991607666
2025-03-01,,,,,,,,,,,,,,,,,86031.9140625,,
2025-03-02,,,,,,,,,,,,,,,,,94248.3515625,,
2025-03-03,573.9441528320312,42.293861389160156,41.912628173828125,50.5915641784668,131.87240600585938,108.39393615722656,80.28715515136719,38.0527229309082,145.74990844726562,104.66162872314453,493.3768615722656,173.8042449951172,205.6026611328125,53.09000015258789,85.19786071777344,58.92763900756836,86065.671875,41.604339599609375,22.780000686645508
2025-03-04,567.1504516601562,41.720088958740234,41.506961822509766,48.81195068359375,129.3014678955078,108.30966186523438,78.922119140625,37.43394088745117,144.3955078125,102.81505584716797,491.8879699707031,170.99623107910156,203.27857971191406,53.16999816894531,85.72537231445312,56.86642074584961,87222.1953125,41.95403289794922,23.510000228881836
2025-03-05,573.24609375,42.80928039550781,40.90084457397461,49.09552001953125,131.34249877929688,109.83145904541016,79.24896240234375,37.17011642456055,145.84735107421875,104.38020324707031,498.30023193359375,172.58547973632812,205.29739379882812,54.70000076293945,87.4074478149414,56.5485725402832,90623.5625,43.20711898803711,21.93000030517578
2025-03-06,563.0704345703125,42.585609436035156,41.024932861328125,48.28395080566406,130.2140350341797,106.78291320800781,79.39315795898438,36.39784240722656,145.44786071777344,101.73379516601562,484.59228515625,170.6744842529297,202.1559295654297,52.13999938964844,86.65100860595703,55.633544921875,89961.7265625,42.93513488769531,24.8700008392334
2025-03-07,566.2262573242188,42.70230484008789,41.72650146484375,48.02971267700195,131.73500061035156,108.3294906616211,79.65270233154297,37.074180603027344,145.45758056640625,101.5461654663086,488.1557922363281,172.27346801757812,202.81573486328125,52.45000076293945,86.88988494873047,55.56612014770508,86742.671875,43.14883804321289,23.3700008392334
2025-03-08,,,,,,,,,,,,,,,,,86154.59375,,
2025-03-09,,,,,,,,,,,,,,,,,80601.0390625,,
2025-03-10,551.1444091796875,41.812477111816406,42.03671646118164,46.954132080078125,129.67433166503906,103.72445678710938,79.47967529296875,37.48190689086914,143.8887939453125,97.92216491699219,469.23663330078125,169.84571838378906,197.71456909179688,47.86000061035156,85.8348617553711,53.37006759643555,78532.0,42.11916732788086,27.860000610351562
2025-03-11,546.5628662109375,41.491554260253906,41.70263671875,46.55323028564453,127.68235778808594,103.3031234741211,78.31651306152344,37.13174819946289,142.32005310058594,96.96431732177734,468.114990234375,167.58370971679688,197.69488525390625,48.189998626708984,85.76519012451172,53.08110427856445,82862.2109375,42.468868255615234,26.920000076293945
2025-03-12,549.4633178710938,41.297054290771484,41.89353561401367,46.62167739868164,127.67257690429688,104.92901611328125,76.61502075195312,37.016624450683594,140.89743041992188,97.52717590332031,473.39569091796875,166.79397583007812,198.03956604003906,49.61000061035156,86.74058532714844,53.69754409790039,83722.359375,42.701995849609375,24.229999542236328
2025-03-13,542.1386108398438,41.26788330078125,41.607181549072266,46.36745071411133,126.36748504638672,102.93631744384766,76.25934600830078,37.10776138305664,140.1471405029297,95.09306335449219,464.8790588378906,165.19493103027344,195.085205078125,47.25,85.56613159179688,53.100372314453125,81066.703125,42.52714920043945,24.65999984741211
2025-03-14,553.3369140625,41.8076171875,42.83850860595703,47.44303512573242,128.67347717285156,106.04927825927734,76.43238067626953,37.83207321166992,141.21896362304688,97.11737823486328,476.11541748046875,168.34420776367188,199.8022918701172,49.189998626708984,86.72067260742188,54.67036056518555,83969.1015625,43.30426025390625,21.770000457763672
2025-03-15,,,,,,,,,,,,,,,,,84343.109375,,
2025-03-16,,,,,,,,,,,,,,,,,82579.6875,,
2025-03-17,557.6039428710938,42.332759857177734,43.52098846435547,48.00038146972656,130.44955444335938,106.78787994384766,77.54747772216797,37.99036407470703,143.01187133789062,97.27043914794922,479.202392578125,170.615966796875,202.32333374023438,49.97999954223633,87.87523651123047,55.02674102783203,84075.6875,44.04250717163086,20.510000228881836
2025-03-18,551.5770874023438,42.25982666015625,43.592567443847656,47.941715240478516,129.40940856933594,105.1619873046875,76.66307830810547,37.72654724121094,143.08004760742188,95.53742980957031,471.0332336425781,169.72874450683594,200.56649780273438,48.2400016784668,85.76519012451172,54.87263107299805,82718.5,43.819087982177734,21.700000762939453
2025-03-19,557.584228515625,42.40083694458008,44.30368423461914,48.469722747802734,131.1266326904297,106.53012084960938,76.66307830810547,37.86564636230469,143.15802001953125,97.36917877197266,477.33636474609375,170.98648071289062,203.68539428710938,50.04999923706055,87.04913330078125,55.556488037109375,86854.2265625,43.925941467285156,19.899999618530273
2025-03-20,555.9718627929688,42.133399963378906,44.465946197509766,48.538169860839844,130.4691925048828,105.7717056274414,76.28817749023438,38.01914596557617,143.24569702148438,97.13713073730469,475.71832275390625,170.27471923828125,202.3924560546875,50.02000045776367,86.1832046508789,55.18084716796875,84167.1953125,43.51796340942383,19.799999237060547
2025-03-21,556.1552734375,41.7152214050293,44.155731201171875,48.3621711730957,129.77247619628906,106.0592041015625,76.25934600830078,37.77450942993164,142.84622192382812,97.48768615722656,477.2866516113281,169.4947052001953,201.1389617919922,51.5,86.71072387695312,55.151954650878906,84043.2421875,43.30426025390625,19.280000686645508
2025-03-22,,,,,,,,,,,,,,,,,83832.484375,,
2025-03-23,,,,,,,,,,,,,,,,,86054.375,,
2025-03-24,566.115234375,42.28050231933594,44.658836364746094,49.2149658203125,132.1790313720703,108.06781768798828,76.7309341430664,37.76243209838867,143.93685913085938,101.14244079589844,487.7604064941406,172.1212615966797,206.1429901123047,54.18000030517578,88.40782165527344,56.652870178222656,87498.9140625,43.498531341552734,17.479999542236328
2025-03-25,567.47607421875,42.27072525024414,44.841609954833984,49.489742279052734,132.3759002685547,108.42535400390625,76.03514099121094,37.1585807800293,142.09793090820312,101.94944763183594,490.5438232421875,171.7097930908203,204.99807739257812,54.13999938964844,86.6759033203125,56.47834396362305,87471.703125,43.37225341796875,17.149999618530273
2025-03-26,560.7013549804688,42.348899841308594,45.10614776611328,49.34254455566406,131.49989318847656,106.00707244873047,77.2141342163086,37.40495300292969,141.57948303222656,100.61764526367188,481.5175476074219,171.386474609375,202.91554260253906,51.65999984741211,84.68517303466797,56.24563980102539,86900.8828125,43.109981536865234,18.329999923706055
2025-03-27,559.2122802734375,42.32935333251953,44.668460845947266,49.24440383911133,130.80104064941406,105.02882385253906,78.09355163574219,37.39529037475586,141.80447387695312,100.6820068359375,478.7738342285156,170.9456329345703,201.9482879638672,50.779998779296875,85.1330795288086,55.79963684082031,87177.1015625,43.32368469238281,18.690000534057617
2025-03-28,547.9506225585938,41.55253982543945,44.45682907104492,48.2924919128418,128.10411071777344,102.4814453125,77.70699310302734,37.67064666748047,141.36428833007812,97.55303192138672,466.16876220703125,168.31027221679688,197.84239196777344,48.70000076293945,84.00833892822266,54.694305419921875,84353.1484375,42.51743698120117,21.649999618530273
2025-03-29,,,,,,,,,,,,,,,,,82597.5859375,,
2025-03-30,,,,,,,,,,,,,,,,,82334.5234375,,
2025-03-31,551.62890625,42.00690841674805,44.947425842285156,48.88130569458008,129.00967407226562,102.53109741210938,78.92463684082031,38.09092712402344,142.82176208496094,97.7609634399414,466.1488952636719,169.71119689941406,196.89491271972656,47.58000183105469,80.72364044189453,55.12092590332031,82548.9140625,42.44944381713867,22.280000686645508
2025-04-01,553.18701171875,42.16324234008789,45.21196746826172,48.82242202758789,129.73802185058594,103.28091430664062,79.04060363769531,38.18754577636719,140.2100372314453,98.7808609008789,469.90655517578125,169.8875732421875,196.9146270751953,47.79999923706055,77.79727935791016,54.70399856567383,85169.171875,42.58543395996094,21.770000457763672
2025-04-02,556.6878051757812,42.51012420654297,45.27449035644531,49.22477722167969,130.9585418701172,104.0456314086914,78.80866241455078,38.36628341674805,141.14907836914062,100.65725708007812,473.3361511230469,171.30810546875,200.02365112304688,49.150001525878906,80.21600341796875,55.479671478271484,82485.7109375,42.643714904785156,21.510000228881836
2025-04-03,529.2537231445312,40.59006118774414,41.720062255859375,46.80083465576172,123.8717041015625,96.94471740722656,79.26286315917969,38.1247444152832,140.00465393066406,94.57752990722656,447.99676513671875,163.1473388671875,187.18289184570312,45.119998931884766,77.77737426757812,49.74942398071289,83102.828125,41.740333557128906,30.020000457763672
2025-04-04,498.2696838378906,38.04951858520508,37.881858825683594,43.37590026855469,116.08605194091797,90.55886840820312,75.82254028320312,36.004024505615234,132.32606506347656,90.49795532226562,420.1722106933594,153.9872283935547,178.83294677734375,41.939998626708984,73.31816864013672,47.76176452636719,83843.8046875,39.418724060058594,45.310001373291016
2025-04-05,,,,,,,,,,,,,,,,,83504.796875,,
2025-04-06,,,,,,,,,,,,,,,,,78214.484375,,
2025-04-07,497.3821716308594,37.43880844116211,37.63655471801758,43.2679557800293,115.5447006225586,91.10013580322266,74.94313049316406,35.453304290771484,131.53375244140625,89.42855834960938,421.1861877441406,152.70384216308594,177.2142791748047,42.279998779296875,72.65128326416016,47.77146911621094,79235.3359375,37.951934814453125,46.97999954223633
2025-04-08,489.591796875,36.28579330444336,36.76598358154297,43.10111618041992,114.58993530273438,89.24793243408203,73.7834701538086,35.308380126953125,130.07627868652344,87.30460357666016,413.60125732421875,149.82357788085938,172.5458221435547,40.5099983215332,69.47608184814453,47.32545852661133,76271.953125,37.41767501831055,52.33000183105469
2025-04-09,541.0083618164062,39.45658874511719,39.61337661743164,46.34941101074219,124.76739501953125,101.23008728027344,76.64395904541016,36.69965362548828,135.7300567626953,96.81038665771484,463.24615478515625,161.80514526367188,187.21250915527344,47.25,74.53250885009766,51.02927780151367,82573.953125,40.011268615722656,33.619998931884766
2025-04-10,517.3019409179688,38.196083068847656,37.02571487426758,45.054019927978516,121.54879760742188,96.5176773071289,76.68262481689453,36.42429733276367,131.944580078125,93.02787780761719,443.5432434082031,156.3580780029297,179.34620666503906,44.529998779296875,71.27767944335938,47.89751434326172,79626.140625,39.32158660888672,40.720001220703125
2025-04-11,526.5321044921875,39.329559326171875,37.94437789916992,45.79984664916992,123.69453430175781,98.4940185546875,77.64899444580078,36.86873245239258,133.88134765625,93.92893981933594,451.7146911621094,158.72891235351562,181.96173095703125,45.88999938964844,73.98506927490234,47.76176452636719,83404.8359375,40.55524444580078,37.560001373291016
2025-04-12,,,,,,,,,,,,,,,,,85287.109375,,
2025-04-13,,,,,,,,,,,,,,,,,83684.9765625,,
2025-04-14,531.6402587890625,39.803470611572266,38.07905197143555,46.27090072631836,124.98394775390625,99.39278411865234,78.97295379638672,37.530555725097656,135.51486206054688,94.20125579833984,454.7765197753906,160.7568817138672,184.1034698486328,46.2599983215332,76.18480682373047,48.59561538696289,84542.390625,40.924373626708984,30.889999389648438
2025-04-15,530.151123046875,39.490787506103516,38.021339416503906,46.38866424560547,124.36384582519531,99.75528717041016,78.30613708496094,37.52572250366211,134.68344116210938,93.5229721069336,455.283447265625,160.23765563964844,184.3304901123047,46.54999923706055,76.18480682373047,49.41976547241211,83668.9921875,40.8855094909668,30.1200008392334
2025-04-16,518.3668823242188,39.182987213134766,38.33396911621094,45.66245651245117,122.66104125976562,96.28925323486328,77.46539306640625,37.18756866455078,133.31399536132812,91.2158432006836,441.5550537109375,158.18031311035156,182.5637969970703,45.08000183105469,74.7813491821289,49.410064697265625,84033.8671875,40.4095344543457,32.63999938964844
2025-04-17,519.1064453125,39.451698303222656,39.199737548828125,45.78022384643555,123.33036041259766,95.76785278320312,79.11790466308594,37.5692024230957,132.53147888183594,91.79015350341797,441.4755554199219,159.35592651367188,184.05413818359375,45.119998931884766,75.57763671875,49.856075286865234,84895.75,40.720375061035156,29.649999618530273
2025-04-18,,,,,,,,,,,,,,,,,84450.8046875,,
2025-04-19,,,,,,,,,,,,,,,,,85063.4140625,,
2025-04-20,,,,,,,,,,,,,,,,,85174.3046875,,
2025-04-21,506.7503356933594,38.85076904296875,38.17525100708008,44.798866271972656,120.56452178955078,93.29496002197266,78.36412048339844,36.680328369140625,129.6752471923828,89.33943939208984,430.55047607421875,156.15234375,180.36280822753906,44.439998626708984,75.15959167480469,49.19676208496094,87518.90625,40.710662841796875,33.81999969482422
2025-04-22,519.934814453125,39.759498596191406,39.14682388305664,46.28071212768555,122.67088317871094,95.56922912597656,79.47547149658203,37.6803092956543,132.11087036132812,92.16641998291016,441.85333251953125,160.00253295898438,185.03125,46.119998931884766,77.27970123291016,50.77717971801758,93441.890625,41.322635650634766,30.56999969482422
2025-04-23,527.9915161132812,39.808353424072266,39.074676513671875,46.83027267456055,124.20636749267578,98.3400650024414,79.02127075195312,37.8397216796875,132.76622009277344,94.22600555419922,451.8737487792969,161.55043029785156,187.77508544921875,47.95000076293945,78.73292541503906,51.92129135131836,93699.109375,41.798614501953125,28.450000762939453
2025-04-24,539.1051635742188,40.66823196411133,39.699951171875,47.35038757324219,126.99188995361328,102.00969696044922,78.32546997070312,37.8976936340332,134.38998413085938,96.10240936279297,464.58819580078125,164.2837371826172,191.53553771972656,49.9900016784668,80.5146255493164,52.793922424316406,93943.796875,42.284305572509766,26.469999313354492
2025-04-25,543.0004272460938,40.36532211303711,39.62779998779297,47.12467956542969,126.98204040527344,103.51927185058594,78.12252807617188,37.78175735473633,135.0355682373047,97.83028411865234,469.767333984375,164.0486297607422,191.59475708007812,51.0,79.8775863647461,52.30912780761719,94720.5,42.20659255981445,24.84000015258789
2025-04-26,,,,,,,,,,,,,,,,,94646.9296875,,
2025-04-27,,,,,,,,,,,,,,,,,93754.84375,,
2025-04-28,543.20751953125,40.438602447509766,39.90677261352539,47.27187728881836,127.40528869628906,103.35043334960938,77.86161041259766,38.01363754272461,135.57354736328125,97.86493682861328,469.6182861328125,164.50909423828125,192.40406799316406,51.2400016784668,80.99238586425781,52.6193962097168,94978.75,42.284305572509766,25.149999618530273
2025-04-29,546.6292724609375,40.77571487426758,39.79133987426758,47.76255416870117,128.23207092285156,103.83210754394531,78.50908660888672,38.308319091796875,136.2387237548828,98.55806732177734,472.7198181152344,165.4691619873047,193.5391082763672,51.529998779296875,81.5000228881836,53.09449005126953,94284.7890625,42.400875091552734,24.170000076293945
2025-04-30,546.84619140625,40.98579788208008,38.718753814697266,47.85087966918945,129.15731811523438,104.26411437988281,79.07925415039062,38.115081787109375,137.40272521972656,97.66194152832031,472.66021728515625,165.7042999267578,192.32513427734375,50.84000015258789,82.56505584716797,52.4836540222168,94207.3125,42.50772476196289,24.700000762939453
2025-05-01,550.7216796875,40.80502700805664,38.8630485534668,47.841064453125,130.13174438476562,105.79353332519531,78.39311981201172,38.2261848449707,133.65635681152344,98.20159912109375,478.8334655761719,165.47897338867188,193.51937866210938,50.77000045776367,82.11714935302734,53.065399169921875,96492.3359375,42.498008728027344,24.600000381469727
2025-05-02,558.8966674804688,41.4939079284668,39.430606842041016,48.83222961425781,132.4644775390625,107.56131744384766,78.81832122802734,38.525699615478516,135.5050811767578,99.72648620605469,485.94122314453125,168.3984375,197.87200927734375,51.900001525878906,83.11251068115234,54.52947998046875,96910.0703125,43.71223831176758,22.68000030517578
2025-05-03,,,,,,,,,,,,,,,,,95891.796875,,
2025-05-04,,,,,,,,,,,,,,,,,94315.9765625,,
2025-05-05,555.6917724609375,41.18611145019531,38.718753814697266,48.51820755004883,132.5333709716797,106.99027252197266,78.75068664550781,38.42908477783203,135.1236114501953,98.66697692871094,483.058349609375,167.8400421142578,196.35206604003906,50.689998626708984,82.26644897460938,54.33556365966797,94748.0546875,44.04250717163086,23.639999389648438
2025-05-06,551.047119140625,40.88808822631836,38.728370666503906,48.24342346191406,131.37193298339844,106.10140991210938,78.6153793334961,38.89767074584961,131.3968048095703,97.80553436279297,478.5650634765625,166.59584045410156,194.21026611328125,48.779998779296875,76.81187438964844,53.773197174072266,96802.4765625,43.86766052246094,24.760000228881836
2025-05-07,553.364501953125,40.66334915161133,38.74280548095703,48.528018951416016,132.04124450683594,107.1640625,78.74101257324219,39.0087776184082,132.40431213378906,98.56796264648438,480.4438781738281,167.6930694580078,194.851806640625,49.59000015258789,76.99104309082031,53.821678161621094,97032.3203125,43.36254119873047,23.549999237060547
2025-05-08,557.2202758789062,41.205650329589844,39.25263977050781,48.93037414550781,133.86216735839844,108.1869888305664,78.64437103271484,38.69477844238281,131.21095275878906,99.73143005371094,485.4044494628906,169.10382080078125,198.5629119873047,51.470001220703125,77.67784881591797,55.12092590332031,103241.4609375,43.33340072631836,22.479999542236328
2025-05-09,556.5103149414062,41.31313705444336,39.64704132080078,48.93037414550781,133.97042846679688,108.05292510986328,78.19017791748047,38.76240921020508,129.78282165527344,100.21167755126953,485.0863037109375,169.06463623046875,198.19772338867188,51.349998474121094,76.0354995727539,54.85913848876953,102970.8515625,43.62481689453125,21.899999618530273
2025-05-10,,,,,,,,,,,,,,,,,104696.328125,,
2025-05-11,,,,,,,,,,,,,,,,,104106.359375,,
2025-05-12,574.9014892578125,42.27072525024414,40.68115234375,49.921539306640625,138.0945587158203,113.06824493408203,78.30613708496094,38.53053665161133,132.99122619628906,105.19230651855469,504.8487854003906,173.6985626220703,205.16587829589844,54.47999954223633,79.081298828125,57.38005828857422,102812.953125,44.567054748535156,18.389999389648438
2025-05-13,578.6981811523438,42.060638427734375,41.25350570678711,50.12763214111328,139.0591583251953,115.5113525390625,77.25279235839844,38.477386474609375,128.9905242919922,106.58350372314453,512.5430908203125,174.09042358398438,205.916015625,57.40999984741211,77.19012451171875,57.651546478271484,104169.8125,44.6447639465332,18.219999313354492
2025-05-14,579.437744140625,41.674678802490234,41.00340270996094,49.990234375,138.38986206054688,116.26116943359375,76.83724975585938,38.308319091796875,125.95821380615234,106.99443817138672,515.6148071289062,173.0421600341797,204.09005737304688,57.560001373291016,76.01559448242188,57.38975143432617,103539.4140625,44.9847526550293,18.6200008392334
2025-05-15,582.2679443359375,42.09972381591797,41.17655563354492,50.323890686035156,139.9253387451172,116.4200668334961,78.4124526977539,39.124717712402344,127.61132049560547,106.75679779052734,516.1815185546875,174.6194610595703,205.42250061035156,56.72999954223633,77.21998596191406,57.44792938232422,103744.640625,44.96532440185547,17.829999923706055
2025-05-16,585.9559936523438,42.52967071533203,41.11402893066406,50.62812042236328,141.5198516845703,116.63855743408203,79.31117248535156,39.6995849609375,130.1838836669922,107.76678466796875,518.4281005859375,176.33392333984375,207.12013244628906,58.369998931884766,78.6532974243164,57.438236236572266,103489.2890625,44.93618392944336,17.239999771118164
2025-05-17,,,,,,,,,,,,,,,,,103191.0859375,,
2025-05-18,,,,,,,,,,,,,,,,,106446.0078125,,
2025-05-19,586.596923828125,42.63714599609375,40.580142974853516,50.65755844116211,142.00216674804688,116.46973419189453,79.5431137084961,39.86866760253906,131.4359130859375,107.51428985595703,518.9252319335938,176.31431579589844,206.25155639648438,57.400001525878906,79.35005187988281,57.20553207397461,105606.1796875,45.033321380615234,18.139999389648438
2025-05-20,584.6246948242188,42.563865661621094,40.204978942871094,50.382774353027344,141.49032592773438,116.03275299072266,79.8233642578125,39.9846076965332,131.75869750976562,106.95484161376953,517.1954956054688,175.85386657714844,206.36013793945312,57.459999084472656,81.02224731445312,56.94374465942383,106791.0859375,44.9847526550293,18.09000015258789
2025-05-21,574.7732543945312,41.99713134765625,39.46427536010742,49.352359771728516,139.09854125976562,113.85282135009766,78.8956298828125,39.25515365600586,128.70684814453125,104.78632354736328,510.0081481933594,172.02330017089844,200.56649780273438,55.68000030517578,78.96185302734375,54.92700958251953,109678.078125,44.86818313598633,20.8700008392334
2025-05-22,575.0001831054688,41.953163146972656,39.310359954833984,49.29347610473633,139.06900024414062,113.88261413574219,78.56707763671875,38.69477844238281,127.6993408203125,105.23685455322266,510.9625244140625,171.47467041015625,200.55662536621094,56.380001068115234,78.8822250366211,54.92700958251953,111673.28125,44.722476959228516,20.280000686645508
2025-05-23,571.0753173828125,41.8701057434082,39.43540954589844,49.11682891845703,138.61624145507812,112.62629699707031,78.85697937011719,39.15853500366211,127.4939193725586,104.2912368774414,506.2305908203125,170.7888946533203,199.92494201660156,56.06999969482422,78.67320251464844,54.68461608886719,107287.796875,44.90704345703125,22.290000915527344
2025-05-24,,,,,,,,,,,,,,,,,107791.15625,,
2025-05-25,,,,,,,,,,,,,,,,,109035.390625,,
2025-05-26,,,,,,,,,,,,,,,,,109440.3671875,,
2025-05-27,582.9483642578125,42.60295104980469,39.77690505981445,49.98041915893555,141.0572509765625,115.30278778076172,79.57210540771484,39.453216552734375,129.274169921875,107.37071228027344,518.1398315429688,173.97286987304688,204.99807739257812,58.04999923706055,78.93199920654297,55.983856201171875,108994.640625,44.80018615722656,18.959999084472656
2025-05-28,579.5757446289062,42.02155685424805,39.271881103515625,49.646759033203125,140.35841369628906,114.82609558105469,79.03092956542969,38.902503967285156,128.60902404785156,106.38548278808594,515.8434448242188,172.49354553222656,202.83657836914062,56.97999954223633,78.40444946289062,55.07244873046875,107802.328125,44.596195220947266,19.309999465942383
2025-05-29,581.8635864257812,42.17790603637695,39.56528091430664,49.901912689208984,140.48635864257812,115.0197525024414,79.34983825683594,39.17302703857422,129.46981811523438,106.4300308227539,516.8574829101562,172.914794921875,203.43862915039062,56.619998931884766,80.08662414550781,55.547542572021484,105641.7578125,44.76133346557617,19.18000030517578
2025-05-30,581.2127075195312,42.18278503417969,39.21416473388672,50.00986099243164,140.574951171875,114.66222381591797,80.04563903808594,39.5739860534668,129.74368286132812,105.85077667236328,516.0422973632812,172.84622192382812,202.40231323242188,56.369998931884766,78.822509765625,55.1500129699707,103998.5703125,44.21735763549805,18.56999969482422
2025-05-31,,,,,,,,,,,,,,,,,104638.09375,,
2025-06-01,,,,,,,,,,,,,,,,,105652.1015625,,
2025-06-02,584.4866333007812,42.43195343017578,39.72880935668945,50.02949142456055,140.3977813720703,115.67520904541016,80.09395599365234,39.6995849609375,129.8219451904297,106.09832763671875,520.1181030273438,172.98336791992188,203.03396606445312,57.130001068115234,80.86299133300781,54.7427864074707,105881.53125,44.53791046142578,18.360000610351562
2025-06-03,587.8197631835938,42.86677551269531,40.200172424316406,50.12763214111328,141.48049926757812,117.41320037841797,80.01665496826172,39.80586624145508,130.12518310546875,106.66273498535156,524.183837890625,174.4235076904297,206.31077575683594,57.939998626708984,81.9578857421875,55.60572052001953,105432.46875,44.6447639465332,17.690000534057617
2025-06-04,587.6619262695312,43.02800369262695,39.41617202758789,49.84303283691406,141.55923461914062,117.58700561523438,79.45614624023438,39.110225677490234,130.37950134277344,106.38052368164062,525.645263671875,174.03164672851562,205.7284698486328,57.97999954223633,82.09724426269531,54.91731262207031,104731.984375,45.198455810546875,17.610000610351562
2025-06-05,584.8218994140625,42.77395248413086,39.37769317626953,49.70564270019531,141.46080017089844,117.25430297851562,78.69270324707031,39.047428131103516,130.20343017578125,103.69712829589844,521.688720703125,173.5614013671875,205.81729125976562,56.36000061035156,82.17686462402344,54.8785285949707,101575.953125,45.431583404541016,18.479999542236328
2025-06-06,590.8274536132812,42.886322021484375,40.118404388427734,50.323890686035156,142.6517791748047,118.36164855957031,78.9439697265625,39.22134017944336,131.4457244873047,105.04377746582031,526.7883911132812,175.06033325195312,209.1434326171875,61.130001068115234,83.86898040771484,56.25533676147461,104390.34375,45.577293395996094,16.770000457763672
2025-06-07,,,,,,,,,,,,,,,,,105615.625,,
2025-06-08,,,,,,,,,,,,,,,,,105793.6484375,,
2025-06-09,591.35986328125,43.17457962036133,40.19535827636719,50.04911422729492,142.5238494873047,118.942626953125,78.83765411376953,38.97013473510742,131.22073364257812,105.88542938232422,527.5638427734375,175.08970642089844,210.58447265625,62.40999984741211,83.8789291381836,56.536521911621094,110294.1015625,45.96584701538086,17.15999984741211
2025-06-10,594.7128295898438,43.44329071044922,40.912017822265625,50.108001708984375,141.90374755859375,119.60802459716797,79.01161193847656,39.061920166015625,132.71731567382812,107.15286254882812,531.0530395507812,175.9616241455078,211.71951293945312,62.939998626708984,84.88424682617188,57.137664794921875,110257.234375,46.22812271118164,16.950000762939453
2025-06-11,593.0166015625,43.013343811035156,41.50362014770508,50.04911422729492,141.97262573242188,119.34483337402344,78.74101257324219,39.08607864379883,132.78578186035156,106.30626678466797,529.263671875,175.4619903564453,210.85096740722656,63.529998779296875,83.97847747802734,56.36199951171875,108686.625,46.42239761352539,17.260000228881836
2025-06-12,595.3734741210938,43.194122314453125,41.647911071777344,50.04911422729492,141.59861755371094,120.45220184326172,79.20488739013672,39.55949401855469,133.8226318359375,105.80622863769531,530.5062866210938,175.8734588623047,210.0120086669922,62.02000045776367,83.96851348876953,56.02263641357422,105929.0546875,46.50010681152344,18.020000457763672
2025-06-13,588.7171020507812,42.69089126586914,42.37418746948242,49.02850341796875,140.40762329101562,118.76386260986328,78.23848724365234,39.33244323730469,133.15750122070312,104.83089447021484,523.845947265625,173.74755859375,206.172607421875,62.189998626708984,83.21204376220703,54.519779205322266,106090.96875,45.76185989379883,20.81999969482422
2025-06-14,,,,,,,,,,,,,,,,,105472.40625,,
2025-06-15,,,,,,,,,,,,,,,,,105552.0234375,,
2025-06-16,594.318359375,43.05243682861328,42.2491340637207,49.58787536621094,141.37222290039062,120.68558502197266,78.48976135253906,39.13920593261719,132.74667358398438,105.95970153808594,531.1326293945312,175.4228057861328,208.60336303710938,64.93000030517578,82.98310852050781,54.77187728881836,106796.7578125,46.32286834716797,19.110000610351562
2025-06-17,589.2398071289062,42.63227081298828,42.64353561401367,49.30329132080078,140.3092041015625,119.83148193359375,77.82295227050781,38.815547943115234,130.5555877685547,104.13280487060547,525.9533081054688,173.73773193359375,206.40618896484375,63.90999984741211,81.71900177001953,54.093162536621094,104601.1171875,45.714778900146484,21.600000381469727
2025-06-18,589.1510009765625,42.51012420654297,42.36457443237305,49.28366470336914,139.97454833984375,119.9754867553711,77.72631072998047,38.9169921875,130.3306121826172,104.18230438232422,525.8638916015625,173.75732421875,207.49485778808594,66.7699966430664,82.27641296386719,54.8106575012207,104883.328125,45.7049674987793,20.139999389648438
2025-06-19,,,,,,,,,,,,,,,,,104684.2890625,,
2025-06-20,587.7673950195312,42.22187042236328,42.79745101928711,49.421043395996094,140.13201904296875,119.44416809082031,78.29647064208984,39.02327346801758,129.70457458496094,104.30607604980469,523.7166748046875,174.04144287109375,207.0594024658203,67.7300033569336,81.9977035522461,55.227577209472656,103309.6015625,45.44015884399414,20.6200008392334
2025-06-21,,,,,,,,,,,,,,,,,102257.40625,,
2025-06-22,,,,,,,,,,,,,,,,,100987.140625,,
2025-06-23,593.572998046875,42.69230270385742,41.71517562866211,50.04338836669922,142.02957153320312,120.80601501464844,79.20333099365234,39.51797866821289,129.8913116455078,106.37352752685547,529.1017456054688,175.5779571533203,209.59307861328125,68.8499984741211,81.89517211914062,56.49772644042969,105577.7734375,45.8128547668457,19.829999923706055
2025-06-24,600.13037109375,43.045860290527344,41.17210006713867,50.791778564453125,143.21429443359375,122.97463989257812,79.13522338867188,39.68822479248047,131.48348999023438,106.96392822265625,537.1927490234375,177.24037170410156,212.2653350830078,70.30000305175781,83.4381103515625,57.03468704223633,106045.6328125,46.99961471557617,17.479999542236328
2025-06-25,600.4666748046875,42.63336944580078,40.9926872253418,50.62437438964844,141.95057678222656,124.02412414550781,78.07463836669922,39.158016204833984,131.60145568847656,105.70372009277344,538.5661010742188,175.96160888671875,209.791015625,69.5,82.89061737060547,56.761329650878906,107361.2578125,47.038848876953125,16.760000228881836
2025-06-26,605.1646118164062,43.10478591918945,41.579402923583984,50.99856948852539,143.49073791503906,124.87964630126953,78.00652313232422,39.483924865722656,131.91595458984375,106.6761703491211,543.601806640625,177.28956604003906,213.19566345214844,71.02999877929688,83.29875183105469,58.069549560546875,106960.0,47.35270309448242,16.59000015258789
2025-06-27,608.1712646484375,43.15879821777344,41.361202239990234,51.146270751953125,144.92230224609375,124.73042297363281,78.37625885009766,39.5617561340332,131.6309356689453,108.4523696899414,545.4630126953125,177.9387969970703,213.2649383544922,69.83999633789062,82.63179779052734,58.04026412963867,107088.4296875,47.166351318359375,16.31999969482422
2025-06-28,,,,,,,,,,,,,,,,,107327.703125,,
2025-06-29,,,,,,,,,,,,,,,,,108385.5703125,,
2025-06-30,611.0790405273438,43.1195182800293,41.12360382080078,51.5697021484375,145.64300537109375,125.95399475097656,78.7849349975586,39.72228240966797,132.47616577148438,107.82723236083984,548.9959106445312,178.7749481201172,213.57174682617188,70.29000091552734,82.55216217041016,57.981685638427734,107135.3359375,47.313472747802734,16.729999542236328
2025-07-01,610.8812866210938,44.23421096801758,41.438785552978516,51.85527038574219,146.1267852783203,124.82990264892578,79.7676773071289,39.858482360839844,134.3632049560547,108.28865051269531,544.3682861328125,180.87017822265625,215.76893615722656,68.94000244140625,82.70148468017578,59.96354675292969,105698.28125,47.4017448425293,16.829999923706055
2025-07-02,613.650634765625,44.89713668823242,42.15157699584961,51.81588363647461,146.2748565673828,126.14797973632812,80.00120544433594,39.51311492919922,133.036376953125,109.15689849853516,548.159912109375,181.28330993652344,218.7578887939453,70.58000183105469,84.40369415283203,61.0276985168457,108859.3203125,47.60771179199219,16.639999389648438
2025-07-03,618.4869995117188,44.86767578125,42.2000617980957,52.377174377441406,147.51882934570312,127.80924987792969,79.9622802734375,39.80983352661133,133.17396545410156,109.75227355957031,553.553955078125,182.1588134765625,220.78683471679688,71.08999633789062,84.85163879394531,61.730628967285156,109647.9765625,47.823482513427734,16.3799991607666
2025-07-04,,,,,,,,,,,,,,,,,108034.3359375,,
2025-07-05,,,,,,,,,,,,,,,,,108231.1796875,,
2025-07-06,,,,,,,,,,,,,,,,,109232.0703125,,
2025-07-07,613.8780517578125,44.43553924560547,41.79275894165039,51.874969482421875,147.00543212890625,126.79458618164062,79.8941650390625,39.89253616333008,132.0535430908203,108.35810852050781,549.3840942382812,180.70294189453125,217.47125244140625,70.44000244140625,83.19920349121094,61.096046447753906,108299.8515625,47.14673614501953,17.790000915527344
2025-07-08,613.5418090820312,44.79892349243164,42.91770553588867,51.41215133666992,146.9659423828125,127.47600555419922,79.15467071533203,39.46933364868164,132.653076171875,107.99095916748047,549.6925048828125,181.1554412841797,218.9756317138672,70.9000015258789,84.32405853271484,61.65252685546875,108950.2734375,47.440975189208984,16.809999465942383
2025-07-09,617.2210083007812,45.069000244140625,42.699501037597656,51.599246978759766,147.99270629882812,128.24197387695312,78.63897705078125,39.83902359008789,133.16415405273438,108.63098907470703,553.5838012695312,181.6964874267578,221.35096740722656,72.37000274658203,87.46966552734375,61.623233795166016,111326.5546875,47.36251449584961,15.9399995803833
2025-07-10,618.9617919921875,45.30961990356445,43.02437973022461,51.904510498046875,148.82203674316406,127.81922149658203,78.92115020751953,40.16493606567383,133.9799041748047,109.83164978027344,552.7876586914062,182.74900817871094,222.48915100097656,73.55999755859375,87.97734069824219,62.062564849853516,115987.203125,47.490013122558594,15.779999732971191
2025-07-11,616.7858276367188,44.94132995605469,43.21833419799805,51.362911224365234,148.2888946533203,127.25716400146484,78.62925720214844,40.10655975341797,132.86929321289062,109.86141967773438,551.5436401367188,181.4112091064453,219.42100524902344,72.29000091552734,86.62352752685547,61.39868927001953,117516.9921875,47.33308792114258,16.399999618530273
2025-07-12,,,,,,,,,,,,,,,,,117435.2265625,,
2025-07-13,,,,,,,,,,,,,,,,,119116.1171875,,
2025-07-14,617.9627685546875,44.690895080566406,42.74314498901367,51.746952056884766,149.08859252929688,127.15270233154297,78.69734954833984,40.267086029052734,132.71205139160156,110.26826477050781,553.5440673828125,181.59811401367188,220.8957061767578,73.6500015258789,87.86783599853516,62.091854095458984,119849.703125,47.4017448425293,17.200000762939453
2025-07-15,615.3220825195312,43.772621154785156,42.1273307800293,50.86071014404297,147.97296142578125,128.2817840576172,77.90921783447266,39.8828010559082,130.3237762451172,108.69052124023438,554.051513671875,179.0798797607422,216.5706329345703,72.58999633789062,85.51860046386719,59.91473388671875,117777.1875,47.745018005371094,17.3799991607666
2025-07-16,617.3792724609375,43.89047622680664,41.7636604309082,51.215206146240234,148.49623107910156,128.67970275878906,78.18165588378906,39.902259826660156,131.9454345703125,108.88898468017578,554.6187744140625,179.7782745361328,218.7480010986328,75.25,87.41989135742188,60.441932678222656,118738.5078125,47.970603942871094,17.15999984741211
2025-07-17,621.1574096679688,44.1998405456543,42.02065658569336,51.70756530761719,149.86854553222656,129.84854125976562,78.92115020751953,40.067649841308594,130.4416961669922,109.26109313964844,559.1072998046875,181.24398803710938,221.61819458007812,76.23999786376953,87.71852111816406,61.67204666137695,119289.84375,48.24522399902344,16.520000457763672
2025-07-18,620.7024536132812,44.30295944213867,41.68123245239258,51.73711013793945,149.53286743164062,129.76400756835938,78.70709228515625,40.738929748535156,129.57679748535156,110.22856903076172,558.56982421875,181.17510986328125,220.04454040527344,77.62999725341797,85.87694549560547,61.769683837890625,118003.2265625,48.1373405456543,16.40999984741211
2025-07-19,,,,,,,,,,,,,,,,,117939.9765625,,
2025-07-20,,,,,,,,,,,,,,,,,117300.7890625,,
2025-07-21,621.87939453125,44.52884292602539,41.24967956542969,51.58939743041992,148.7430419921875,129.93312072753906,78.69734954833984,40.87026596069336,128.8396759033203,110.74952697753906,561.4658813476562,180.55540466308594,219.15377807617188,76.80999755859375,85.47877502441406,61.57442092895508,117439.5390625,48.45119094848633,16.649999618530273
2025-07-22,621.9684448242188,45.142662048339844,41.44363784790039,51.874969482421875,149.0984649658203,128.7294464111328,79.41738891601562,41.371299743652344,131.23779296875,111.87081909179688,558.559814453125,182.85723876953125,220.97486877441406,76.38999938964844,86.3348617553711,61.8575439453125,119995.4140625,48.480613708496094,16.5
2025-07-23,627.259765625,45.29488754272461,42.093387603759766,52.288543701171875,151.77398681640625,129.46559143066406,79.44658660888672,41.05997848510742,133.93077087402344,112.40167999267578,561.1075439453125,184.37208557128906,224.3498077392578,77.33999633789062,87.81806945800781,61.8575439453125,118754.9609375,48.971012115478516,15.369999885559082
2025-07-24,627.4674682617188,44.82838821411133,42.394020080566406,52.259002685546875,151.5172882080078,130.0126953125,79.1644058227539,41.0064697265625,133.42950439453125,110.54114532470703,562.3018798828125,183.78189086914062,221.2519989013672,75.80000305175781,87.09138488769531,60.705528259277344,118368.0,48.706199645996094,15.390000343322754
2025-07-25,630.1181030273438,45.35873031616211,42.2340087890625,52.62335205078125,153.01795959472656,130.31112670898438,79.30062866210938,41.11348342895508,134.1371307373047,111.56816101074219,563.6553344726562,184.6671905517578,222.07347106933594,76.79000091552734,87.21084594726562,60.461456298828125,117635.8828125,48.55907440185547,14.930000305175781
2025-07-26,,,,,,,,,,,,,,,,,117947.3671875,,
2025-07-27,,,,,,,,,,,,,,,,,119448.4921875,,
2025-07-28,629.9598999023438,44.700714111328125,42.71405029296875,52.259002685546875,152.5440673828125,131.3506622314453,78.48330688476562,40.67569351196289,132.96759033203125,112.21810913085938,565.4168701171875,183.57530212402344,221.81613159179688,76.83999633789062,86.17558288574219,60.41264343261719,117924.4765625,48.235416412353516,15.029999732971191
2025-07-29,628.2982788085938,44.52884292602539,43.13105392456055,51.993133544921875,150.8064422607422,131.35565185546875,78.9990005493164,41.142677307128906,132.12234497070312,111.44412994384766,564.541015625,183.48680114746094,220.4008331298828,74.73999786376953,85.44890594482422,60.1197509765625,117922.1484375,48.255035400390625,15.979999542236328
2025-07-30,627.5070190429688,43.630210876464844,42.51524353027344,51.89466094970703,150.0659942626953,131.64910888671875,78.29842376708984,41.44912338256836,131.88645935058594,110.73959350585938,565.2974853515625,182.29653930664062,219.28245544433594,75.6500015258789,85.84707641601562,59.34849166870117,117831.1875,47.901947021484375,15.479999542236328
2025-07-31,625.153076171875,43.080230712890625,42.2873420715332,51.5697021484375,150.07586669921875,130.6841583251953,77.62704467773438,41.67287826538086,128.1909942626953,109.86141967773438,562.3018798828125,180.6341094970703,217.134765625,75.33000183105469,85.26973724365234,58.635799407958984,115758.203125,47.62732696533203,16.719999313354492
2025-08-01,614.9065551757812,42.584266662597656,41.50182342529297,50.614532470703125,147.8347625732422,127.86398315429688,77.99679565429688,41.736122131347656,128.87899780273438,107.2120132446289,551.2252197265625,178.59788513183594,212.71070861816406,71.16000366210938,85.53849792480469,57.425201416015625,113320.0859375,47.27424240112305,20.3799991607666
2025-08-02,,,,,,,,,,,,,,,,,112526.9140625,,
2025-08-03,,,,,,,,,,,,,,,,,114217.671875,,
2025-08-04,624.2530517578125,43.148983001708984,41.40969467163086,51.116729736328125,149.1971893310547,130.4603729248047,78.37625885009766,42.475502014160156,130.72671508789062,108.47222137451172,561.3961181640625,180.78164672851562,217.47125244140625,73.58999633789062,86.42444610595703,58.23551940917969,115071.8828125,47.7646369934082,17.520000457763672
2025-08-05,621.088134765625,43.453433990478516,41.46303176879883,50.90994644165039,148.89112854003906,129.3810272216797,78.29842376708984,42.02311325073242,130.22549438476562,108.61113739013672,557.5845947265625,180.2799835205078,218.5797576904297,72.62999725341797,86.45430755615234,58.4307746887207,114141.4453125,47.901947021484375,17.850000381469727
2025-08-06,625.8455200195312,42.98202133178711,41.0799674987793,51.156124114990234,149.0095977783203,130.83836364746094,79.41738891601562,41.6485595703125,128.26963806152344,110.86859130859375,564.6007690429688,179.87664794921875,218.29273986816406,74.16000366210938,85.73757934570312,57.962162017822266,115028.0,48.12752914428711,16.770000457763672
2025-08-07,625.3212890625,43.16862869262695,40.91995620727539,50.584983825683594,148.79241943359375,130.95774841308594,80.0206527709961,42.100948333740234,126.79537963867188,110.8338623046875,566.5115356445312,179.76844787597656,217.58010864257812,74.3499984741211,84.9312744140625,57.45448684692383,117496.8984375,48.5296516418457,16.56999969482422
2025-08-08,630.1972045898438,43.38468551635742,41.181793212890625,51.057655334472656,148.91090393066406,132.265869140625,80.25418090820312,41.920963287353516,127.9256591796875,111.0273666381836,571.7960815429688,180.0930633544922,218.05520629882812,74.76000213623047,85.04077911376953,58.14765548706055,116688.7265625,48.490421295166016,15.149999618530273
2025-08-09,,,,,,,,,,,,,,,,,116500.359375,,
2025-08-10,,,,,,,,,,,,,,,,,119306.7578125,,
2025-08-11,628.9509887695312,43.286476135253906,40.85206985473633,51.037960052490234,148.4271240234375,131.37057495117188,80.18607330322266,41.78963088989258,128.0534210205078,111.31512451171875,570.104248046875,179.60122680664062,218.00570678710938,75.2300033569336,84.77201080322266,57.991451263427734,118731.4453125,48.353111267089844,16.25
2025-08-12,635.6467895507812,43.85118865966797,41.050872802734375,51.658329010009766,149.96725463867188,133.40489196777344,80.40013122558594,41.96961212158203,128.93797302246094,112.49595642089844,577.2697143554688,181.8833770751953,224.47848510742188,76.77999877929688,86.52398681640625,60.08070373535156,120172.90625,48.94158935546875,14.729999542236328
2025-08-13,637.82275390625,44.6761589050293,41.526065826416016,51.9537467956543,150.53990173339844,133.45465087890625,80.40013122558594,42.06203079223633,131.0019073486328,114.0389633178711,577.558349609375,184.48031616210938,228.84317016601562,77.91000366210938,89.11214447021484,61.15461730957031,123344.0625,49.53006362915039,14.489999771118164
2025-08-14,637.882080078125,44.20965576171875,41.487274169921875,52.199928283691406,149.20709228515625,133.16615295410156,79.68010711669922,41.77016830444336,131.66041564941406,113.90996551513672,577.110595703125,183.28021240234375,225.89378356933594,77.05000305175781,89.16191864013672,61.115570068359375,118359.578125,48.921974182128906,14.829999923706055
2025-08-15,636.388671875,44.20965576171875,41.487274169921875,51.658329010009766,148.52584838867188,132.1564483642578,79.80659484863281,41.6485595703125,133.87179565429688,113.6370849609375,574.57275390625,182.8277130126953,224.79519653320312,77.01000213623047,90.2668685913086,60.129512786865234,117398.3515625,48.98081970214844,15.09000015258789
2025-08-16,,,,,,,,,,,,,,,,,117491.3515625,,
2025-08-17,,,,,,,,,,,,,,,,,117453.0625,,
2025-08-18,636.2501831054688,43.95431137084961,41.23998260498047,51.697715759277344,149.10833740234375,132.43995666503906,79.6995620727539,41.46858215332031,133.55728149414062,114.09354400634766,574.34375,182.7883758544922,225.61666870117188,77.11000061035156,89.79900360107422,60.461456298828125,116252.3125,49.26525115966797,14.989999771118164
2025-08-19,632.7984008789062,44.219478607177734,41.2545280456543,51.79618835449219,149.4341278076172,130.12710571289062,80.51689910888672,41.8723258972168,134.41233825683594,114.0389633178711,566.5514526367188,183.6441650390625,223.88465881347656,74.02999877929688,88.39542388916016,60.354061126708984,112831.1796875,48.86312484741211,15.569999694824219
2025-08-20,631.1170654296875,44.25385284423828,41.59879684448242,52.06206130981445,149.29592895507812,129.2467041015625,80.97421264648438,41.916099548339844,135.1396484375,112.91272735595703,563.1876220703125,183.47694396972656,223.09286499023438,73.77999877929688,88.81352233886719,60.568843841552734,114274.7421875,48.794471740722656,15.6899995803833
2025-08-21,628.5850830078125,44.38644027709961,41.884883880615234,51.89466094970703,148.76278686523438,128.77919006347656,80.24445343017578,41.62910461425781,134.6875457763672,112.242919921875,560.5802001953125,182.83753967285156,223.6471405029297,73.51000213623047,89.51032257080078,60.324771881103516,112419.03125,48.68658447265625,16.600000381469727
2025-08-22,638.2380981445312,45.26542663574219,42.73829650878906,52.751365661621094,151.1914825439453,130.52500915527344,80.24445343017578,41.852867126464844,135.7981414794922,115.65145111083984,569.2284545898438,186.3984832763672,232.41603088378906,76.5199966430664,90.50576782226562,63.30244445800781,116874.0859375,49.657569885253906,14.220000267028809
2025-08-23,,,,,,,,,,,,,,,,,115374.328125,,
2025-08-24,,,,,,,,,,,,,,,,,113458.4296875,,
2025-08-25,635.4292602539062,45.014991760253906,42.849822998046875,52.44610595703125,149.68096923828125,130.23153686523438,78.87249755859375,41.38102340698242,133.86195373535156,115.41826629638672,567.5863647460938,184.97215270996094,229.97142028808594,75.66000366210938,88.38546752929688,62.96074676513672,110124.3515625,49.373138427734375,14.789999961853027
2025-08-26,638.0897216796875,45.137752532958984,42.78193283081055,52.84983825683594,151.2211151123047,130.82843017578125,78.35680389404297,41.47344970703125,134.69737243652344,115.9491195678711,569.8654174804688,185.1000213623047,231.87168884277344,76.2699966430664,89.49041748046875,63.68320846557617,111802.65625,49.245635986328125,14.619999885559082
2025-08-27,639.543701171875,45.250694274902344,43.26197814941406,52.958152770996094,151.20135498046875,131.53472900390625,78.59033203125,41.48317337036133,134.61874389648438,115.97393035888672,570.7412109375,185.7689208984375,233.51461791992188,75.5199966430664,89.87863159179688,64.19087219238281,111222.0625,48.95139694213867,14.850000381469727
2025-08-28,641.80859375,45.250694274902344,43.591705322265625,53.02708435058594,151.46792602539062,132.57424926757812,78.0940933227539,41.1669921875,134.0880126953125,116.1723861694336,574.3140258789062,185.68040466308594,233.79176330566406,76.06999969482422,89.87863159179688,63.96632766723633,112544.8046875,49.13774490356445,14.430000305175781
2025-08-29,637.98095703125,45.31452941894531,43.82929992675781,53.164947509765625,150.07586669921875,130.53994750976562,78.60005950927734,41.016197204589844,135.0708465576172,114.97667694091797,567.6660766601562,185.54266357421875,232.75254821777344,74.95999908447266,89.44063568115234,63.95656967163086,108410.8359375,48.90235900878906,15.359999656677246
2025-08-30,,,,,,,,,,,,,,,,,108808.0703125,,
2025-08-31,,,,,,,,,,,,,,,,,108236.7109375,,
2025-09-01,,,,,,,,,,,,,,,,,109250.59375,,
2025-09-02,633.2533569335938,44.97570037841797,43.892333984375,52.771060943603516,148.64431762695312,129.22183227539062,78.47357177734375,40.87999725341797,135.1986083984375,114.11834716796875,562.9088745117188,184.07699584960938,231.49560546875,74.41000366210938,92.45684051513672,63.53676223754883,111200.5859375,48.86312484741211,17.170000076293945
2025-09-03,636.685302734375,44.67124938964844,42.90800476074219,52.682437896728516,147.8939971923828,129.99281311035156,78.4151840209961,40.7778434753418,134.55978393554688,114.57976531982422,567.3375854492188,183.79171752929688,231.26795959472656,74.79000091552734,93.22332763671875,63.6246223449707,111723.2109375,49.04947280883789,16.350000381469727
2025-09-04,642.0064086914062,44.843116760253906,43.194091796875,53.233882904052734,149.56248474121094,130.63442993164062,78.4638442993164,40.72920227050781,135.0708465576172,116.67350006103516,572.4728393554688,185.1492156982422,234.15794372558594,75.0199966430664,93.04415130615234,64.56185913085938,110723.6015625,48.892547607421875,15.300000190734863
2025-09-05,640.1469116210938,45.15739059448242,42.360084533691406,52.259002685546875,149.0095977783203,130.7438507080078,78.68762969970703,40.602725982666016,135.5327911376953,116.64868927001953,573.298828125,185.36561584472656,235.32582092285156,75.37000274658203,95.0350341796875,63.89797592163086,110650.984375,49.48102569580078,15.180000305175781
2025-09-06,,,,,,,,,,,,,,,,,110224.6953125,,
2025-09-07,,,,,,,,,,,,,,,,,111167.6171875,,
2025-09-08,641.7196044921875,45.19668197631836,42.26310729980469,52.298397064208984,149.3452911376953,131.72372436523438,78.3957290649414,40.18925476074219,135.483642578125,117.10018920898438,576.0953979492188,185.2180633544922,235.80087280273438,76.12999725341797,93.9997787475586,63.96632766723633,112071.4296875,49.93218994140625,15.109999656677246
2025-09-09,643.2031860351562,44.46009826660156,42.46675491333008,52.52488327026367,148.3382568359375,131.97738647460938,78.5514144897461,40.46652603149414,136.2109375,116.93645477294922,577.7275390625,184.6475372314453,234.41529846191406,76.58999633789062,94.54727172851562,63.31221389770508,111530.546875,50.206809997558594,15.039999961853027
2025-09-10,645.0625,44.5435791015625,43.208641052246094,52.347633361816406,149.4341278076172,134.36981201171875,77.78273010253906,41.16212463378906,134.97256469726562,115.53732299804688,577.9166870117188,184.4606475830078,233.9995880126953,75.55999755859375,93.4721908569336,63.38054656982422,113955.359375,50.55009078979492,15.350000381469727
2025-09-11,650.423095703125,45.47657775878906,43.21833419799805,53.2043342590332,150.85581970214844,134.82244873046875,78.4151840209961,41.38102340698242,137.32154846191406,117.78485870361328,581.2804565429688,187.22479248046875,238.3246612548828,78.30000305175781,95.26398468017578,63.66367721557617,115507.5390625,51.28568649291992,14.710000038146973
2025-09-12,650.20556640625,45.019901275634766,42.961341857910156,52.977848052978516,149.65133666992188,134.73292541503906,78.15247344970703,41.59019088745117,135.73916625976562,118.3951187133789,583.8480224609375,185.87713623046875,235.88995361328125,78.56999969482422,93.69119262695312,63.44888687133789,116101.578125,51.25625991821289,14.760000228881836
2025-09-13,,,,,,,,,,,,,,,,,115950.5078125,,
2025-09-14,,,,,,,,,,,,,,,,,115407.65625,,
2025-09-15,653.6671142578125,44.65652084350586,42.81587600708008,52.859683990478516,150.34242248535156,135.9465789794922,77.2573013305664,41.687477111816406,134.57943725585938,119.4221420288086,588.843994140625,185.5525360107422,236.88958740234375,79.72000122070312,93.00432586669922,62.833831787109375,115444.875,51.62895965576172,15.6899995803833
2025-09-16,652.76708984375,44.51902770996094,43.53351593017578,52.74152374267578,149.89816284179688,135.4740447998047,77.60758972167969,40.92863845825195,134.57943725585938,120.15643310546875,588.3463745117188,185.0606689453125,236.49951171875,81.02999877929688,93.31291198730469,62.179718017578125,116843.1875,52.011470794677734,16.360000610351562
2025-09-17,651.9561157226562,44.62214660644531,43.63534164428711,53.25357437133789,149.21693420410156,135.00648498535156,78.07463836669922,41.030784606933594,134.84478759765625,119.85379028320312,587.1720581054688,185.23773193359375,237.10494995117188,80.66999816894531,93.34278106689453,62.92169952392578,116468.5078125,52.23705291748047,15.720000267028809
2025-09-18,655.0023803710938,44.62214660644531,43.49957275390625,53.30281066894531,150.8064422607422,137.33924865722656,77.39352416992188,41.05997848510742,135.1101531982422,119.31298828125,592.4666137695312,186.44766235351562,243.01048278808594,83.16000366210938,96.2395248413086,64.60091400146484,117137.203125,52.109554290771484,15.699999809265137
2025-09-19,658.2465209960938,44.602500915527344,42.92255401611328,53.42097473144531,151.17173767089844,138.73194885253906,77.23783874511719,41.32264709472656,134.93324279785156,119.76448822021484,596.4772338867188,186.12307739257812,241.1643829345703,84.95999908447266,95.16443634033203,63.790584564208984,115688.859375,51.99185562133789,15.449999809265137
2025-09-20,,,,,,,,,,,,,,,,,115721.9609375,,
2025-09-21,,,,,,,,,,,,,,,,,115306.09375,,
2025-09-22,661.3607177734375,44.58721160888672,42.8731575012207,53.3498420715332,151.67735290527344,140.77285766601562,76.37669372558594,41.72323226928711,134.89869689941406,119.37432861328125,600.0083618164062,186.21197509765625,242.5638427734375,84.69000244140625,96.8840560913086,63.004756927490234,112748.5078125,52.24686050415039,16.100000381469727
2025-09-23,657.7605590820312,44.44412612915039,43.611595153808594,53.112728118896484,151.7169952392578,139.5576629638672,76.7587661743164,41.93870162963867,135.20477294921875,118.25106048583984,596.0228881835938,186.439208984375,242.0179443359375,83.58000183105469,96.35631561279297,62.92616653442383,112014.5,52.276283264160156,16.639999389648438
2025-09-24,655.6678466796875,43.901405334472656,44.17886734008789,52.964542388916016,150.933837890625,138.69607543945312,76.92532348632812,42.2374267578125,134.6617431640625,119.0860595703125,593.9305419921875,186.00450134277344,239.79470825195312,83.45999908447266,97.0234603881836,62.7984733581543,113328.6328125,52.0997428894043,16.18000030517578
2025-09-25,652.6429443359375,43.32907485961914,44.574981689453125,52.826229095458984,149.91273498535156,138.45204162597656,76.19054412841797,41.83096694946289,132.43038940429688,117.4061279296875,591.3699340820312,184.47314453125,237.501953125,81.62999725341797,95.4502182006836,62.759178161621094,109049.2890625,51.79569625854492,16.739999771118164
2025-09-26,656.3818969726562,43.83232879638672,44.98576736450195,53.21152877807617,151.26097106933594,138.87039184570312,76.37669372558594,42.51166534423828,133.7830047607422,119.1407241821289,593.8009643554688,186.30088806152344,239.53663635253906,83.0999984741211,97.5312728881836,63.05386734008789,109712.828125,51.69761657714844,15.289999961853027
2025-09-27,,,,,,,,,,,,,,,,,109681.9453125,,
2025-09-28,,,,,,,,,,,,,,,,,112122.640625,,
2025-09-29,658.2266845703125,44.00008010864258,44.159305572509766,53.47827911376953,151.72691345214844,139.61245727539062,76.52364349365234,42.634090423583984,134.1779327392578,119.66259002685547,596.5509643554688,186.92332458496094,239.81454467773438,86.16999816894531,98.97508239746094,62.44483947753906,114400.3828125,52.16839599609375,16.1200008392334
2025-09-30,660.7060546875,44.217166900634766,43.68983459472656,53.22140884399414,152.89669799804688,140.3744354248047,76.77836608886719,42.70754623413086,137.40650939941406,119.1059341430664,598.1849975585938,187.4172821044922,240.15200805664062,86.30000305175781,99.77165985107422,62.179622650146484,114056.0859375,52.374366760253906,16.280000686645508
2025-10-01,662.9574584960938,43.753387451171875,43.68983459472656,52.74718475341797,152.47042846679688,141.74900817871094,76.66080474853516,43.11890411376953,141.6520233154297,119.8514633178711,601.0545043945312,187.8421173095703,240.67803955078125,86.91999816894531,100.95657348632812,61.85546112060547,118648.9296875,52.78629684448242,16.290000915527344
2025-10-02,663.7210693359375,44.261573791503906,43.249717712402344,52.70766830444336,152.86697387695312,142.51596069335938,76.35710144042969,43.040550231933594,141.3755645751953,118.98664855957031,603.5255126953125,188.2866973876953,242.19662475585938,89.22000122070312,102.15144348144531,61.7081184387207,120681.2578125,53.031494140625,16.6299991607666
2025-10-03,663.7113037109375,44.3355827331543,43.479557037353516,53.073219299316406,153.0751495361328,141.79881286621094,76.44526672363281,43.54005432128906,142.98492431640625,118.22122955322266,600.9848022460938,188.94862365722656,243.99310302734375,88.31999969482422,103.1571273803711,62.32696533203125,122266.53125,53.18842315673828,16.649999618530273
2025-10-04,,,,,,,,,,,,,,,,,122425.4296875,,
2025-10-05,,,,,,,,,,,,,,,,,123513.4765625,,
2025-10-06,666.0914916992188,44.29611587524414,43.69472885131836,53.0534553527832,153.78892517089844,143.23312377929688,75.88684844970703,43.96120071411133,142.29379272460938,119.23515319824219,605.498291015625,188.88937377929688,244.96575927734375,91.58999633789062,103.19695281982422,62.95563507080078,124752.53125,53.43362045288086,16.3700008392334
2025-10-07,663.6220092773438,44.118492126464844,43.76319122314453,53.12261199951172,152.9165496826172,142.2769012451172,76.59222412109375,44.1619873046875,142.4023895263672,117.14766693115234,602.3099975585938,188.05947875976562,242.3355712890625,89.11000061035156,103.23678588867188,62.503780364990234,121451.3828125,53.021690368652344,17.239999771118164
2025-10-08,667.5791625976562,44.355316162109375,43.5088996887207,52.86573791503906,154.24496459960938,144.77203369140625,76.21014404296875,44.46561050415039,142.6788330078125,117.4955825805664,609.2147216796875,188.67201232910156,244.87644958496094,92.52999877929688,104.98926544189453,62.12068176269531,123354.8671875,53.44343185424805,16.299999237060547
2025-10-09,665.6452026367188,43.74845504760742,42.91717529296875,52.67803192138672,151.96482849121094,144.5279998779297,76.45507049560547,44.35297393798828,142.3629150390625,116.90910339355469,608.4774169921875,187.11102294921875,243.29832458496094,91.66000366210938,106.06464385986328,61.835811614990234,121705.5859375,52.89418411254883,16.43000030517578
2025-10-10,647.6542358398438,42.850494384765625,41.67504119873047,51.53199768066406,148.6041259765625,138.64630126953125,76.51384735107422,44.17177963256836,140.30926513671875,113.69337463378906,587.3545532226562,182.8924102783203,236.01316833496094,86.5199966430664,104.54118347167969,59.124664306640625,113214.3671875,50.942405700683594,21.65999984741211
2025-10-11,,,,,,,,,,,,,,,,,110807.8828125,,
2025-10-12,,,,,,,,,,,,,,,,,115169.765625,,
2025-10-13,657.5919189453125,43.53136444091797,42.2423095703125,52.02597427368164,150.15066528320312,142.02291870117188,76.25911712646484,44.50967788696289,140.15127563476562,116.23316192626953,599.8190307617188,184.6707305908203,242.58370971679688,87.7699966430664,104.81998443603516,60.42129898071289,115271.078125,52.423404693603516,19.030000686645508
2025-10-14,656.78857421875,43.96554183959961,42.2374267578125,52.598995208740234,151.91526794433594,140.20013427734375,77.48373413085938,44.906341552734375,140.5363311767578,116.47669982910156,595.8236694335938,186.2021026611328,246.047607421875,86.86000061035156,104.67063903808594,62.28767013549805,113118.6640625,51.9526252746582,20.809999465942383
2025-10-15,659.7044067382812,43.7681884765625,42.212974548339844,52.598995208740234,151.28082275390625,141.58963012695312,77.62090301513672,45.493995666503906,140.75355529785156,116.64569091796875,600.0282592773438,186.5775146484375,248.45947265625,89.30000305175781,107.90673828125,60.88298416137695,110783.1640625,52.80591583251953,20.639999389648438
2025-10-16,655.211669921875,43.44255828857422,41.70438003540039,51.136810302734375,150.28944396972656,141.6942138671875,77.08206939697266,44.999385833740234,140.5166015625,115.51744842529297,597.806396484375,184.80905151367188,243.2288360595703,86.68000030517578,107.4487075805664,57.1109504699707,108186.0390625,53.14918899536133,25.309999465942383
2025-10-17,658.9308471679688,43.35867691040039,42.04670333862305,51.551753997802734,150.41831970214844,141.9432373046875,78.11074829101562,44.842681884765625,141.45455932617188,116.51148223876953,601.7320556640625,185.7476348876953,241.5911865234375,86.23999786376953,107.33917236328125,58.02448654174805,106467.7890625,53.139381408691406,20.780000686645508
2025-10-18,,,,,,,,,,,,,,,,,107198.265625,,
2025-10-19,,,,,,,,,,,,,,,,,108666.7109375,,
2025-10-20,665.7840576171875,43.87673568725586,42.491722106933594,52.1544075012207,152.19287109375,143.52696228027344,78.04216766357422,44.82798767089844,142.95529174804688,117.43594360351562,609.3143310546875,187.60499572753906,246.30567932128906,90.01000213623047,109.69904327392578,59.46847152709961,110588.9296875,53.865169525146484,18.229999542236328
2025-10-21,665.7741088867188,43.708980560302734,42.39391326904297,52.09513473510742,153.5410919189453,143.60166931152344,77.67967987060547,44.37255859375,143.29100036621094,118.87232971191406,609.1549072265625,188.46453857421875,245.14443969726562,88.6500015258789,109.0916519165039,59.55687713623047,108476.890625,53.26689147949219,17.8700008392334
2025-10-22,662.312744140625,43.575767517089844,42.93673324584961,51.798744201660156,151.5484619140625,142.18228149414062,78.12053680419922,44.26972198486328,144.1104736328125,117.94290924072266,603.286376953125,187.55560302734375,241.52169799804688,85.3499984741211,106.8612289428711,59.370243072509766,107688.5859375,53.21784591674805,18.600000381469727
2025-10-23,666.2402954101562,44.098758697509766,43.5088996887207,51.90742111206055,153.4419403076172,143.9751739501953,77.73846435546875,44.235443115234375,144.189453125,118.4747085571289,608.35791015625,188.4447784423828,244.57867431640625,87.93000030517578,107.1001968383789,59.11484146118164,110069.7265625,53.688629150390625,17.299999237060547
2025-10-24,671.6851806640625,43.91620635986328,43.06877517700195,52.470558166503906,153.57081604003906,146.21133422851562,77.48373413085938,44.75453186035156,144.17958068847656,118.12183380126953,614.8540649414062,188.95851135253906,247.56619262695312,89.33000183105469,107.92665100097656,60.136436462402344,111033.921875,54.04171371459961,16.3700008392334
2025-10-25,,,,,,,,,,,,,,,,,111641.7265625,,
2025-10-26,,,,,,,,,,,,,,,,,114472.4453125,,
2025-10-27,679.6094970703125,43.89646911621094,43.171470642089844,52.68791198730469,154.44322204589844,148.91064453125,77.6111068725586,44.87696075439453,144.51527404785156,119.82164764404297,625.80419921875,189.7982940673828,248.4296875,90.25,111.11296844482422,60.087318420410156,114119.328125,54.63999938964844,15.789999961853027
2025-10-28,681.41455078125,43.95567321777344,42.72156524658203,52.35200500488281,153.3428192138672,150.3848114013672,76.83714294433594,44.13749694824219,143.60691833496094,119.8514633178711,630.6165161132812,188.1681671142578,247.09970092773438,89.27999877929688,111.5212173461914,59.841739654541016,112956.1640625,54.62038040161133,16.420000076293945
2025-10-29,681.7418212890625,43.092254638671875,43.039432525634766,51.46284103393555,153.73936462402344,151.46554565429688,75.02471923828125,44.12281036376953,142.1555633544922,118.86239624023438,633.4561767578125,186.06378173828125,244.9955291748047,89.2300033569336,110.48566436767578,58.75139236450195,110055.3046875,54.934234619140625,16.920000076293945
2025-10-30,674.2440185546875,42.51498794555664,42.785133361816406,51.60115432739258,153.3527374267578,149.60292053222656,74.94634246826172,43.93671798706055,142.4715118408203,116.17848205566406,623.7715454101562,185.26353454589844,243.02041625976562,85.68000030517578,111.43161010742188,58.800506591796875,108305.546875,54.36537551879883,16.90999984741211
2025-10-31,676.4556884765625,42.2682991027832,43.09811782836914,51.739463806152344,153.7195281982422,149.74734497070312,74.73080444335938,43.63310241699219,142.42213439941406,119.25006103515625,626.7805786132812,185.6685791015625,244.39010620117188,88.9800033569336,112.22817993164062,58.93803024291992,109556.1640625,54.23787307739258,17.440000534057617
2025-11-01,,,,,,,,,,,,,,,,,110064.015625,,
2025-11-02,,,,,,,,,,,,,,,,,110639.625,,
2025-11-03,677.7251586914062,42.00680160522461,43.103004455566406,51.522117614746094,153.0652313232422,150.35992431640625,74.14299011230469,43.6575813293457,142.61959838867188,120.36836242675781,629.7796630859375,185.21412658691406,243.6060028076172,88.19000244140625,109.39036560058594,59.0755500793457,106547.5234375,54.581153869628906,17.170000076293945
2025-11-04,669.691650390625,41.799583435058594,42.638427734375,51.78886032104492,151.2907257080078,146.39064025878906,74.44670104980469,43.500877380371094,143.26138305664062,118.37034606933594,616.996337890625,183.98904418945312,239.39768981933594,83.5,107.5781478881836,58.76121520996094,101590.5234375,53.58074188232422,19.0
2025-11-05,672.012451171875,42.0462760925293,42.75090789794922,51.966697692871094,151.8756103515625,146.96336364746094,74.39772033691406,43.51066970825195,143.8142852783203,119.81169891357422,621.0116577148438,185.06594848632812,242.85166931152344,84.98999786376953,108.74314880371094,59.48811721801758,103891.8359375,54.06132888793945,18.010000228881836
2025-11-06,664.80224609375,41.83905029296875,43.16657638549805,51.778987884521484,151.2708740234375,144.01004028320312,74.06462097167969,43.31968307495117,144.09071350097656,117.04330444335938,609.44384765625,183.76181030273438,238.55404663085938,80.91999816894531,108.82279968261719,59.09519958496094,101301.2890625,53.659202575683594,19.5
2025-11-07,665.4567260742188,42.342308044433594,43.78764724731445,52.14453125,152.00450134277344,143.51202392578125,75.15206909179688,43.922027587890625,144.28819274902344,117.22720336914062,607.5209350585938,185.30303955078125,239.80462646484375,80.75,108.49421691894531,59.93014907836914,103372.40625,53.50227737426758,19.079999923706055
2025-11-08,,,,,,,,,,,,,,,,,102282.1171875,,
2025-11-09,,,,,,,,,,,,,,,,,104719.640625,,
2025-11-10,675.8406982421875,42.74195098876953,44.18376159667969,52.332244873046875,152.86697387695312,147.1824951171875,74.87776947021484,43.9073371887207,145.41372680664062,118.76795959472656,620.9617919921875,186.3700408935547,242.20654296875,82.83999633789062,109.619384765625,60.24449157714844,105996.59375,54.4438362121582,17.600000381469727
2025-11-11,677.387939453125,43.18599319458008,44.76081085205078,52.56935119628906,152.9066162109375,145.92745971679688,75.85746002197266,43.931819915771484,148.77064514160156,119.06120300292969,619.307861328125,187.44692993164062,242.4149932861328,82.05000305175781,113.52262878417969,60.362369537353516,102997.46875,54.502685546875,17.280000686645508
2025-11-12,677.7647705078125,43.49189376831055,44.134857177734375,53.0238151550293,153.05531311035156,146.38067626953125,75.74968719482422,44.0346565246582,150.88356018066406,118.26100158691406,618.8196411132812,187.89151000976562,241.81944274902344,81.36000061035156,113.62220001220703,60.440948486328125,101663.1875,54.51249313354492,17.510000228881836
2025-11-13,666.5180053710938,43.20573043823242,44.24733352661133,52.342124938964844,150.6859893798828,142.73011779785156,75.74968719482422,43.42741775512695,150.8045654296875,115.30870056152344,606.1858520507812,185.7673797607422,235.02064514160156,77.08999633789062,111.43161010742188,59.71405029296875,99697.4921875,53.87498092651367,20.0
2025-11-14,666.4088134765625,42.81101989746094,45.00043869018555,51.818504333496094,150.69589233398438,143.5070343017578,75.69091033935547,43.46659851074219,149.90609741210938,114.75700378417969,606.64404296875,185.08567810058594,235.7054901123047,76.91999816894531,113.52262878417969,59.841739654541016,94397.7890625,53.90440368652344,19.829999923706055
2025-11-15,,,,,,,,,,,,,,,,,95549.1484375,,
2025-11-16,,,,,,,,,,,,,,,,,94177.078125,,
2025-11-17,660.2003173828125,42.15974807739258,44.17886734008789,50.83054733276367,149.2187957763672,141.2609405517578,75.21085357666016,43.85836410522461,149.77774047851562,113.678466796875,601.4630126953125,182.65530395507812,231.02073669433594,75.48999786376953,114.33912658691406,57.59227752685547,92093.875,53.26689147949219,22.3799991607666
2025-11-18,654.65625,42.19429016113281,44.53097152709961,50.75150680541992,148.55458068847656,138.96502685546875,75.5341567993164,43.69186019897461,150.6564483642578,111.58104705810547,594.1397705078125,182.7639617919922,231.7254638671875,74.97000122070312,114.68762969970703,58.11289596557617,92948.875,53.002071380615234,24.690000534057617
2025-11-19,657.185302734375,42.302833557128906,43.953914642333984,50.9392204284668,149.05026245117188,139.9311981201172,74.95613861083984,43.324581146240234,150.39974975585938,111.58601379394531,597.6868286132812,182.21070861816406,231.6857452392578,74.38999938964844,114.01053619384766,58.73175048828125,91465.9921875,52.81571960449219,23.65999984741211
2025-11-20,647.1683349609375,41.671302795410156,43.45510482788086,50.4946403503418,146.5520477294922,135.53857421875,75.4949722290039,43.104209899902344,149.50128173828125,109.92100524902344,583.5385131835938,179.98777770996094,227.3980255126953,71.75,113.34339904785156,58.5352897644043,86631.8984375,52.089935302734375,26.420000076293945
2025-11-21,653.6148681640625,42.60380172729492,43.72896194458008,51.04789733886719,148.3364715576172,136.06150817871094,76.31790924072266,43.16787338256836,152.65086364746094,112.07806396484375,587.9224853515625,183.5247039794922,233.83953857421875,73.3499984741211,116.15133666992188,60.519535064697266,85090.6875,52.08012771606445,23.43000030517578
2025-11-22,,,,,,,,,,,,,,,,,84648.359375,,
2025-11-23,,,,,,,,,,,,,,,,,86805.0078125,,
2025-11-24,663.2351684570312,42.68767166137695,43.60670471191406,51.2652473449707,148.70327758789062,139.3036651611328,75.43619537353516,43.6575813293457,153.29261779785156,113.5740966796875,602.9575805664062,184.2854461669922,238.10739135742188,76.79000091552734,119.06881713867188,60.56864929199219,88270.5625,52.629371643066406,20.520000457763672
2025-11-25,669.4735107421875,43.32414245605469,43.332847595214844,51.90742111206055,150.60667419433594,139.6772003173828,76.47466278076172,43.49108123779297,156.75814819335938,116.0045166015625,606.674072265625,186.90354919433594,243.29832458496094,77.30000305175781,120.85116577148438,62.28767013549805,87341.890625,52.81571960449219,18.559999465942383
2025-11-26,674.09521484375,43.856998443603516,43.66049575805664,52.31248474121094,151.4790802001953,141.33065795898438,77.3073959350586,44.06894302368164,156.41259765625,116.79975891113281,612.034423828125,188.20767211914062,245.45211791992188,78.47000122070312,122.32483673095703,62.051918029785156,90518.3671875,53.19823455810547,17.190000534057617
2025-11-27,,,,,,,,,,,,,,,,,91285.375,,
2025-11-28,677.7747192382812,44.10862350463867,44.23265838623047,52.68791198730469,152.3613739013672,142.5458526611328,77.758056640625,44.38235092163086,155.65232849121094,117.52540588378906,616.996337890625,189.2252655029297,246.89126586914062,79.68000030517578,122.63351440429688,61.87510681152344,90919.265625,53.276695251464844,16.350000381469727
2025-11-29,,,,,,,,,,,,,,,,,90851.7578125,,
2025-11-30,,,,,,,,,,,,,,,,,90394.3125,,
2025-12-01,674.6803588867188,44.00008010864258,44.65811538696289,52.25320816040039,150.13084411621094,142.610595703125,77.67967987060547,43.344173431396484,153.32223510742188,117.5949935913086,614.923828125,187.93104553222656,243.78465270996094,77.52999877929688,119.33765411376953,62.55289840698242,86321.5703125,53.237464904785156,17.239999771118164
2025-12-02,675.9299926757812,43.600440979003906,44.081058502197266,52.20380783081055,151.4394073486328,144.07977294921875,77.17023468017578,43.03565216064453,152.40402221679688,117.51547241210938,619.7362670898438,187.75320434570312,243.33802795410156,78.22000122070312,117.95359802246094,62.20909118652344,91350.203125,53.257080078125,16.59000015258789
2025-12-03,678.2706298828125,43.90633773803711,44.90752029418945,52.9052619934082,152.87689208984375,144.4234161376953,77.22901916503906,42.89853286743164,153.1149139404297,118.78286743164062,621.2507934570312,189.1857452392578,247.7646942138672,80.75,121.3092041015625,63.5057258605957,93527.8046875,53.29631423950195,16.079999923706055
2025-12-04,678.7665405273438,43.649776458740234,45.098243713378906,53.01393508911133,153.66995239257812,144.96128845214844,76.85674285888672,42.81038284301758,151.94984436035156,118.36040496826172,620.6728515625,189.2450408935547,249.93833923339844,82.6500015258789,122.72312927246094,63.721832275390625,92141.625,53.28650665283203,15.779999732971191
2025-12-05,680.0557861328125,43.50669479370117,44.91240692138672,53.033695220947266,153.24368286132812,146.02210998535156,76.86653900146484,42.4088249206543,151.31796264648438,119.01647186279297,623.2036743164062,189.68960571289062,248.89617919921875,81.91000366210938,122.8824462890625,63.57448959350586,89387.7578125,53.688629150390625,15.40999984741211
2025-12-06,,,,,,,,,,,,,,,,,89272.375,,
2025-12-07,,,,,,,,,,,,,,,,,90405.640625,,
2025-12-08,678.0127563476562,42.904762268066406,44.42338180541992,52.83610153198242,153.05531311035156,147.04803466796875,76.22972869873047,41.840763092041016,149.5111541748047,117.28683471679688,622.0079956054688,188.55345153808594,248.9954376220703,81.95999908447266,123.13137817382812,63.790592193603516,90640.203125,53.57093048095703,16.65999984741211
2025-12-09,677.4276123046875,42.81595230102539,44.69723892211914,52.638511657714844,151.93508911132812,147.43649291992188,76.40608215332031,41.870147705078125,148.05979919433594,117.27690887451172,622.7752075195312,188.1977996826172,249.5115509033203,82.52999877929688,120.67193603515625,63.66288757324219,92691.7109375,53.482662200927734,16.93000030517578
2025-12-10,681.9203491210938,43.65471267700195,45.166709899902344,53.24116897583008,154.71087646484375,148.14370727539062,76.63141632080078,41.850555419921875,150.212158203125,118.99658203125,625.3258666992188,190.8455352783203,252.906005859375,83.16000366210938,121.52826690673828,65.86325073242188,92020.9453125,54.0809440612793,15.770000457763672
2025-12-11,683.5072021484375,44.523067474365234,44.951534271240234,54.20936584472656,156.366455078125,147.38668823242188,77.19963073730469,42.154178619384766,151.63392639160156,119.46379089355469,623.3033447265625,192.3867645263672,255.87362670898438,82.05999755859375,122.49410247802734,66.20704650878906,92511.3359375,53.8259391784668,14.850000381469727
2025-12-12,676.1581420898438,44.55267333984375,44.511409759521484,54.28840637207031,155.385009765625,143.12356567382812,77.8070297241211,41.94850158691406,152.10781860351562,119.98068237304688,611.3867797851562,191.08265686035156,251.9531707763672,80.38999938964844,122.6036376953125,65.89271545410156,90270.4140625,53.19823455810547,15.739999771118164
2025-12-13,,,,,,,,,,,,,,,,,90298.7109375,,
2025-12-14,,,,,,,,,,,,,,,,,88175.1796875,,
2025-12-15,675.1365966796875,44.523067474365234,44.198429107666016,54.32792663574219,155.63284301757812,141.73904418945312,78.02257537841797,42.33047103881836,154.12197875976562,121.00455474853516,608.3179931640625,191.3197479248047,250.04750061035156,79.20999908447266,122.31487274169922,66.06953430175781,86419.78125,53.04130554199219,16.5
2025-12-16,673.2918701171875,44.404659271240234,42.84870910644531,53.98213577270508,154.71087646484375,141.9980010986328,77.66988372802734,42.154178619384766,152.1177215576172,121.20336151123047,609.5235595703125,189.9761199951172,248.8644256591797,80.13999938964844,121.48843383789062,65.81412506103516,87843.984375,52.70604705810547,16.479999542236328
2025-12-17,665.8832397460938,44.592140197753906,43.79742431640625,53.972259521484375,152.2027587890625,138.84051513671875,78.03237915039062,41.87993621826172,151.8412322998047,119.80176544189453,598.2247924804688,189.46237182617188,246.2154541015625,77.69999694824219,120.42300415039062,66.0989990234375,86143.7578125,52.32801055908203,17.6200008392334
2025-12-18,670.9114990234375,44.57240676879883,43.16168975830078,53.88334274291992,153.19410705566406,140.98202514648438,77.58171081542969,42.29129409790039,151.95973205566406,121.61090850830078,606.8931884765625,189.867431640625,247.6793670654297,78.69000244140625,119.49697875976562,66.28563690185547,85462.5078125,52.92491149902344,16.8700008392334
2025-12-19,676.9923095703125,44.76976013183594,43.16168975830078,54.17972946166992,154.5126190185547,144.0299835205078,77.18003845214844,41.75261688232422,152.9766845703125,121.12383270263672,614.8042602539062,190.5590362548828,249.750732421875,80.30000305175781,122.90235900878906,66.04988098144531,88103.3828125,53.442222595214844,14.90999984741211
2025-12-20,,,,,,,,,,,,,,,,,88344.0,,
2025-12-21,,,,,,,,,,,,,,,,,88621.75,,
2025-12-22,681.2098388671875,45.29841995239258,43.608524322509766,54.844970703125,156.22557067871094,144.8070831298828,76.91043090820312,41.907535552978516,153.98507690429688,121.85191345214844,617.7513427734375,191.9714813232422,252.52919006347656,81.48999786376953,125.78652954101562,66.37409210205078,88490.015625,53.73072052001953,14.079999923706055
2025-12-23,684.3233032226562,45.377769470214844,43.89457702636719,54.95402526855469,156.1658935546875,145.5951385498047,76.54505157470703,42.055545806884766,153.67770385742188,121.68260192871094,620.6444702148438,191.52513122558594,251.035400390625,80.51000213623047,124.76752471923828,65.89964294433594,87414.0,54.029170989990234,14.0
2025-12-24,686.7305297851562,45.467041015625,43.76634979248047,55.25144958496094,156.6732177734375,145.94430541992188,77.14745330810547,42.24303436279297,154.4808349609375,122.10092163085938,622.460205078125,192.21945190429688,251.6627960205078,80.6500015258789,126.1761474609375,65.95894622802734,87611.9609375,54.13859939575195,13.470000267028809
2025-12-25,,,,,,,,,,,,,,,,,87234.7421875,,
2025-12-26,686.660888671875,45.73484420776367,43.598663330078125,55.142391204833984,156.38475036621094,146.17373657226562,77.2560806274414,42.21342849731445,154.72872924804688,121.5630874633789,622.4203491210938,192.26905822753906,250.37814331054688,79.69999694824219,124.85743713378906,65.75137329101562,87301.4296875,54.51663589477539,13.600000381469727
2025-12-27,,,,,,,,,,,,,,,,,87802.15625,,
2025-12-28,,,,,,,,,,,,,,,,,87835.8359375,,
2025-12-29,684.2138671875,45.367855072021484,44.01294708251953,54.844970703125,156.04652404785156,145.51535034179688,77.30545806884766,42.2923698425293,154.49075317382812,120.36786651611328,619.4074096679688,191.95164489746094,248.8445281982422,78.61000061035156,123.26899719238281,65.1780776977539,87138.140625,54.37736129760742,14.199999809265137
2025-12-30,683.3782958984375,45.35793685913086,44.348323822021484,54.70616912841797,155.598876953125,145.0564727783203,77.17707824707031,42.39104461669922,154.36184692382812,119.87982177734375,617.9707641601562,191.6441650390625,247.00218200683594,77.87000274658203,121.5506820678711,64.68385314941406,88430.1328125,54.596221923828125,14.329999923706055
2025-12-31,678.3152465820312,44.98102569580078,44.101722717285156,54.29969024658203,154.3057098388672,143.61996459960938,76.71292877197266,42.1246223449707,153.4893035888672,118.9336166381836,612.8628540039062,190.00753784179688,245.1399383544922,76.91999816894531,121.8104248046875,64.06112670898438,87508.828125,54.427101135253906,14.949999809265137
2026-01-01,,,,,,,,,,,,,,,,,88731.984375,,
2026-01-02,679.55859375,45.7447624206543,45.028934478759766,54.458316802978516,157.15069580078125,143.94915771484375,76.7228012084961,42.608131408691406,154.1932830810547,117.87783813476562,611.6756591796875,191.2969970703125,247.7490692138672,78.30999755859375,121.40082550048828,64.48616790771484,89944.6953125,55.94919204711914,14.510000228881836
2026-01-03,,,,,,,,,,,,,,,,,90603.1875,,
2026-01-04,,,,,,,,,,,,,,,,,91413.4921875,,
2026-01-05,684.0845947265625,46.20102310180664,46.2520637512207,55.648014068603516,159.01087951660156,144.26837158203125,76.38703155517578,42.134490966796875,153.7272491455078,119.82006072998047,616.5341796875,193.07249450683594,251.68270874023438,81.33999633789062,120.03217315673828,65.79090881347656,93882.5546875,56.565982818603516,14.899999618530273
2026-01-06,688.1529541015625,47.11353302001953,45.01906967163086,55.91569900512695,161.16949462890625,146.29344177246094,76.50554656982422,42.341705322265625,156.75144958496094,120.58699035644531,621.951416015625,195.4034423828125,255.01881408691406,81.86000061035156,121.97026824951172,66.45317077636719,93729.03125,56.98381042480469,14.75
2026-01-07,685.9347534179688,46.30020523071289,44.51601028442383,55.13248062133789,158.135498046875,146.17373657226562,75.66612243652344,41.31547927856445,158.3081512451172,120.41767120361328,622.550048828125,193.21136474609375,254.4213104248047,81.13999938964844,126.30601501464844,65.97871398925781,91308.0546875,56.556034088134766,15.380000114440918
2026-01-08,685.8651123046875,47.11353302001953,45.916690826416016,55.41999053955078,159.32920837402344,143.88931274414062,77.46347045898438,41.433895111083984,156.78118896484375,122.42960357666016,619.0083618164062,194.86782836914062,257.1997375488281,80.55000305175781,123.58867645263672,67.29335021972656,91027.125,56.575931549072266,15.449999809265137
2026-01-09,690.4010009765625,47.867347717285156,46.035057067871094,55.25144958496094,161.0799560546875,145.79466247558594,78.26338195800781,41.94700241088867,155.97804260253906,123.91366577148438,625.173828125,195.9985809326172,259.1516418457031,80.29000091552734,124.3779067993164,66.70027923583984,90513.1015625,56.84453582763672,14.489999771118164
2026-01-10,,,,,,,,,,,,,,,,,90386.6484375,,
2026-01-11,,,,,,,,,,,,,,,,,90827.4609375,,
2026-01-12,691.4852294921875,48.1252326965332,45.70954513549805,54.81522750854492,162.31346130371094,146.43310546875,79.18180847167969,42.016082763671875,156.04745483398438,124.0232162475586,625.6925659179688,196.1771240234375,260.4163513183594,82.54000091552734,123.80846405029297,65.9095230102539,91192.9921875,57.64039611816406,15.119999885559082
2026-01-13,690.1026000976562,48.333526611328125,46.360565185546875,53.76432800292969,163.14903259277344,146.1238555908203,80.10022735595703,42.28250503540039,155.41287231445312,123.71446228027344,624.7647705078125,196.1771240234375,260.2669982910156,83.20999908447266,123.7285385131836,65.47460174560547,95321.78125,57.21261978149414,15.979999542236328
2026-01-14,686.7105712890625,48.35336685180664,47.40614700317383,53.68501663208008,163.40768432617188,144.3481903076172,81.20629119873047,42.598262786865234,156.5233917236328,121.76228332519531,618.0905151367188,197.06982421875,262.099365234375,83.19999694824219,126.69563293457031,66.2060546875,96929.328125,57.45138168334961,16.75
2026-01-15,688.5806884765625,48.5616569519043,46.9622688293457,53.90312576293945,164.9097442626953,145.10635375976562,81.34454345703125,43.03243637084961,155.6310272216797,122.21048736572266,620.3153076171875,197.9427032470703,264.4097595214844,81.93000030517578,124.2280502319336,67.45149230957031,95551.1875,57.78962326049805,15.84000015258789
2026-01-16,688.0037231445312,48.283935546875,47.04117965698242,53.9725227355957,166.02386474609375,145.2659454345703,81.08777618408203,42.81535339355469,154.4213409423828,121.81208801269531,619.7965087890625,197.43682861328125,264.6587219238281,81.68000030517578,124.05821990966797,67.06600189208984,95525.1171875,57.57075881958008,15.859999656677246
2026-01-17,,,,,,,,,,,,,,,,,95099.921875,,
2026-01-18,,,,,,,,,,,,,,,,,93634.4296875,,
2026-01-19,,,,,,,,,,,,,,,,,92553.59375,,
2026-01-20,673.9981689453125,47.797916412353516,46.9524040222168,52.7431755065918,162.67156982421875,141.49513244628906,81.33466339111328,42.39104461669922,154.08421325683594,118.64476776123047,606.6276245117188,194.49090576171875,261.49188232421875,79.2300033569336,125.16712951660156,66.18628692626953,88310.90625,57.01365661621094,20.09000015258789
2026-01-21,681.77685546875,48.839378356933594,48.08675765991211,53.000938415527344,165.48670959472656,143.46035766601562,81.4136734008789,42.450252532958984,156.9199981689453,120.9156723022461,614.8282470703125,197.78399658203125,266.6802978515625,80.29000091552734,128.05429077148438,69.2702407836914,89376.9609375,57.958744049072266,16.899999618530273
2026-01-22,685.3379516601562,49.11709976196289,48.24458312988281,53.34793472290039,164.6312255859375,144.5277557373047,81.24578094482422,42.14435577392578,156.94973754882812,122.13080596923828,619.2976684570312,198.04190063476562,268.6720275878906,82.2300033569336,131.44097900390625,69.1219711303711,89462.453125,58.39646911621094,15.640000343322754
2026-01-23,685.5865478515625,49.56344223022461,48.52077102661133,52.614288330078125,163.35794067382812,144.73724365234375,81.87782287597656,41.99634552001953,156.1466064453125,122.6387710571289,621.2530517578125,197.15911865234375,263.712646484375,80.69999694824219,127.9144287109375,66.82877349853516,89503.875,58.764556884765625,16.09000015258789
2026-01-24,,,,,,,,,,,,,,,,,89110.734375,,
2026-01-25,,,,,,,,,,,,,,,,,86572.21875,,
2026-01-26,689.068115234375,49.622947692871094,48.55036544799805,52.95137023925781,163.51710510253906,145.72483825683594,81.74943542480469,42.30223846435547,156.76136779785156,121.83200073242188,623.9866333007812,197.6252899169922,262.8861083984375,79.91999816894531,127.73461151123047,67.14508819580078,88267.140625,58.864036560058594,16.149999618530273
2026-01-27,691.8134765625,49.57335662841797,48.994239807128906,52.544891357421875,164.19354248046875,147.6900634765625,82.12470245361328,42.85482406616211,154.1337890625,122.20052337646484,629.6432495117188,197.3177947998047,263.63299560546875,79.7699966430664,128.40394592285156,67.47126770019531,89102.5703125,60.02798843383789,16.350000381469727
2026-01-28,691.7438354492188,49.543601989746094,49.36907196044922,52.534976959228516,163.2783660888672,148.86717224121094,81.295166015625,42.75614929199219,153.00343322753906,121.28419494628906,631.728271484375,196.65322875976562,262.2088928222656,78.94000244140625,125.81649780273438,66.99681091308594,89184.5703125,60.43586730957031,16.350000381469727
2026-01-29,690.3711547851562,49.593196868896484,49.822811126708984,53.09016799926758,164.9893341064453,146.51292419433594,81.1075210571289,42.75614929199219,152.51759338378906,120.70650482177734,627.9472045898438,196.9111328125,262.27862548828125,77.63999938964844,126.61570739746094,68.23236846923828,84561.5859375,60.127471923828125,16.8799991607666
2026-01-30,688.3121337890625,48.86913299560547,50.355464935302734,52.981109619140625,164.57154846191406,143.5301971435547,82.47035217285156,42.677207946777344,153.42982482910156,120.68659210205078,620.405029296875,196.4746856689453,258.57403564453125,74.87000274658203,124.6276626586914,68.01490783691406,84128.65625,58.79439926147461,17.440000534057617
2026-01-31,,,,,,,,,,,,,,,,,78621.1171875,,
2026-02-01,,,,,,,,,,,,,,,,,76974.4453125,,
2026-02-02,691.73388671875,49.24604415893555,49.36907196044922,53.566043853759766,166.6505584716797,144.9068145751953,83.4480209350586,42.055545806884766,154.37176513671875,121.48340606689453,624.6650390625,197.48643493652344,261.0935363769531,74.36000061035156,127.22511291503906,69.23070526123047,78688.765625,58.97346878051758,16.34000015258789
2026-02-03,685.885009765625,50.287498474121094,50.9670295715332,53.070335388183594,168.05316162109375,141.7345733642578,84.80096435546875,42.66733932495117,152.7952423095703,120.5073013305664,615.0676879882812,196.9607391357422,261.6910705566406,73.44000244140625,127.52481842041016,70.41683197021484,75633.546875,59.291812896728516,18.0
2026-02-04,682.5626831054688,51.46781539916992,52.11125183105469,53.496646881103516,168.50079345703125,137.78419494628906,85.90702056884766,42.50946044921875,154.70889282226562,119.62085723876953,604.322998046875,198.67669677734375,259.4404296875,69.98999786376953,125.16712951660156,71.51400756835938,73019.703125,58.49595260620117,18.639999389648438
2026-02-05,674.0379638671875,50.08912658691406,51.49968719482422,52.832401275634766,167.4861602783203,135.3002471923828,85.837890625,42.52919387817383,153.52896118164062,117.04119110107422,595.6235961914062,196.95079040527344,254.76986694335938,66.33000183105469,120.60161590576172,71.46458435058594,62702.09765625,58.22734832763672,21.770000457763672
2026-02-06,686.96923828125,51.09090805053711,52.525535583496094,53.794071197509766,172.27088928222656,140.78688049316406,86.84519958496094,42.775882720947266,156.37466430664062,117.51927185058594,608.2138671875,200.62081909179688,263.9217834472656,70.41000366210938,125.38691711425781,72.77922058105469,70555.390625,59.75938415527344,20.3700008392334
2026-02-07,,,,,,,,,,,,,,,,,69281.96875,,
2026-02-08,,,,,,,,,,,,,,,,,70264.7265625,,
2026-02-09,690.2816162109375,51.75545883178711,52.91022872924805,53.4768180847168,172.78817749023438,143.00148010253906,86.34154510498047,42.90415954589844,154.99644470214844,117.0810317993164,612.8728637695312,200.73985290527344,265.7740783691406,72.44000244140625,125.986328125,72.57164764404297,70120.78125,60.19710922241211,17.360000610351562
2026-02-10,688.4613037109375,52.479515075683594,52.85104751586914,53.09016799926758,172.9970703125,142.20343017578125,86.06503295898438,43.614627838134766,154.0148162841797,117.85791778564453,610.029541015625,201.4540252685547,265.0570373535156,72.26000213623047,125.21707916259766,71.8006591796875,68793.9609375,60.286643981933594,17.790000915527344
2026-02-11,688.3021850585938,53.183738708496094,54.231998443603516,52.28712463378906,173.9221954345703,142.62240600585938,87.29946899414062,43.99946212768555,154.92701721191406,117.29019927978516,611.6657104492188,201.81109619140625,263.8520812988281,70.87000274658203,124.52776336669922,70.9802474975586,66991.96875,61.24168014526367,17.649999618530273
2026-02-12,677.668701171875,52.400169372558594,53.24560546875,51.24613952636719,171.84315490722656,138.87155151367188,88.0993881225586,44.650718688964844,154.67913818359375,115.66669464111328,599.22509765625,199.1627197265625,258.4645080566406,68.44999694824219,123.0592041015625,69.88307189941406,66221.84375,60.5452995300293,20.81999969482422
2026-02-13,678.1461181640625,52.87626647949219,53.61056900024414,51.206485748291016,173.25570678710938,139.22068786621094,88.3956527709961,45.8841667175293,156.3350067138672,115.71649932861328,600.5020141601562,201.22586059570312,261.8703308105469,70.25,122.73951721191406,70.45637512207031,68857.84375,60.803955078125,20.600000381469727
2026-02-14,,,,,,,,,,,,,,,,,69767.625,,
2026-02-15,,,,,,,,,,,,,,,,,68788.1875,,
2026-02-16,,,,,,,,,,,,,,,,,68843.15625,,
2026-02-17,679.2402954101562,52.2712287902832,53.018733978271484,51.75175857543945,174.1609344482422,139.140869140625,87.10195922851562,45.76575469970703,156.03753662109375,115.57705688476562,599.8834838867188,200.87872314453125,261.95001220703125,70.30000305175781,124.50777435302734,70.70348358154297,67494.21875,60.55524826049805,20.290000915527344
2026-02-18,682.662109375,52.588626861572266,54.03471755981445,52.13841247558594,174.1211395263672,140.56741333007812,86.9439468383789,45.005950927734375,156.3350067138672,116.55313873291016,604.3629760742188,201.9202117919922,262.89605712890625,71.38999938964844,125.47682189941406,70.55521392822266,66425.3203125,60.873592376708984,19.6200008392334
2026-02-19,680.8616943359375,52.400169372558594,54.42927932739258,51.70219039916992,175.414306640625,139.86911010742188,86.57855987548828,45.49932861328125,155.928466796875,115.77625274658203,602.04833984375,201.49368286132812,263.5035095214844,72.23999786376953,126.61570739746094,70.16972351074219,66957.5234375,60.724369049072266,20.229999542236328
2026-02-20,685.7855834960938,52.529109954833984,54.13336181640625,52.03927230834961,176.29965209960938,140.5374755859375,86.79581451416016,45.71641540527344,155.49220275878906,116.9814224243164,607.3757934570312,202.43597412109375,263.51348876953125,71.48999786376953,124.65763092041016,71.06920623779297,68005.421875,62.01764678955078,19.09000015258789
2026-02-21,,,,,,,,,,,,,,,,,68003.765625,,
2026-02-22,,,,,,,,,,,,,,,,,67659.390625,,
2026-02-23,678.7827758789062,52.529109954833984,54.399688720703125,50.29438018798828,173.9122314453125,138.18321228027344,87.86237335205078,46.0617790222168,157.1976318359375,114.53124237060547,599.9932250976562,200.21414184570312,259.4105224609375,70.0,126.8454818725586,67.94571685791016,64616.73828125,61.331214904785156,21.010000228881836
2026-02-24,683.7164916992188,52.92585754394531,54.35036849975586,50.542236328125,176.05096435546875,139.97885131835938,88.62278747558594,46.574893951416016,156.53329467773438,116.27426147460938,606.4380493164062,201.81109619140625,262.23876953125,72.06999969482422,129.03334045410156,67.87653350830078,64080.04296875,62.296199798583984,19.549999237060547
2026-02-25,689.4859008789062,52.628299713134766,54.12349319458008,51.42459487915039,174.67820739746094,142.66229248046875,87.9018783569336,46.73277282714844,156.49365234375,116.62286376953125,615.227294921875,201.9301300048828,263.48358154296875,73.54000091552734,128.15420532226562,69.06266784667969,67960.125,62.98263168334961,17.93000030517578
2026-02-26,685.6561889648438,52.56878662109375,54.301048278808594,52.0491828918457,175.77243041992188,140.6671600341797,87.75374603271484,46.55515670776367,156.08712768554688,116.58302307128906,607.8048095703125,203.07080078125,264.88775634765625,74.61000061035156,127.54479217529297,69.57666015625,67453.7734375,62.38573455810547,18.6299991607666
2026-02-27,682.3637084960938,52.97544860839844,55.15920639038086,50.988372802734375,176.21011352539062,138.42263793945312,88.8894271850586,47.09787368774414,158.8435821533203,116.39378356933594,605.8594360351562,203.30886840820312,260.3267517089844,72.91000366210938,127.2450942993164,65.99848175048828,65881.796875,62.25640869140625,19.860000610351562
2026-02-28,,,,,,,,,,,,,,,,,66995.859375,,
2026-03-01,,,,,,,,,,,,,,,,,65738.1015625,,
2026-03-02,682.7516479492188,52.81675338745117,56.26397705078125,50.85948944091797,177.96087646484375,139.2007293701172,87.6056137084961,46.74264144897461,157.18771362304688,114.95952606201172,606.6575317382812,202.9319305419922,262.716796875,74.22000122070312,126.42589569091797,66.97704315185547,68775.8515625,61.18199157714844,21.440000534057617
2026-03-03,676.7337036132812,51.51741027832031,55.75104522705078,50.770263671875,174.51904296875,137.1656951904297,86.6476821899414,46.44661331176758,155.41287231445312,113.90375518798828,600.162841796875,200.44227600097656,258.16571044921875,72.26000213623047,123.3788833618164,66.52236938476562,68293.6484375,58.117916107177734,23.56999969482422
2026-03-04,681.50830078125,51.4975700378418,55.425537109375,51.057769775390625,175.0462646484375,139.5,86.07491302490234,46.64396667480469,155.7202606201172,115.9256591796875,609.3112182617188,201.24571228027344,260.67529296875,74.93000030517578,126.2960205078125,66.72004699707031,72710.578125,58.744659423828125,21.149999618530273
2026-03-05,677.7084350585938,50.41644287109375,55.71158981323242,50.79008865356445,171.1567840576172,139.83917236328125,84.3467025756836,46.27886962890625,152.60684204101562,116.08502960205078,607.4755859375,198.9147491455078,255.69601440429688,73.98999786376953,123.77849578857422,65.8304443359375,70841.125,57.33200454711914,23.75
2026-03-06,668.8256225585938,49.4543342590332,55.80036544799805,50.13575744628906,169.04791259765625,136.95619201660156,84.71208190917969,46.12098693847656,151.40708923339844,113.98343658447266,598.337158203125,196.54412841796875,249.850341796875,72.4000015258789,123.8783950805664,64.15998077392578,68136.4921875,57.02360534667969,29.489999771118164
2026-03-07,,,,,,,,,,,,,,,,,67272.59375,,
2026-03-08,,,,,,,,,,,,,,,,,65969.78125,,
2026-03-09,674.6845092773438,49.583274841308594,55.553768157958984,49.89781951904297,170.04266357421875,139.42019653320312,84.89972686767578,46.229530334472656,152.95387268066406,114.1328353881836,606.3283081054688,197.09959411621094,252.5690155029297,74.29000091552734,126.9953384399414,64.00182342529297,68402.3828125,58.147762298583984,25.5
2026-03-10,673.6002807617188,49.47417068481445,54.843563079833984,49.63013458251953,169.12750244140625,139.42019653320312,84.65283203125,45.9433708190918,151.85325622558594,113.98343658447266,606.3383178710938,195.62167358398438,252.31008911132812,72.88999938964844,127.3050308227539,63.97217559814453,69926.921875,58.37657165527344,24.93000030517578
2026-03-11,672.7548217773438,49.43449401855469,56.20479202270508,49.213741302490234,168.60028076171875,140.08856201171875,83.53689575195312,45.55853271484375,151.5558319091797,113.68463134765625,606.2584228515625,194.9769287109375,251.80223083496094,73.06999969482422,126.25605773925781,63.240718841552734,70204.8828125,58.52579879760742,24.229999542236328
2026-03-12,662.5390625,49.27579879760742,56.727577209472656,48.41069793701172,164.3726043701172,137.50486755371094,83.20113372802734,45.8841667175293,148.8885955810547,111.07508850097656,595.85302734375,191.96157836914062,246.384765625,70.63999938964844,122.499755859375,62.72673034667969,70493.4609375,56.655517578125,27.290000915527344
2026-03-13,658.7890014648438,48.7897834777832,56.91499328613281,48.470184326171875,163.78567504882812,136.4674072265625,83.68502807617188,46.338069915771484,148.52171325683594,110.417724609375,592.3213500976562,191.95164489746094,245.56814575195312,70.25,121.71052551269531,62.38077926635742,70968.265625,56.50629425048828,27.190000534057617
2026-03-14,,,,,,,,,,,,,,,,,71214.625,,
2026-03-15,,,,,,,,,,,,,,,,,72789.9140625,,
2026-03-16,665.493408203125,48.998077392578125,57.112274169921875,48.87665939331055,165.1882781982422,138.4425811767578,83.92205047607422,46.63409423828125,149.73138427734375,111.75237274169922,598.9656982421875,193.37998962402344,247.8885040283203,72.05000305175781,123.78849029541016,62.72673034667969,74861.0859375,58.078125,23.510000228881836
2026-03-17,667.2440185546875,49.11709976196289,57.71397399902344,49.13443374633789,165.6259765625,139.2007293701172,83.6455307006836,46.505821228027344,148.37298583984375,112.72846221923828,601.8887939453125,194.46115112304688,249.45677185058594,73.05999755859375,124.0682144165039,62.71684646606445,73922.4765625,58.44620895385742,22.3700008392334
2026-03-18,657.9335327148438,48.0855598449707,57.63506317138672,48.54949951171875,164.31289672851562,137.6245880126953,81.61117553710938,46.11111831665039,145.8941650390625,110.12887573242188,593.4986572265625,191.9020538330078,245.43634033203125,71.41000366210938,120.9912338256836,61.89643478393555,71245.578125,57.262367248535156,25.09000015258789
2026-03-19,656.3121337890625,47.351585388183594,58.55241012573242,48.56932830810547,163.1987762451172,138.0934295654297,80.94951629638672,45.92363739013672,145.36863708496094,109.26234436035156,591.623046875,191.75328063964844,247.04251098632812,71.06999969482422,122.21003723144531,62.4598503112793,69912.7890625,57.322052001953125,24.059999465942383
2026-03-20,646.9034423828125,46.5977668762207,58.50309371948242,48.65855407714844,160.82131958007812,134.96107482910156,80.27798461914062,44.05866622924805,144.0994873046875,107.31016540527344,580.6888427734375,188.93629455566406,241.64535522460938,69.1500015258789,120.19200897216797,62.31158447265625,70522.5859375,55.352291107177734,26.780000686645508
2026-03-21,,,,,,,,,,,,,,,,,68711.5234375,,
2026-03-22,,,,,,,,,,,,,,,,,67845.2109375,,
2026-03-23,653.6959228515625,47.372867584228516,59.203041076660156,49.0980110168457,162.6498260498047,136.78689575195312,80.62060546875,44.495872497558594,144.13433837890625,109.90100860595703,587.3545532226562,190.9504852294922,246.86293029785156,70.91999816894531,121.58065032958984,63.438995361328125,70914.859375,57.01365661621094,26.149999618530273
2026-03-24,651.5015869140625,48.26951599121094,60.40437698364258,49.107975006103516,163.59750366210938,135.9878387451172,80.55108642578125,44.80390548706055,144.15423583984375,109.46187591552734,583.3389282226562,191.17959594726562,248.18978881835938,69.0,119.42276763916016,63.96590805053711,70517.859375,56.22774124145508,26.950000762939453
2026-03-25,655.1322021484375,49.2259407043457,60.13631057739258,49.16776657104492,164.69480895996094,136.5971221923828,80.94833374023438,44.962890625,145.59788513183594,110.50979614257812,587.1747436523438,192.10601806640625,251.2225799560547,69.9000015258789,123.79846954345703,64.19457244873047,71309.8828125,57.123085021972656,25.329999923706055
2026-03-26,643.432373046875,48.90713119506836,61.07950973510742,48.87877655029297,160.87420654296875,132.34219360351562,80.58087921142578,45.04238510131836,145.10008239746094,108.61357116699219,573.1600952148438,190.3428497314453,246.85296630859375,67.38999938964844,123.77849578857422,64.09515380859375,68791.625,55.18317413330078,27.440000534057617
2026-03-27,632.4606323242188,48.72780227661133,62.112064361572266,47.64310836791992,158.8092803955078,129.76527404785156,81.21646881103516,45.30073165893555,142.63095092773438,105.46983337402344,561.9624633789062,187.7329559326172,242.5232696533203,64.62999725341797,119.47271728515625,63.001548767089844,66338.375,54.91456985473633,31.049999237060547
2026-03-28,,,,,,,,,,,,,,,,,66319.6953125,,
2026-03-29,,,,,,,,,,,,,,,,,65954.921875,,
2026-03-30,630.3460693359375,48.90713119506836,61.516357421875,48.19118881225586,156.2256317138672,127.34815216064453,81.31578063964844,45.62863540649414,143.18850708007812,105.44987487792969,557.6671752929688,187.34446716308594,239.04153442382812,63.52000045776367,118.66351318359375,63.24015426635742,66691.4453125,54.466896057128906,30.610000610351562
2026-03-31,648.6688842773438,49.78385543823242,60.82136917114258,49.197662353515625,161.33306884765625,132.74171447753906,81.41510009765625,45.59882736206055,145.96624755859375,108.76327514648438,576.54638671875,191.17959594726562,247.41163635253906,67.58999633789062,127.60474395751953,64.77120208740234,68233.3125,56.49634552001953,25.25
2026-04-01,653.5562744140625,50.27202606201172,58.547767639160156,49.267417907714844,164.02642822265625,134.74932861328125,80.89867401123047,45.81743240356445,147.08132934570312,109.5816421508789,583.6685791015625,191.7971954345703,248.96792602539062,68.4000015258789,128.42393493652344,65.46713256835938,68078.5546875,56.9340705871582,24.540000915527344
2026-04-02,654.144775390625,50.22221374511719,58.82576370239258,49.35710144042969,163.36807250976562,135.8280487060547,81.32571411132812,46.04597473144531,146.16537475585938,107.93492126464844,584.3378295898438,192.34507751464844,250.69381713867188,68.55999755859375,128.8335418701172,65.61625671386719,66888.5703125,56.29737854003906,23.8700008392334
2026-04-03,,,,,,,,,,,,,,,,,66931.1015625,,
2026-04-04,,,,,,,,,,,,,,,,,67290.515625,,
2026-04-05,,,,,,,,,,,,,,,,,68981.8984375,,
2026-04-06,657.23681640625,50.03292465209961,59.252685546875,49.70588302612305,164.2060089111328,136.61709594726562,82.09041595458984,45.877052307128906,145.6376953125,108.82315063476562,587.85400390625,193.17189025878906,251.76129150390625,68.80000305175781,128.67369079589844,66.2525405883789,68859.828125,56.814693450927734,24.170000076293945
2026-04-07,657.5260009765625,49.8934440612793,59.729248046875,49.70588302612305,163.87681579589844,137.2663116455078,80.70005798339844,45.976417541503906,145.9264373779297,107.55567169189453,587.9439086914062,192.74354553222656,252.3099822998047,68.76000213623047,128.72364807128906,66.36190032958984,71940.703125,57.01365661621094,25.780000686645508
2026-04-08,674.27294921875,51.55722427368164,57.63435363769531,51.02127456665039,170.02169799804688,141.52125549316406,82.20957946777344,46.48318099975586,149.0128173828125,110.599609375,605.4246826171875,197.19630432128906,259.85205078125,70.36000061035156,130.52186584472656,68.29061889648438,71123.359375,60.127471923828125,21.040000915527344
2026-04-09,678.162841796875,51.47751998901367,56.91950988769531,51.150821685791016,171.76739501953125,141.9008026123047,82.87496185302734,46.85083770751953,148.67431640625,112.51579284667969,609.5202026367188,197.3158416748047,261.3385009765625,68.91999816894531,131.69073486328125,69.4438705444336,71767.828125,59.968299865722656,19.489999771118164
2026-04-10,677.7140502929688,51.76643753051758,56.53230285644531,50.5927734375,171.0990447998047,142.45013427734375,81.80240631103516,46.66204071044922,146.66317749023438,112.66549682617188,610.3992309570312,195.89134216308594,260.6800537109375,69.29000091552734,129.3130645751953,68.53916931152344,72979.046875,60.24685287475586,19.229999542236328
2026-04-11,,,,,,,,,,,,,,,,,73054.2734375,,
2026-04-12,,,,,,,,,,,,,,,,,70753.40625,,
2026-04-13,684.3369750976562,51.995582580566406,56.70108413696289,51.47966766357422,172.30606079101562,145.43658447265625,80.9880599975586,46.09565734863281,147.32028198242188,113.69344329833984,616.7122802734375,198.0629425048828,264.4411315917969,71.95999908447266,131.92050170898438,68.9865493774414,74484.640625,60.754215240478516,19.1200008392334
2026-04-14,692.675537109375,51.816253662109375,55.54939270019531,51.599246978759766,172.924560546875,147.76380920410156,80.90860748291016,46.17515182495117,148.17649841308594,116.20843505859375,627.909912109375,198.88973999023438,268.0824890136719,74.83000183105469,135.58689880371094,68.88713073730469,74181.609375,61.91816711425781,18.360000610351562
2026-04-15,698.1414184570312,51.188602447509766,55.360748291015625,51.987884521484375,170.75987243652344,150.12100219726562,80.50143432617188,45.728004455566406,147.12115478515625,117.94497680664062,636.7003173828125,198.95947265625,268.75091552734375,77.47000122070312,136.31617736816406,68.76782989501953,74805.078125,61.87837219238281,18.170000076293945
2026-04-16,699.8569946289062,51.55722427368164,56.17488098144531,51.84837341308594,169.91195678710938,151.83895874023438,80.86888122558594,46.055908203125,145.96624755859375,117.39606475830078,639.7669067382812,199.865966796875,269.3095703125,77.33999633789062,135.32716369628906,68.4298095703125,75152.1328125,62.127079010009766,17.940000534057617
2026-04-17,708.3152465820312,51.68674087524414,54.62604904174805,52.246978759765625,173.0841522216797,154.1661834716797,81.89178466796875,45.86711502075195,148.14663696289062,120.17053985595703,648.1376953125,202.37623596191406,275.125732421875,79.2300033569336,138.5340118408203,69.96085357666016,77126.875,63.3109245300293,17.479999542236328
2026-04-18,,,,,,,,,,,,,,,,,75726.2109375,,
2026-04-19,,,,,,,,,,,,,,,,,73856.3515625,,
2026-04-20,706.8988037109375,52.03543472290039,54.675689697265625,52.44628143310547,173.4731903076172,154.37591552734375,81.822265625,45.459716796875,146.77268981933594,119.6316146850586,646.0799560546875,203.01377868652344,276.6920166015625,79.31999969482422,137.6548614501953,70.22927856445312,75872.5234375,62.85330581665039,18.8700008392334
2026-04-21,702.2708129882812,51.5771484375,55.46996307373047,52.117431640625,171.0192413330078,154.50576782226562,81.27605438232422,44.664794921875,145.27928161621094,118.73340606689453,643.6226806640625,201.7686004638672,273.8587646484375,77.37999725341797,136.25624084472656,69.22515106201172,76352.7734375,61.9281120300293,19.5
2026-04-22,709.3825073242188,51.636924743652344,56.13516616821289,52.027748107910156,170.62020874023438,157.90171813964844,81.54419708251953,44.58530044555664,145.7372589111328,118.6934814453125,654.390869140625,201.67893981933594,275.8240661621094,79.30000305175781,137.1753387451172,68.84736633300781,78203.1015625,63.052268981933594,18.920000076293945
2026-04-23,706.6295776367188,51.617000579833984,56.57201385498047,51.619178771972656,173.64279174804688,155.65440368652344,82.9047622680664,45.79756164550781,145.59788513183594,117.50584411621094,650.7048950195312,201.66897583007812,274.8663330078125,76.5,134.3581085205078,69.59300231933594,78268.953125,62.02759552001953,19.309999465942383
2026-04-24,712.10546875,51.726585388183594,56.46280288696289,51.24050521850586,172.0467071533203,160.02919006347656,82.65648651123047,45.88698959350586,143.5469207763672,118.45396423339844,663.1512451171875,201.25059509277344,275.99365234375,76.5,133.1492919921875,68.48945617675781,77455.3125,63.41040802001953,18.709999084472656
2026-04-25,,,,,,,,,,,,,,,,,77612.015625,,
2026-04-26,,,,,,,,,,,,,,,,,78657.5390625,,
2026-04-27,713.332275390625,51.58710861206055,56.363521575927734,51.629146575927734,172.08660888671875,160.37876892089844,81.77261352539062,45.89692306518555,142.83009338378906,117.60564422607422,663.5008544921875,201.0115203857422,276.4825134277344,76.55000305175781,132.90953063964844,69.66259765625,77366.625,63.3109245300293,18.020000457763672
2026-04-28,709.8612060546875,51.208526611328125,57.29678726196289,51.669002532958984,170.56036376953125,157.66201782226562,82.50751495361328,45.956546783447266,143.20840454101562,116.77730560302734,656.8281860351562,199.98548889160156,273.2601623535156,75.44999694824219,131.0313720703125,69.96085357666016,76350.671875,62.66428756713867,17.829999923706055
2026-04-29,709.7515258789062,50.770164489746094,58.607337951660156,51.7387580871582,169.512939453125,158.92050170898438,82.34861755371094,45.39016342163086,142.21279907226562,116.60763549804688,660.84375,199.63685607910156,271.4344787597656,73.52999877929688,128.77359008789062,68.6286392211914,75776.1328125,62.36583709716797,18.809999465942383
2026-04-30,716.8132934570312,51.27826690673828,59.222900390625,51.948028564453125,174.1515350341797,159.31004333496094,83.72903442382812,46.552738189697266,145.34898376464844,118.11463165283203,667.0069580078125,202.65516662597656,277.310546875,75.83999633789062,131.20120239257812,69.4438705444336,76304.3203125,63.65911865234375,16.889999389648438
2026-05-01,718.7982177734375,51.15871047973633,58.42862319946289,51.7387580871582,172.53550720214844,161.67721557617188,83.59000396728516,46.254642486572266,144.5226287841797,118.39407348632812,673.4099731445312,202.0375518798828,278.617431640625,76.91999816894531,130.29209899902344,69.41404724121094,78179.0,63.79838943481445,16.989999771118164
2026-05-02,,,,,,,,,,,,,,,,,78657.25,,
2026-05-03,,,,,,,,,,,,,,,,,78538.2265625,,
2026-05-04,716.1649780273438,50.46132278442383,58.964759826660156,51.39994812011719,170.56036376953125,161.8570098876953,82.96434783935547,46.075782775878906,144.09449768066406,117.48589324951172,672.141357421875,200.8621063232422,277.22076416015625,78.2300033569336,133.36907958984375,68.58887481689453,79827.90625,63.7685432434082,18.290000915527344
2026-05-05,721.9102172851562,51.33803939819336,59.024330139160156,51.409912109375,171.9868621826172,165.4327392578125,83.48075866699219,46.075782775878906,144.66200256347656,117.83518981933594,680.8617553710938,202.4559326171875,281.8896484375,76.58000183105469,133.65878295898438,69.51346588134766,80927.0546875,65.06182861328125,17.3799991607666
2026-05-06,731.9443359375,52.21476364135742,56.59187316894531,51.65903854370117,176.4359130859375,169.82749938964844,83.65951538085938,45.41997146606445,144.7615509033203,119.6316146850586,695.0062255859375,204.05972290039062,286.11956787109375,79.58000183105469,137.5449676513672,70.29887390136719,81427.53125,67.1410140991211,17.389999389648438
2026-05-07,729.7001342773438,51.208526611328125,55.54939270019531,51.370052337646484,173.5729522705078,169.4879150390625,83.40131378173828,44.83371353149414,144.0845489501953,119.64159393310547,694.1771240234375,202.7547607421875,281.5903625488281,77.93000030517578,133.5289306640625,69.54328918457031,80009.9921875,66.24566650390625,17.079999923706055
2026-05-08,735.724609375,51.39781951904297,55.30118179321289,51.061134338378906,172.77491760253906,175.31097412109375,83.59993743896484,44.43625259399414,142.85995483398438,119.96095275878906,710.44921875,203.3126220703125,283.495849609375,79.12000274658203,134.57789611816406,69.4438705444336,80186.765625,67.58869171142578,17.190000534057617
2026-05-09,,,,,,,,,,,,,,,,,80664.3671875,,
2026-05-10,,,,,,,,,,,,,,,,,82138.9296875,,
2026-05-11,737.4002685546875,52.0653190612793,56.76065444946289,51.0013427734375,174.6103973388672,177.66815185546875,82.79551696777344,44.85358810424805,142.41192626953125,119.13261413574219,712.5069580078125,203.2030487060547,284.6530456542969,80.02999877929688,134.61785888671875,68.15143585205078,81728.296875,67.53894805908203,18.3799991607666
2026-05-12,736.2831420898438,51.945770263671875,57.15779113769531,51.39994812011719,173.92210388183594,174.99134826660156,83.85814666748047,44.90327072143555,145.2095947265625,118.05475616455078,706.463623046875,203.0237274169922,281.8996276855469,78.20999908447266,134.77769470214844,67.83329772949219,80477.4921875,65.47965240478516,17.989999771118164
2026-05-13,740.4025268554688,51.86606979370117,57.21736145019531,50.812007904052734,173.19387817382812,176.63938903808594,84.13621520996094,44.38656997680664,146.06581115722656,118.48390197753906,713.9254760742188,202.1371612548828,281.9993896484375,78.05000305175781,135.71678161621094,66.7496337890625,79277.1171875,66.86246490478516,17.8700008392334
2026-05-14,746.2474975585938,51.47751998901367,57.654212951660156,51.1109619140625,174.08169555664062,179.28622436523438,84.39442443847656,44.6151123046875,145.9861602783203,118.43399810791016,718.9998168945312,202.8743133544922,283.7751770019531,78.0,134.71775817871094,67.34613800048828,81051.25,67.03158569335938,17.260000228881836
2026-05-15,737.2706298828125,50.11262130737305,59.014400482177734,50.92162322998047,170.9793243408203,176.05007934570312,84.0567626953125,43.591644287109375,144.462890625,116.29825592041016,708.1517944335938,200.78240966796875,276.94140625,74.9000015258789,130.5618438720703,66.58061981201172,79065.6796875,64.73352813720703,18.43000030517578
2026-05-16,,,,,,,,,,,,,,,,,78131.4375,,
2026-05-17,,,,,,,,,,,,,,,,,77429.3515625,,
2026-05-18,736.751953125,50.03292465209961,60.146240234375,51.559391021728516,170.3309326171875,174.15234375,85.3080825805664,43.66120147705078,145.0801544189453,116.08867645263672,705.1051025390625,202.0176239013672,275.3152770996094,74.51000213623047,127.54479217529297,67.52509307861328,76954.171875,64.63404846191406,17.81999969482422
2026-05-19,731.8446044921875,48.85731887817383,60.851158142089844,50.92162322998047,168.32586669921875,173.03367614746094,85.49677276611328,44.05866241455078,146.6731414794922,114.80123901367188,700.7599487304688,200.84217834472656,272.3523254394531,73.83999633789062,126.66566467285156,67.16718292236328,76750.90625,63.9277229309082,18.059999465942383
2026-05-20,739.3452758789062,49.534786224365234,59.371822357177734,51.47966766357422,170.31097412109375,176.9290313720703,84.93069458007812,44.22758483886719,146.48397827148438,117.70545196533203,712.3671875,203.0436553955078,279.2060241699219,75.83999633789062,131.58084106445312,68.76782989501953,77457.7734375,65.12151336669922,17.440000534057617
2026-05-21,740.8114624023438,49.83366775512695,58.70662307739258,51.54942321777344,170.11146545410156,178.38729858398438,84.07662963867188,44.7144775390625,147.49948120117188,118.46393585205078,713.7256469726562,203.92027282714844,281.8197937011719,76.62000274658203,132.6497802734375,68.8075942993164,77539.171875,65.68856811523438,16.760000228881836
2026-05-22,743.7239990234375,50.1026611328125,59.06404495239258,51.758689880371094,171.3484344482422,180.17515563964844,84.21566772460938,45.062252044677734,149.23184204101562,118.94298553466797,716.7523193359375,205.78305053710938,284.4435729980469,76.4000015258789,131.5308837890625,68.96666717529297,75488.2421875,65.53933715820312,16.700000762939453
2026-05-23,,,,,,,,,,,,,,,,,76673.3671875,,
2026-05-24,,,,,,,,,,,,,,,,,76981.125,,
2026-05-25,,,,,,,,,,,,,,,,,77279.9296875,,16.59000015258789
2026-05-26,748.6613159179688,50.80005645751953,57.43578338623047,51.669002532958984,173.87222290039062,184.9195098876953,83.05371856689453,45.04238510131836,147.85791015625,119.21244812011719,729.4783935546875,206.83895874023438,289.82080078125,77.2300033569336,133.21923828125,69.8912582397461,75825.734375,68.04631042480469,17.010000228881836
2026-05-27,748.5316162109375,50.98934555053711,56.581947326660156,51.24050521850586,173.87222290039062,184.21034240722656,83.99717712402344,44.85358810424805,148.1366729736328,121.30827331542969,728.6492919921875,206.68954467773438,289.6811218261719,77.94999694824219,134.31814575195312,69.17544555664062,74344.703125,68.03636169433594,16.290000915527344
2026-05-28,752.6609497070312,51.16867446899414,56.542232513427734,51.09103012084961,173.37344360351562,186.62747192382812,83.84821319580078,44.346824645996094,150.21751403808594,121.81725311279297,734.79248046875,207.4466094970703,291.3371887207031,81.01000213623047,135.8566436767578,69.14562225341797,73536.5546875,68.2552261352539,15.739999771118164
2026-05-29,754.5361328125,50.95945739746094,55.886959075927734,51.39994812011719,172.70509338378906,190.79251098632812,82.33869171142578,44.138153076171875,148.81369018554688,120.62963104248047,737.49951171875,208.0243682861328,289.740966796875,81.94999694824219,136.5559539794922,69.20526885986328,73372.5234375,68.24527740478516,15.319999694824219
2026-05-30,,,,,,,,,,,,,,,,,73754.8359375,,
2026-05-31,,,,,,,,,,,,,,,,,73579.6875,,
2026-06-01,756.5908203125,50.73031234741211,56.88972473144531,51.25047302246094,171.9768829345703,195.52685546875,81.46475219726562,42.82653045654297,147.1908416748047,117.9549560546875,741.9246826171875,208.4029083251953,288.29443359375,81.26000213623047,133.48895263671875,67.91282653808594,71319.7734375,69.7176284790039,16.049999237060547
2026-06-02,757.6182250976562,51.32807922363281,57.54499816894531,51.280364990234375,173.7624969482422,197.9739532470703,81.26612854003906,43.621456146240234,145.75717163085938,117.35614776611328,745.3408813476562,209.2296905517578,290.9680480957031,79.91000366210938,127.63471221923828,69.13568115234375,66703.65625,70.43390655517578,15.770000457763672
2026-06-03,752.3018798828125,51.43767166137695,58.28962707519531,50.69242477416992,173.62283325195312,195.9962921142578,81.59385681152344,43.43265914916992,146.90213012695312,116.49786376953125,743.39306640625,208.4427490234375,286.9875183105469,78.16000366210938,129.7026824951172,67.4853286743164,64014.3671875,69.5584487915039,16.059999465942383
2026-06-04,755.1445922851562,51.427703857421875,58.329341888427734,52.007816314697266,175.7276611328125,192.93994140625,81.47467803955078,43.66120147705078,151.4122314453125,117.02680969238281,739.7969970703125,210.0166473388672,291.3172302246094,80.06999969482422,133.28915405273438,69.5731201171875,63801.57421875,68.74269104003906,15.399999618530273
2026-06-05,735.65478515625,50.4413948059082,57.25707244873047,52.117431640625,173.75250244140625,180.08526611328125,82.86503601074219,44.068599700927734,152.33815002441406,114.63157653808594,704.2860107421875,207.02822875976562,280.9817810058594,74.48999786376953,128.54380798339844,69.76200866699219,60922.66796875,64.25601196289062,21.510000228881836
2026-06-06,,,,,,,,,,,,,,,,,60867.4140625,,
2026-06-07,,,,,,,,,,,,,,,,,63239.51953125,,
2026-06-08,737.3204345703125,49.773887634277344,57.912349700927734,51.7885856628418,173.20387268066406,183.9606475830078,82.4975814819336,43.243865966796875,151.97972106933594,115.1605224609375,715.283935546875,206.80906677246094,283.4359436035156,75.87999725341797,128.30404663085938,69.95091247558594,63090.58984375,65.4100112915039,18.920000076293945
2026-06-09,735.1560668945312,50.580875396728516,56.97908020019531,52.27687454223633,175.16903686523438,180.55471801757812,83.5204849243164,43.70094680786133,153.8913116455078,115.63957214355469,707.052978515625,208.3829803466797,284.3437805175781,75.0,131.25115966796875,70.82579040527344,61643.78125,65.47965240478516,19.8700008392334
2026-06-10,723.56591796875,49.41522979736328,57.832923889160156,52.04767608642578,169.2436065673828,176.41964721679688,84.90090942382812,43.720821380615234,152.17886352539062,113.26429748535156,692.9285278320312,205.7332305908203,281.3808288574219,73.01000213623047,128.72364807128906,71.22346496582031,61449.2890625,64.32565307617188,22.219999313354492
2026-06-11,735.8642578125,51.029197692871094,56.71101379394531,52.436317443847656,174.72012329101562,182.99180603027344,84.68241882324219,43.770503997802734,153.4134063720703,116.06871795654297,716.332763671875,208.94081115722656,289.72100830078125,75.45999908447266,132.60983276367188,71.92933654785156,63561.0546875,67.15096282958984,19.440000534057617
2026-06-12,739.843994140625,51.98562240600586,57.137935638427734,53.153804779052734,175.7476043701172,184.5799102783203,85.22863006591797,44.24745559692383,153.13462829589844,116.36811828613281,720.5481567382812,210.83348083496094,292.2550048828125,75.6500015258789,133.65878295898438,72.9831771850586,63543.19921875,67.52899932861328,17.68000030517578
2026-06-13,,,,,,,,,,,,,,,,,64421.32421875,,
2026-06-14,,,,,,,,,,,,,,,,,65710.3984375,,
2026-06-15,752.890380859375,52.30442810058594,55.15225601196289,53.3730354309082,178.241455078125,191.56158447265625,84.89098358154297,44.45612716674805,152.2186737060547,118.33419799804688,743.1832885742188,212.05874633789062,294.6400146484375,79.62999725341797,136.2662353515625,71.81004333496094,66289.5,69.75,16.200000762939453
2026-06-16,748.4019775390625,52.52360916137695,54.96361541748047,54.1602783203125,179.40859985351562,186.21795654296875,85.00021362304688,44.77409744262695,152.26846313476562,118.22441864013672,729.0587768554688,211.35147094726562,292.0799865722656,79.08000183105469,135.207275390625,72.06851959228516,65600.640625,68.63999938964844,16.40999984741211
2026-06-17,739.0560302734375,51.82621765136719,54.2785530090332,53.861324310302734,179.15921020507812,185.57872009277344,83.10337829589844,44.17790222167969,150.04824829101562,115.26032257080078,721.7168579101562,208.18374633789062,289.8800048828125,78.48999786376953,139.2532958984375,70.73632049560547,64418.4453125,68.55999755859375,18.440000534057617
2026-06-18,746.739990234375,51.617000579833984,53.38500213623047,53.382999420166016,180.46600341796875,191.21200561523438,82.72599792480469,44.47599792480469,148.74398803710938,116.92700958251953,739.8070068359375,209.15000915527344,295.5899963378906,80.19000244140625,140.58200073242188,71.3030014038086,62896.47265625,70.79000091552734,16.399999618530273
2026-06-19,,,,,,,,,,,,,,,,,63540.8359375,,
2026-06-20,,,,,,,,,,,,,,,,,64239.67578125,,
2026-06-21,,,,,,,,,,,,,,,,,63237.5390625,,
2026-06-22,744.3900146484375,51.619998931884766,54.060001373291016,53.70000076293945,181.8000030517578,192.14999389648438,82.18000030517578,44.720001220703125,150.05999755859375,114.94000244140625,737.9500122070312,209.61000061035156,298.17999267578125,78.43000030517578,145.86000061035156,71.98999786376953,63952.10546875,71.20999908447266,17.280000686645508
2026-06-23,733.5800170898438,50.869998931884766,54.459999084472656,53.880001068115234,178.14999389648438,184.19000244140625,83.72000122070312,45.06999969482422,152.17999267578125,113.76000213623047,713.6500244140625,208.88999938964844,295.32000732421875,76.68000030517578,147.02999877929688,73.12000274658203,62668.01953125,67.16999816894531,19.489999771118164
2026-06-24,733.239990234375,51.15999984741211,53.56999969482422,53.720001220703125,180.2100067138672,183.0500030517578,84.44000244140625,45.540000915527344,153.35000610351562,115.06999969482422,710.6199951171875,210.3800048828125,296.69000244140625,76.72000122070312,149.7100067138672,73.97000122070312,60995.1328125,67.25,18.6299991607666
2026-06-25,734.2999877929688,51.84000015258789,54.09000015258789,53.45000076293945,184.1199951171875,184.57000732421875,83.94000244140625,45.849998474121094,155.6300048828125,113.3499984741211,716.3800048828125,211.75,298.9100036621094,76.54000091552734,151.58999633789062,74.7699966430664,59721.67578125,67.95999908447266,18.889999389648438
2026-06-26,728.989990234375,51.599998474121094,53.84000015258789,53.56999969482422,181.1999969482422,181.11000061035156,84.70999908447266,46.20000076293945,160.33999633789062,114.37000274658203,706.52001953125,210.30999755859375,299.8299865722656,78.12999725341797,155.3800048828125,75.16999816894531,60016.4296875,67.19000244140625,18.40999984741211
2026-06-27,,,,,,,,,,,,,,,,,59940.09765625,,
2026-06-28,,,,,,,,,,,,,,,,,59532.33984375,,
2026-06-29,741.0,50.65999984741211,53.58000183105469,53.720001220703125,182.75999450683594,185.41000366210938,84.37000274658203,46.02000045776367,160.74000549316406,117.12000274658203,724.0800170898438,213.0500030517578,298.9700012207031,80.62999725341797,158.30999755859375,74.75,60138.37890625,67.43000030517578,17.649999618530273
2026-06-30,746.77001953125,50.83000183105469,53.11000061035156,53.61000061035156,185.22999572753906,190.52000427246094,83.06999969482422,45.34000015258789,158.66000366210938,117.27999877929688,736.4000244140625,212.77000427246094,300.45001220703125,80.81999969482422,158.25,74.8499984741211,58558.859375,68.41000366210938,16.450000762939453
2026-07-01,745.760009765625,51.02000045776367,52.810001373291016,54.779998779296875,183.36000061035156,185.6199951171875,83.30000305175781,44.77000045776367,159.5399932861328,118.08999633789062,725.1699829101562,213.41000366210938,299.32000732421875,81.8499984741211,156.5500030517578,76.18000030517578,60003.7578125,66.4800033569336,16.59000015258789
2026-07-02,744.780029296875,52.0099983215332,53.220001220703125,55.619998931884766,183.91000366210938,180.58999633789062,84.98999786376953,45.7599983215332,163.74000549316406,117.12000274658203,712.5999755859375,214.91000366210938,297.5799865722656,81.25,160.4600067138672,75.0199966430664,61485.30078125,65.69999694824219,16.149999618530273
2026-07-03,,,,,,,,,,,,,,,,,62544.19921875,,
2026-07-04,,,,,,,,,,,,,,,,,63088.3046875,,
2026-07-05,,,,,,,,,,,,,,,,,63547.8828125,,
2026-07-06,751.280029296875,51.97999954223633,53.130001068115234,56.13999938964844,185.55999755859375,183.57000732421875,84.0999984741211,45.29999923706055,161.9600067138672,118.01000213623047,722.8200073242188,215.0,298.8999938964844,83.61000061035156,160.80999755859375,75.55999755859375,63995.015625,67.56999969482422,15.569999694824219
2026-07-07,747.7100219726562,51.5099983215332,54.63999938964844,56.04999923706055,182.3800048828125,179.17999267578125,84.86000061035156,45.70000076293945,164.44000244140625,117.38999938964844,709.4299926757812,214.72999572753906,296.19000244140625,81.19000244140625,163.8699951171875,75.06999969482422,63297.39453125,65.72000122070312,16.1299991607666
2026-07-08,745.4000244140625,50.15999984741211,55.599998474121094,54.970001220703125,180.4199981689453,181.39999389648438,84.38999938964844,45.36000061035156,162.3000030517578,115.30000305175781,711.4400024414062,212.1999969482422,293.4800109863281,80.16000366210938,162.97000122070312,73.33999633789062,62257.57421875,66.2300033569336,16.899999618530273
2026-07-09,751.7100219726562,50.2599983215332,54.81999969482422,55.540000915527344,181.11000061035156,185.35000610351562,83.19999694824219,45.130001068115234,162.1699981689453,116.8499984741211,723.280029296875,213.5,297.239990234375,81.52999877929688,164.27999877929688,74.6500015258789,63193.1484375,66.77999877929688,15.84000015258789
2026-07-10,754.9500122070312,50.88999938964844,55.08000183105469,55.709999084472656,181.9199981689453,185.77999877929688,84.12000274658203,45.40999984741211,160.83999633789062,117.23999786376953,725.510009765625,214.3000030517578,295.989990234375,80.24500274658203,159.02999877929688,75.0199966430664,64127.140625,66.9000015258789,15.029999732971191
2026-07-11,,,,,,,,,,,,,,,,,63802.02734375,,
2026-07-12,,,,,,,,,,,,,,,,,63758.21875,,
2026-07-13,749.1699829101562,50.58000183105469,56.7400016784668,56.06999969482422,180.3699951171875,181.27999877929688,84.58999633789062,45.720001220703125,161.41000366210938,116.04000091552734,711.739990234375,214.22999572753906,293.4800109863281,78.23999786376953,155.33999633789062,75.12000274658203,62239.12109375,64.5,17.15999984741211
2026-07-14,751.8300170898438,50.63999938964844,56.95000076293945,56.18000030517578,180.4499969482422,183.6199951171875,83.41999816894531,45.689998626708984,158.2899932861328,115.9000015258789,719.6900024414062,213.4499969482422,294.510009765625,79.5199966430664,155.4499969482422,75.0,64956.11328125,65.66999816894531,16.5
2026-07-15,754.8099975585938,50.5,56.5,56.560001373291016,180.05999755859375,181.5800018310547,83.47000122070312,45.220001220703125,158.2899932861328,117.0,717.739990234375,212.97000122070312,295.7699890136719,79.5999984741211,156.22000122070312,75.77999877929688,64712.375,65.56999969482422,15.670000076293945
2026-07-16,750.719970703125,50.88999938964844,57.02000045776367,56.75,180.14999389648438,177.52000427246094,85.80999755859375,45.470001220703125,161.8000030517578,117.33999633789062,705.9400024414062,215.05999755859375,295.5899963378906,76.66999816894531,152.0,77.91999816894531,63789.28125,64.19000244140625,16.729999542236328
2026-07-17,743.2899780273438,50.529998779296875,57.68000030517578,56.2599983215332,179.41000366210938,175.58999633789062,85.19000244140625,45.16999816894531,161.08999633789062,115.44000244140625,695.3300170898438,213.3699951171875,294.0400085449219,75.19999694824219,154.25999450683594,76.69000244140625,63899.4609375,63.290000915527344,18.770000457763672
2026-07-18,,,,,,,,,,,,,,,,,64796.6015625,,
2026-07-19,,,,,,,,,,,,,,,,,64690.8046875,,
2026-07-20,742.0900268554688,50.029998779296875,57.939998626708984,56.040000915527344,178.1199951171875,175.7100067138672,84.86000061035156,44.939998626708984,159.25,114.61000061035156,696.0599975585938,212.4199981689453,292.30999755859375,74.94999694824219,150.94000244140625,75.88999938964844,65230.02734375,63.560001373291016,18.649999618530273
2026-07-21,748.280029296875,50.099998474121094,58.5,56.11000061035156,178.66000366210938,180.77999877929688,84.05999755859375,44.91999816894531,160.25,114.87000274658203,708.969970703125,212.75999450683594,296.5400085449219,77.69499969482422,154.5,75.9800033569336,66505.125,65.33999633789062,17.049999237060547
2026-07-22,747.4099731445312,50.81999969482422,59.20000076293945,56.04999923706055,178.85000610351562,180.27000427246094,84.37999725341797,45.93000030517578,159.42999267578125,114.0199966430664,705.3499755859375,212.6999969482422,293.7900085449219,76.02999877929688,152.11000061035156,75.5999984741211,66100.796875,64.98999786376953,16.639999389648438
2026-07-23,738.1799926757812,50.290000915527344,59.380001068115234,55.83000183105469,181.94000244140625,178.4499969482422,83.20999908447266,46.189998626708984,161.44000244140625,108.76000213623047,691.9600219726562,211.9199981689453,292.0899963378906,73.83000183105469,152.22999572753906,75.1500015258789,65044.8125,64.5999984741211,18.700000762939453
2026-07-24,738.9299926757812,51.2599983215332,59.619998931884766,56.310001373291016,182.66000366210938,175.8800048828125,84.12999725341797,46.290000915527344,162.57000732421875,109.41000366210938,684.22998046875,213.57000732421875,291.1700134277344,71.88999938964844,150.47999572753906,75.7300033569336,64098.49609375,63.33000183105469,18.579999923706055
2026-07-25,,,,,,,,,,,,,,,,,64311.8125,,
2026-07-26,,,,,,,,,,,,,,,,,65340.30078125,,
2026-07-27,739.0900268554688,51.38999938964844,58.36000061035156,56.880001068115234,183.1999969482422,174.3000030517578,85.36000061035156,45.68000030517578,163.39999389648438,110.83999633789062,682.1199951171875,215.17999267578125,292.9100036621094,72.52999877929688,150.58999633789062,75.5199966430664,63724.8984375,63.619998931884766,18.670000076293945
2026-07-28,740.8599853515625,52.34000015258789,57.56999969482422,57.599998474121094,182.49000549316406,171.08999633789062,87.05999755859375,45.52000045776367,167.25999450683594,112.4800033569336,675.489990234375,217.69000244140625,293.3699951171875,72.44999694824219,149.77999877929688,76.79000091552734,63871.36328125,62.36000061035156,18.209999084472656
2026-07-29,729.4600219726562,51.7400016784668,58.650001525878906,56.68000030517578,176.66000366210938,166.57000732421875,87.36000061035156,44.90999984741211,166.24000549316406,111.61000061035156,661.72998046875,215.72999572753906,288.57000732421875,70.58000183105469,147.91000366210938,76.18000030517578,63908.16796875,61.06999969482422,20.65999984741211
2026-07-30,741.6900024414062,51.63999938964844,58.959999084472656,57.0,178.38999938964844,175.72999572753906,85.47000122070312,44.65999984741211,163.52000427246094,112.38999938964844,683.5499877929688,215.3800048828125,292.5899963378906,72.9000015258789,151.4600067138672,75.9000015258789,64725.30859375,63.59000015258789,17.09000015258789
2026-07-31,747.030029296875,50.43000030517578,59.54999923706055,56.939998626708984,179.83999633789062,175.35000610351562,85.05000305175781,44.349998474121094,162.5500030517578,116.08999633789062,687.989990234375,215.00999450683594,291.20001220703125,71.23999786376953,147.00999450683594,76.05999755859375,62813.74609375,64.08999633789062,15.989999771118164
2026-08-01,,,,,,,,,,,,,,,,,62763.3203125,,
2026-08-02,,,,,,,,,,,,,,,,,63482.0,,
2026-08-03,757.6699829101562,51.0099983215332,58.790000915527344,57.380001068115234,183.16000366210938,178.0399932861328,84.86000061035156,44.36000061035156,162.24000549316406,118.20999908447266,700.0700073242188,217.11000061035156,296.2200012207031,73.54000091552734,147.30999755859375,77.05999755859375,63460.8984375,64.31999969482422,15.859999656677246
2026-08-04,771.3300170898438,52.0,58.52000045776367,57.880001068115234,186.39999389648438,186.89999389648438,85.37000274658203,44.11000061035156,162.10000610351562,118.29000091552734,723.8499755859375,220.22999572753906,301.7099914550781,76.76000213623047,151.8800048828125,77.83999633789062,64055.953125,66.0,16.5
2026-08-05,769.7899780273438,52.63999938964844,57.310001373291016,58.0,186.35000610351562,185.91000366210938,85.33000183105469,43.65999984741211,164.16000366210938,118.63999938964844,717.2999877929688,219.72999572753906,299.7699890136719,76.18000030517578,153.00999450683594,77.33999633789062,64597.5,65.72000122070312,15.8100004196167
2026-08-06,768.5599975585938,52.16999816894531,58.15999984741211,57.810001373291016,184.75999450683594,185.3300018310547,85.11000061035156,43.380001068115234,164.4499969482422,118.0999984741211,714.6500244140625,218.5800018310547,298.25,75.7300033569336,154.5,76.48999786376953,64262.11328125,65.0199966430664,15.149999618530273
2026-08-07,773.260009765625,52.86000061035156,57.5,57.599998474121094,185.17999267578125,187.97000122070312,85.12000274658203,43.61000061035156,165.67999267578125,119.86000061035156,723.030029296875,220.08999633789062,301.55999755859375,79.43000030517578,157.3699951171875,76.20999908447266,64880.19140625,65.63999938964844,14.899999618530273
2026-08-08,,,,,,,,,,,,,,,,,64904.6875,,
2026-08-09,,,,,,,,,,,,,,,,,64844.88671875,,
2026-08-10,773.030029296875,53.18000030517578,60.18000030517578,57.810001373291016,184.60000610351562,186.32000732421875,84.94999694824219,43.130001068115234,168.44000244140625,119.66999816894531,720.8699951171875,220.22000122070312,299.9800109863281,80.44000244140625,158.02999877929688,76.02999877929688,63910.5859375,65.16999816894531,15.460000038146973
2026-08-11,770.5599975585938,53.2400016784668,60.93000030517578,57.79999923706055,185.6999969482422,186.08999633789062,84.69000244140625,43.630001068115234,168.00999450683594,119.23999786376953,718.4500122070312,220.69000244140625,300.989990234375,80.5999984741211,158.07000732421875,76.80999755859375,63551.875,65.43000030517578,15.279999732971191
2026-08-12,772.489990234375,52.58000183105469,61.029998779296875,57.91999816894531,185.8800048828125,188.86000061035156,85.08000183105469,43.84000015258789,168.44000244140625,117.88999938964844,723.7000122070312,221.0800018310547,302.7099914550781,81.37000274658203,159.38999938964844,77.37999725341797,63402.43359375,66.45999908447266,14.550000190734863
2026-08-13,777.8800048828125,52.310001373291016,61.060001373291016,58.2599983215332,185.7899932861328,190.77000427246094,86.0,44.040000915527344,168.3800048828125,118.44999694824219,732.0700073242188,222.72999572753906,303.5,82.58999633789062,156.86000061035156,77.75,63402.171875,66.68000030517578,14.630000114440918
2026-08-14,776.3400268554688,52.540000915527344,61.90999984741211,58.15999984741211,186.50999450683594,190.00999450683594,86.08999633789062,44.310001373291016,167.3699951171875,118.19999694824219,731.0700073242188,222.77000427246094,305.0899963378906,81.0999984741211,157.41000366210938,77.93000030517578,62975.59375,66.61000061035156,14.25
2026-08-15,,,,,,,,,,,,,,,,,63024.3203125,,
2026-08-16,,,,,,,,,,,,,,,,,62818.65234375,,
2026-08-17,772.6699829101562,52.2400016784668,62.58000183105469,57.58000183105469,186.32000732421875,190.32000732421875,84.68000030517578,44.18000030517578,167.0500030517578,116.75,729.8699951171875,220.7899932861328,304.05999755859375,81.75,159.52999877929688,77.38999938964844,64506.25390625,67.31999969482422,15.1899995803833
2026-08-18,767.4500122070312,51.779998779296875,63.68000030517578,57.84000015258789,183.57000732421875,185.6199951171875,85.58000183105469,44.02000045776367,169.72999572753906,116.36000061035156,717.510009765625,219.7899932861328,300.2300109863281,79.1500015258789,160.11000061035156,76.8499984741211,64680.7109375,65.33999633789062,15.84000015258789
2026-08-19,769.0599975585938,52.52000045776367,63.58000183105469,57.47999954223633,181.9499969482422,183.63999938964844,86.54000091552734,44.02000045776367,175.67999267578125,118.58999633789062,716.0800170898438,222.07000732421875,301.7200012207031,83.30999755859375,169.5500030517578,75.0,69266.1875,66.11000061035156,14.890000343322754
2026-08-20,762.5999755859375,52.41999816894531,63.75,56.95000076293945,179.77000427246094,183.10000610351562,85.31999969482422,43.77000045776367,172.38999938964844,116.68000030517578,710.9299926757812,220.27999877929688,297.6700134277344,83.2699966430664,163.3800048828125,74.70999908447266,73032.7578125,66.62000274658203,16.010000228881836
2026-08-21,765.719970703125,53.540000915527344,63.63999938964844,57.47999954223633,180.25,183.30999755859375,85.98999786376953,42.77000045776367,174.6199951171875,118.0199966430664,713.4400024414062,221.6699981689453,299.9599914550781,86.20999908447266,165.72999572753906,74.86000061035156,78335.1875,67.12000274658203,15.130000114440918
2026-08-22,,,,,,,,,,,,,,,,,77083.4140625,,
2026-08-23,,,,,,,,,,,,,,,,,77755.265625,,
2026-08-24,763.469970703125,53.58000183105469,63.11000061035156,58.220001220703125,179.0,180.0500030517578,87.44999694824219,43.220001220703125,174.6999969482422,118.30000305175781,706.3200073242188,221.92999267578125,297.9700012207031,83.91999816894531,164.1699981689453,74.76000213623047,78964.484375,66.11000061035156,15.850000381469727
2026-08-25,765.9099731445312,53.58000183105469,62.060001373291016,58.310001373291016,178.39999389648438,181.74000549316406,86.5199966430664,43.310001373291016,175.2899932861328,117.94999694824219,710.719970703125,221.77000427246094,299.2300109863281,86.37000274658203,169.10000610351562,74.33000183105469,78564.9765625,67.25,15.449999809265137
2026-08-26,766.0800170898438,53.66999816894531,62.43000030517578,58.2599983215332,180.33999633789062,182.83999633789062,86.2699966430664,43.5099983215332,173.5399932861328,117.16000366210938,711.3699951171875,222.11000061035156,298.92999267578125,85.77999877929688,168.38999938964844,74.58000183105469,79027.421875,67.16999816894531,15.210000038146973
2026-08-27,771.0999755859375,53.22999954223633,62.290000915527344,57.880001068115234,178.8000030517578,188.61000061035156,85.08000183105469,43.18000030517578,171.5800018310547,115.87999725341797,721.1099853515625,221.4499969482422,299.80999755859375,87.37999725341797,168.22999572753906,74.3499984741211,80257.5390625,67.61000061035156,14.510000228881836
2026-08-28,769.3499755859375,53.18000030517578,62.68000030517578,58.099998474121094,177.13999938964844,185.69000244140625,85.44999694824219,42.72999954223633,171.16000366210938,117.20999908447266,716.4299926757812,220.69000244140625,295.75,84.58999633789062,162.3800048828125,74.30000305175781,77830.2890625,67.13999938964844,14.430000305175781
2026-08-29,,,,,,,,,,,,,,,,,78245.8125,,
2026-08-30,,,,,,,,,,,,,,,,,77667.5703125,,
2026-08-31,767.0499877929688,52.689998626708984,63.959999084472656,57.709999084472656,175.1300048828125,186.5,84.9800033569336,42.22999954223633,170.5399932861328,116.58999633789062,716.760009765625,219.38999938964844,293.92999267578125,85.56999969482422,162.5,73.55999755859375,78548.6328125,67.0199966430664,14.920000076293945
2026-09-01,761.780029296875,52.06999969482422,64.7699966430664,57.20000076293945,172.72999572753906,183.63999938964844,85.25,42.560001373291016,171.6699981689453,114.58999633789062,707.6400146484375,217.58999633789062,290.57000732421875,83.08000183105469,163.39999389648438,72.62000274658203,77403.625,66.7699966430664,16.34000015258789
2026-09-02,765.1599731445312,52.95000076293945,65.0999984741211,57.65999984741211,172.77999877929688,183.60000610351562,85.52999877929688,42.66999816894531,172.9499969482422,114.86000061035156,709.239990234375,218.60000610351562,294.010009765625,83.38999938964844,165.3699951171875,74.23999786376953,77300.4765625,67.1500015258789,15.199999809265137
2026-09-03,773.1699829101562,52.619998931884766,64.62000274658203,58.560001373291016,174.55999755859375,185.97000122070312,85.26000213623047,43.029998779296875,173.25999450683594,116.45999908447266,717.6699829101562,220.0500030517578,295.19000244140625,87.13999938964844,164.3800048828125,74.87000274658203,81271.7421875,67.47000122070312,14.319999694824219
2026-09-04,770.1900024414062,52.439998626708984,64.05999755859375,58.099998474121094,175.27000427246094,187.27999877929688,84.58000183105469,43.08000183105469,171.4499969482422,114.91000366210938,718.9600219726562,219.0,296.010009765625,86.22000122070312,163.80999755859375,75.2699966430664,79671.96875,68.69999694824219,14.529999732971191
