design,embargo_sessions,variant,outer_year,signal_date,entry_date,label_end,truth,raw_probability,probability,base_rate,risk_percentile,warning_threshold,warning,C,calibration_method,liquidity_column,domain__T,domain__C,domain__B,domain__V,domain__F,domain__D,domain__I
primary,20,A3,2017,2017-01-05,2017-01-06,2017-02-03,0,0.1253559883,0.1253559883,0.1717663421,45.02923977,0.1961799583,False,0.03,none,reserve_impulse_4w_bp,-0.265268192,-0.7555698029,-0.7,-0.6345175861,-0.5888388953,1.592229624,0
primary,20,A3,2017,2017-01-12,2017-01-13,2017-02-10,0,0.1211030781,0.1211030781,0.1717663421,43.07992203,0.1961799583,False,0.03,none,reserve_impulse_4w_bp,-0.3718119481,-0.5072126943,-0.2,-0.3165402958,-0.3488912346,0.1919002481,0
primary,20,A3,2017,2017-01-19,2017-01-20,2017-02-16,0,0.1117217932,0.1117217932,0.1717663421,41.91033138,0.1961799583,False,0.03,none,reserve_impulse_4w_bp,-0.2659868332,-0.3307421061,-0.2,0.04512563609,-0.1879008258,-1.721716705,0
primary,20,A3,2017,2017-01-26,2017-01-27,2017-02-24,0,0.08764419899,0.08764419899,0.1717663421,40.74074074,0.1961799583,False,0.03,none,reserve_impulse_4w_bp,-0.5014824806,-0.3656034621,0.025,-0.7926722641,-0.4086895517,-2.161228718,0
primary,20,A3,2017,2017-02-02,2017-02-03,2017-03-03,0,0.1062062806,0.1062062806,0.1717663421,41.71539961,0.1961799583,False,0.03,none,reserve_impulse_4w_bp,-0.5186054483,-0.2664689854,0.025,0.00470955687,-0.1888412192,-1.931467433,0
primary,20,A3,2017,2017-02-09,2017-02-10,2017-03-10,0,0.1036246252,0.1036246252,0.1717663421,41.52046784,0.1961799583,False,0.03,none,reserve_impulse_4w_bp,-0.4153824772,-0.1085109793,0.025,-0.5486674128,-0.2618902173,-1.392063426,0
primary,20,A3,2017,2017-02-16,2017-02-17,2017-03-17,0,0.1081512212,0.1081512212,0.1717663421,41.71539961,0.1961799583,False,0.03,none,reserve_impulse_4w_bp,-0.5751918293,-0.3176791152,0.025,-0.09309328514,-0.2402410574,-1.490779616,0
primary,20,A3,2017,2017-02-23,2017-02-24,2017-03-23,0,0.1088937984,0.1088937984,0.1717663421,41.71539961,0.1961799583,False,0.03,none,reserve_impulse_4w_bp,-0.5611763755,-0.2185446386,0.025,-0.2893501225,-0.2610177841,-1.159813005,0
primary,20,A3,2017,2017-03-02,2017-03-03,2017-03-30,0,0.1016285483,0.1016285483,0.1717663421,41.13060429,0.1961799583,False,0.03,none,reserve_impulse_4w_bp,-0.700109482,-0.3819522359,-0.1,-0.2519766347,-0.3585095882,-1.497800965,0
primary,20,A3,2017,2017-03-09,2017-03-10,2017-04-06,0,0.1136230668,0.1136230668,0.1717663421,42.10526316,0.1961799583,False,0.03,none,reserve_impulse_4w_bp,-0.3754263867,-0.5453598333,-0.1,-0.1404976349,-0.2903209637,-1.244526628,0
primary,20,A3,2017,2017-03-16,2017-03-17,2017-04-13,0,0.1069445485,0.1069445485,0.1717663421,41.71539961,0.1961799583,False,0.03,none,reserve_impulse_4w_bp,-0.4488807196,-0.1945824651,-0.1,-0.5364460142,-0.3199772997,-1.24700534,0
primary,20,A3,2017,2017-03-23,2017-03-24,2017-04-21,0,0.139644089,0.139644089,0.1717663421,50.87719298,0.1961799583,False,0.03,none,reserve_impulse_4w_bp,-0.2024916863,-0.1488219266,0.125,0.2054249857,-0.005222156797,-0.7546015695,0
primary,20,A3,2017,2017-03-30,2017-03-31,2017-04-28,0,0.1272912144,0.1272912144,0.1717663421,45.41910331,0.1961799583,False,0.03,none,reserve_impulse_4w_bp,-0.3264390456,-0.06058663247,0.125,-0.6176825595,-0.2199270594,0.4805300154,0
primary,20,A3,2017,2017-04-06,2017-04-07,2017-05-05,0,0.1500810326,0.1500810326,0.1717663421,57.69980507,0.1961799583,False,0.03,none,reserve_impulse_4w_bp,-0.214385214,0.2368167976,0.125,-0.06013252391,0.02182476491,0.2005334861,0.004376596189
primary,20,A3,2017,2017-04-13,2017-04-17,2017-05-12,0,0.1929541771,0.1929541771,0.1717663421,84.21052632,0.1961799583,False,0.03,none,reserve_impulse_4w_bp,-0.00720489452,0.05489661805,1.025,0.7268528074,0.4498861327,0.05271969934,0.02371786165
primary,20,A3,2017,2017-04-20,2017-04-21,2017-05-18,0,0.1479821817,0.1479821817,0.1717663421,56.92007797,0.1961799583,False,0.03,none,reserve_impulse_4w_bp,-0.129916938,0.001522679917,0.225,-0.503086034,-0.101620073,0.697328182,0
primary,20,A3,2017,2017-04-27,2017-04-28,2017-05-25,0,0.1255305605,0.1255305605,0.1717663421,45.02923977,0.1961799583,False,0.03,none,reserve_impulse_4w_bp,-0.2996814178,-0.06820003206,0,-1.150070816,-0.3794880665,0.8349443475,0
primary,20,A3,2017,2017-05-04,2017-05-05,2017-06-02,0,0.1564124826,0.1564124826,0.1717663421,63.35282651,0.1961799583,False,0.03,none,reserve_impulse_4w_bp,-0.2464273382,-0.3841160442,-0.125,-0.3359579722,-0.2728753387,1.600454842,0
primary,20,A3,2017,2017-05-11,2017-05-12,2017-06-09,0,0.1616084537,0.1616084537,0.1717663421,66.86159844,0.1961799583,False,0.03,none,reserve_impulse_4w_bp,-0.1242716554,-0.3895656355,-0.25,-0.3189414237,-0.2706946786,1.72020454,0
primary,20,A3,2017,2017-05-18,2017-05-19,2017-06-16,0,0.1953387789,0.1953387789,0.1717663421,84.79532164,0.1961799583,False,0.03,none,reserve_impulse_4w_bp,0.1171497507,-0.2795319763,0.55,0.7477472065,0.2838412452,0.150548657,0.04273191828
primary,20,A3,2017,2017-05-25,2017-05-26,2017-06-23,0,0.1160066433,0.1160066433,0.1717663421,42.30019493,0.1961799583,False,0.03,none,reserve_impulse_4w_bp,-0.05107912988,-0.2555698029,-0.225,-1.342574853,-0.4685559464,-0.01358421686,0
primary,20,A3,2017,2017-06-01,2017-06-02,2017-06-29,0,0.1481744727,0.1481744727,0.1717663421,57.11500975,0.1961799583,False,0.03,none,reserve_impulse_4w_bp,-0.201191718,-0.207645456,-0.25,-0.3934575111,-0.2630736713,0.8562132717,0
primary,20,A3,2017,2017-06-08,2017-06-09,2017-07-07,0,0.1312707872,0.1312707872,0.1717663421,47.36842105,0.1961799583,False,0.03,none,reserve_impulse_4w_bp,-0.2049303398,-0.1782336913,-0.35,-0.3166143128,-0.262444586,-0.5284647621,0
primary,20,A3,2017,2017-06-15,2017-06-16,2017-07-14,0,0.1388981165,0.1388981165,0.1717663421,50.87719298,0.1961799583,False,0.03,none,reserve_impulse_4w_bp,-0.2419322124,-0.4353261741,-0.725,-0.1756683123,-0.3944816747,0.2356284296,0
primary,20,A3,2017,2017-06-22,2017-06-23,2017-07-21,0,0.141254332,0.141254332,0.1717663421,51.85185185,0.1961799583,False,0.03,none,reserve_impulse_4w_bp,-0.1876343668,-0.5453598333,-0.225,-0.4427096505,-0.3501759627,0.519853167,0
primary,20,A3,2017,2017-06-29,2017-06-30,2017-07-28,0,0.1563562463,0.1563562463,0.1717663421,63.35282651,0.1961799583,False,0.03,none,reserve_impulse_4w_bp,-0.07399944387,-0.5213976599,0.675,-0.09638522696,-0.004195582677,0.1794211829,0
primary,20,A3,2017,2017-07-06,2017-07-07,2017-08-03,0,0.1837122257,0.1837122257,0.1717663421,80.31189084,0.1961799583,False,0.03,none,reserve_impulse_4w_bp,-0.0125960225,-0.7305657958,0.8,0.001119815765,0.01448949937,1.198427515,0.01736461471
primary,20,A3,2017,2017-07-13,2017-07-14,2017-08-10,0,0.1263228425,0.1263228425,0.1717663421,45.22417154,0.1961799583,False,0.03,none,reserve_impulse_4w_bp,-0.2502489757,-0.578057381,0.35,-0.9209756835,-0.34982051,-0.039028078,0
primary,20,A3,2017,2017-07-20,2017-07-21,2017-08-17,0,0.1229211816,0.1229211816,0.1717663421,43.46978558,0.1961799583,False,0.03,none,reserve_impulse_4w_bp,-0.2425417062,-0.5301330341,-0.1,-0.4391480615,-0.3279557005,-0.926111015,0
primary,20,A3,2017,2017-07-27,2017-07-28,2017-08-24,0,0.1123058564,0.1123058564,0.1717663421,41.91033138,0.1961799583,False,0.03,none,reserve_impulse_4w_bp,-0.2146101313,-0.5007212694,-0.45,-0.2626163896,-0.3569869476,-1.944868873,0
primary,20,A3,2017,2017-08-03,2017-08-04,2017-08-31,0,0.1187494412,0.1187494412,0.1717663421,42.49512671,0.1961799583,False,0.03,none,reserve_impulse_4w_bp,-0.1535934786,-0.3939733932,-0.6,-0.2894347466,-0.3592504046,-1.335017434,0
primary,20,A3,2017,2017-08-10,2017-08-11,2017-09-08,0,0.189532206,0.189532206,0.1717663421,83.43079922,0.1961799583,False,0.03,none,reserve_impulse_4w_bp,0.07009085666,-0.2839397339,0.775,1.153428648,0.4286449428,-1.056405342,0
primary,20,A3,2017,2017-08-17,2017-08-18,2017-09-15,0,0.1506082269,0.1506082269,0.1717663421,58.08966862,0.1961799583,False,0.03,none,reserve_impulse_4w_bp,0.1333039548,-0.2251162045,1.025,-0.1418509744,0.197834194,-1.245962807,0
primary,20,A3,2017,2017-08-24,2017-08-25,2017-09-22,0,0.1438527833,0.1438527833,0.1717663421,54.58089669,0.1961799583,False,0.03,none,reserve_impulse_4w_bp,0.1486063355,-0.1205321366,1.375,-0.9361294813,0.1167361794,-0.4571396422,0
primary,20,A3,2017,2017-08-31,2017-09-01,2017-09-29,0,0.1386113854,0.1386113854,0.1717663421,50.87719298,0.1961799583,False,0.03,none,reserve_impulse_4w_bp,0.03973194559,0.008014104824,0.575,-0.6892415969,-0.01662388663,-0.4095990338,0
primary,20,A3,2017,2017-09-07,2017-09-08,2017-10-05,0,0.1538908018,0.1538908018,0.1717663421,61.208577,0.1961799583,False,0.03,none,reserve_impulse_4w_bp,0.1166658116,-0.005048886039,0.1,-0.08954230316,0.0305186556,-0.1864870074,0
primary,20,A3,2017,2017-09-14,2017-09-15,2017-10-12,0,0.1343052415,0.1343052415,0.1717663421,48.92787524,0.1961799583,False,0.03,none,reserve_impulse_4w_bp,-0.04549609955,-0.14449431,-0.225,-0.5885001671,-0.2508726442,0.1030284572,0
primary,20,A3,2017,2017-09-21,2017-09-22,2017-10-19,0,0.1421081689,0.1421081689,0.1717663421,52.82651072,0.1961799583,False,0.03,none,reserve_impulse_4w_bp,-0.09555960899,-0.476759096,-0.5,-0.5326060054,-0.4012311776,1.283978048,0
primary,20,A3,2017,2017-09-28,2017-09-29,2017-10-26,0,0.148091885,0.148091885,0.1717663421,57.11500975,0.1961799583,False,0.03,none,reserve_impulse_4w_bp,-0.08686152188,-0.5355826254,-0.375,-0.3976111975,-0.3487638362,1.792288128,0
primary,20,A3,2017,2017-10-05,2017-10-06,2017-11-02,0,0.1429035826,0.1429035826,0.1717663421,53.41130604,0.1961799583,False,0.03,none,reserve_impulse_4w_bp,-0.26581216,-0.7981246995,-0.125,-0.4474554343,-0.4090980734,1.511916485,0
primary,20,A3,2017,2017-10-12,2017-10-13,2017-11-09,0,0.1457181754,0.1457181754,0.1717663421,55.9454191,0.1961799583,False,0.03,none,reserve_impulse_4w_bp,-0.1595194964,-0.8199230646,-0.1,-0.2231563689,-0.3256497325,1.097022414,0
primary,20,A3,2017,2017-10-19,2017-10-20,2017-11-16,0,0.1233142059,0.1233142059,0.1717663421,43.46978558,0.1961799583,False,0.03,none,reserve_impulse_4w_bp,-0.1845740263,-0.6837634236,-0.225,-0.3436132744,-0.3592376811,-0.2434646435,0
primary,20,A3,2017,2017-10-26,2017-10-27,2017-11-24,0,0.1251717471,0.1251717471,0.1717663421,44.83430799,0.1961799583,False,0.03,none,reserve_impulse_4w_bp,-0.1507140838,-0.7534861356,-0.225,-0.04486594995,-0.2935165423,-0.6656514087,0
primary,20,A3,2017,2017-11-02,2017-11-03,2017-12-01,0,0.1122405513,0.1122405513,0.1717663421,41.91033138,0.1961799583,False,0.03,none,reserve_impulse_4w_bp,-0.2368072086,-0.6412886681,0,-0.6572165973,-0.3838281185,-0.5531800543,0
primary,20,A3,2017,2017-11-09,2017-11-10,2017-12-08,0,0.1236434972,0.1236434972,0.1717663421,43.66471735,0.1961799583,False,0.03,none,reserve_impulse_4w_bp,-0.2512307309,-0.5236416092,0.125,-0.2358580059,-0.2214325865,-0.5182654879,0
primary,20,A3,2017,2017-11-16,2017-11-17,2017-12-15,0,0.123254235,0.123254235,0.1717663421,43.46978558,0.1961799583,False,0.03,none,reserve_impulse_4w_bp,-0.3166062867,-0.3602340119,0.35,-0.01417324361,-0.08525338554,-1.116205929,0
primary,20,A3,2017,2017-11-23,2017-11-24,2017-12-21,0,0.1000331064,0.1000331064,0.1717663421,40.93567251,0.1961799583,False,0.03,none,reserve_impulse_4w_bp,-0.3505057696,-0.5454399744,0.125,-0.7631356004,-0.3835203361,-1.271716404,0
primary,20,A3,2017,2017-11-30,2017-12-01,2017-12-29,0,0.1227542494,0.1227542494,0.1717663421,43.46978558,0.1961799583,False,0.03,none,reserve_impulse_4w_bp,-0.5510460279,-0.3765827857,-0.45,-0.01495746993,-0.3481465709,0.1659198959,0
primary,20,A3,2017,2017-12-07,2017-12-08,2018-01-08,0,0.1110856859,0.1110856859,0.1717663421,41.91033138,0.1961799583,False,0.03,none,reserve_impulse_4w_bp,-0.3872479267,-0.5857509216,-0.225,-0.6052955173,-0.4508235914,-0.03864899216,0
primary,20,A3,2017,2017-12-14,2017-12-15,2018-01-16,0,0.1176785855,0.1176785855,0.1717663421,42.30019493,0.1961799583,False,0.03,none,reserve_impulse_4w_bp,-0.4173342659,-0.7785702837,-0.7,-0.2863243267,-0.5455572191,0.4481256903,0
primary,20,A3,2017,2017-12-21,2017-12-22,2018-01-23,0,0.1241288228,0.1241288228,0.1717663421,44.0545809,0.1961799583,False,0.03,none,reserve_impulse_4w_bp,-0.565890638,-0.6075492867,-0.225,-0.5533744374,-0.4879535905,1.423981551,0
primary,20,A3,2017,2017-12-28,2017-12-29,2018-01-29,0,0.1245032257,0.1245032257,0.1717663421,44.83430799,0.1961799583,False,0.03,none,reserve_impulse_4w_bp,-0.484132294,-0.9343644815,-0.1,-0.25638586,-0.4437206589,1.130623384,0
primary,20,A3,2018,2018-01-04,2018-01-05,2018-02-02,0,0.1100123201,0.1100123201,0.1601815824,37.69911504,0.1931950074,False,0.03,none,reserve_impulse_4w_bp,-0.6403471723,-0.7179665738,0.025,-0.5770617702,-0.4775938791,1.451728679,0
primary,20,A3,2018,2018-01-11,2018-01-12,2018-02-09,1,0.1054930369,0.1054930369,0.1601815824,37.69911504,0.1931950074,False,0.03,none,reserve_impulse_4w_bp,-0.8197358394,-0.7715006964,0.025,-0.2366310478,-0.4507168959,0.7428494757,0
primary,20,A3,2018,2018-01-18,2018-01-19,2018-02-15,1,0.1049663659,0.1049663659,0.1601815824,37.69911504,0.1931950074,False,0.03,none,reserve_impulse_4w_bp,-0.9058099795,-0.9979979109,-0.1,0.2622814025,-0.435381622,0.07739005667,0
primary,20,A3,2018,2018-01-25,2018-01-26,2018-02-23,1,0.0876292417,0.0876292417,0.1601815824,36.99115044,0.1931950074,False,0.03,none,reserve_impulse_4w_bp,-1.078357249,-0.8473189415,-0.1,-0.4014772221,-0.6067883531,-0.01321422928,0
primary,20,A3,2018,2018-02-01,2018-02-02,2018-03-02,1,0.1097427536,0.1097427536,0.1601815824,37.69911504,0.1931950074,False,0.03,none,reserve_impulse_4w_bp,-0.9182894773,-1.209958217,-0.1,0.2469041084,-0.4953358965,0.6092024634,0
primary,20,A3,2018,2018-02-08,2018-02-09,2018-03-09,0,0.3408889252,0.3408889252,0.1601815824,98.5840708,0.1931950074,True,0.03,none,reserve_impulse_4w_bp,0.4240648046,-0.8640320334,1.7,3.775885819,1.258979648,0.2402300956,0.3024448011
primary,20,A3,2018,2018-02-15,2018-02-16,2018-03-16,0,0.08499241225,0.08499241225,0.1601815824,36.99115044,0.1931950074,False,0.03,none,reserve_impulse_4w_bp,-0.4093313544,-0.4979979109,0.8,-1.616029718,-0.4308397459,-0.1824005837,0
primary,20,A3,2018,2018-02-22,2018-02-23,2018-03-22,0,0.1298345051,0.1298345051,0.1601815824,44.24778761,0.1931950074,False,0.03,none,reserve_impulse_4w_bp,-0.1732461294,-0.4299268802,0.8,0.09654541476,0.07334310127,-0.306802708,0
primary,20,A3,2018,2018-03-01,2018-03-02,2018-03-29,0,0.1811571729,0.1811571729,0.1601815824,81.23893805,0.1931950074,False,0.03,none,reserve_impulse_4w_bp,0.112191806,-0.1118558496,1.475,1.203133198,0.6696172886,-0.6624346771,0
primary,20,A3,2018,2018-03-08,2018-03-09,2018-04-06,1,0.09794998945,0.09794998945,0.1601815824,37.52212389,0.1931950074,False,0.03,none,reserve_impulse_4w_bp,-0.1791114012,0.03203342618,0.15,-1.1956324,-0.2981775938,-0.1814538415,0
primary,20,A3,2018,2018-03-15,2018-03-16,2018-04-13,1,0.1515061973,0.1515061973,0.1601815824,57.87610619,0.1931950074,False,0.03,none,reserve_impulse_4w_bp,-0.1353706679,0.01749651811,0.4,0.05856422344,0.08517251841,0.7559190623,0.06438353025
primary,20,A3,2018,2018-03-22,2018-03-23,2018-04-20,0,0.299109689,0.299109689,0.1601815824,97.87610619,0.1931950074,True,0.03,none,reserve_impulse_4w_bp,0.4661755359,0.05988857939,0.975,1.885568676,0.8466581979,0.9157029231,0.7752873867
primary,20,A3,2018,2018-03-29,2018-04-02,2018-04-27,0,0.1654373928,0.1654373928,0.1601815824,71.85840708,0.1931950074,False,0.03,none,reserve_impulse_4w_bp,0.5418468692,0.1759227019,0.6,-0.4439364818,0.2184582723,1.017280314,0.2222332999
primary,20,A3,2018,2018-04-05,2018-04-06,2018-05-03,0,0.2111344837,0.2111344837,0.1601815824,89.38053097,0.1931950074,True,0.03,none,reserve_impulse_4w_bp,0.548025285,-0.1421483287,0.625,-0.01929906431,0.252894473,1.811507275,0.4581201775
primary,20,A3,2018,2018-04-12,2018-04-13,2018-05-10,0,0.1834167764,0.1834167764,0.1601815824,81.59292035,0.1931950074,False,0.03,none,reserve_impulse_4w_bp,0.6227901065,-0.4200034819,0.75,0.0736844603,0.2566177712,0.7114194259,0.1825628675
primary,20,A3,2018,2018-04-19,2018-04-20,2018-05-17,0,0.1415912653,0.1415912653,0.1601815824,50.97345133,0.1931950074,False,0.03,none,reserve_impulse_4w_bp,0.6362398077,-0.6297876045,-0.4,-0.5208822731,-0.2286075174,0.7839022938,0
primary,20,A3,2018,2018-04-26,2018-04-27,2018-05-24,0,0.1799761062,0.1799761062,0.1601815824,80.88495575,0.1931950074,False,0.03,none,reserve_impulse_4w_bp,0.7552677868,-0.6075034819,-0.075,0.08462718795,0.03934787321,1.221033267,0.04804506217
primary,20,A3,2018,2018-05-03,2018-05-04,2018-06-01,0,0.1884860648,0.1884860648,0.1601815824,83.53982301,0.1931950074,False,0.03,none,reserve_impulse_4w_bp,0.6652304307,-0.46579039,0.5,-0.06650399559,0.1582340113,1.210177881,0.1914913005
primary,20,A3,2018,2018-05-10,2018-05-11,2018-06-08,0,0.1273319552,0.1273319552,0.1601815824,42.83185841,0.1931950074,False,0.03,none,reserve_impulse_4w_bp,0.100460171,-0.1990772981,-0.625,-0.7221936603,-0.3614526968,0.9407836296,0
primary,20,A3,2018,2018-05-17,2018-05-18,2018-06-15,0,0.1484632823,0.1484632823,0.1601815824,55.39823009,0.1931950074,False,0.03,none,reserve_impulse_4w_bp,0.2266087144,-0.2950034819,-0.125,-0.1091728558,-0.07564190583,0.53208829,0
primary,20,A3,2018,2018-05-24,2018-05-25,2018-06-22,0,0.1244232781,0.1244232781,0.1601815824,41.94690265,0.1931950074,False,0.03,none,reserve_impulse_4w_bp,0.2461787437,-0.2727193593,-0.6,-0.3960091539,-0.2556374424,-0.2739802734,0
primary,20,A3,2018,2018-05-31,2018-06-01,2018-06-28,0,0.162330226,0.162330226,0.1601815824,67.78761062,0.1931950074,False,0.03,none,reserve_impulse_4w_bp,0.3920364404,-0.1087221448,-0.625,0.5817046452,0.06000473521,-0.1052759977,0
primary,20,A3,2018,2018-06-07,2018-06-08,2018-07-06,0,0.1201359887,0.1201359887,0.1601815824,40,0.1931950074,False,0.03,none,reserve_impulse_4w_bp,0.174767465,-0.2024721448,-0.25,-0.923305993,-0.3002526682,0.2105231562,0
primary,20,A3,2018,2018-06-14,2018-06-15,2018-07-13,0,0.1312269022,0.1312269022,0.1601815824,44.95575221,0.1931950074,False,0.03,none,reserve_impulse_4w_bp,0.01220666616,-0.1622562674,0,-0.2356515939,-0.09642529878,-0.3950424679,0
primary,20,A3,2018,2018-06-21,2018-06-22,2018-07-20,0,0.1862314449,0.1862314449,0.1601815824,82.65486726,0.1931950074,False,0.03,none,reserve_impulse_4w_bp,-0.0669449525,-0.1031511142,0.45,0.4524272792,0.1830828031,1.019909927,0.1867279683
primary,20,A3,2018,2018-06-28,2018-06-29,2018-07-27,0,0.1835421128,0.1835421128,0.1601815824,81.59292035,0.1931950074,False,0.03,none,reserve_impulse_4w_bp,0.2128548521,-0.1009749304,0.225,0.5268301814,0.2159275258,0.7640599892,0.164981583
primary,20,A3,2018,2018-07-05,2018-07-06,2018-08-02,0,0.1538269727,0.1538269727,0.1601815824,60.53097345,0.1931950074,False,0.03,none,reserve_impulse_4w_bp,0.1515341647,-0.06415389972,0.45,-0.447280862,0.02252485073,0.9065061855,0.02041891651
primary,20,A3,2018,2018-07-12,2018-07-13,2018-08-09,0,0.1377785819,0.1377785819,0.1601815824,49.02654867,0.1931950074,False,0.03,none,reserve_impulse_4w_bp,-0.02426377982,-0.2337221448,0.35,-0.7045740364,-0.1531399903,0.9540221895,0
primary,20,A3,2018,2018-07-19,2018-07-20,2018-08-16,0,0.1286181906,0.1286181906,0.1601815824,43.71681416,0.1931950074,False,0.03,none,reserve_impulse_4w_bp,-0.2281701814,-0.4636142061,-0.125,-0.1256311084,-0.235603874,0.07285780712,0
primary,20,A3,2018,2018-07-26,2018-07-27,2018-08-23,0,0.1098727331,0.1098727331,0.1601815824,37.69911504,0.1931950074,False,0.03,none,reserve_impulse_4w_bp,-0.327680344,-0.7247562674,-0.7,-0.3850189695,-0.5343638952,-0.02194373596,0
primary,20,A3,2018,2018-08-02,2018-08-03,2018-08-30,0,0.1164886446,0.1164886446,0.1601815824,38.76106195,0.1931950074,False,0.03,none,reserve_impulse_4w_bp,-0.203139539,-0.90329039,-0.475,-0.2186884546,-0.4500295959,-0.08720367318,0
primary,20,A3,2018,2018-08-09,2018-08-10,2018-09-07,0,0.1165278512,0.1165278512,0.1601815824,38.76106195,0.1931950074,False,0.03,none,reserve_impulse_4w_bp,-0.2085311913,-0.6164693593,-0.35,-0.4795883394,-0.4136472225,0.2125521609,0
primary,20,A3,2018,2018-08-16,2018-08-17,2018-09-14,0,0.1502356938,0.1502356938,0.1601815824,56.63716814,0.1931950074,False,0.03,none,reserve_impulse_4w_bp,-0.09470860219,-0.3330431755,0,0.3063133251,-0.03035961316,0.3950414258,0
primary,20,A3,2018,2018-08-23,2018-08-24,2018-09-21,0,0.1316020016,0.1316020016,0.1601815824,45.30973451,0.1931950074,False,0.03,none,reserve_impulse_4w_bp,-0.1623430281,-0.2337221448,0.25,-0.4328592935,-0.1447311166,0.5443653369,0
primary,20,A3,2018,2018-08-30,2018-08-31,2018-09-28,0,0.1466915195,0.1466915195,0.1601815824,54.86725664,0.1931950074,False,0.03,none,reserve_impulse_4w_bp,-0.2457277472,-0.2191852368,-0.1,0.08959696066,-0.1188290058,1.010807039,0
primary,20,A3,2018,2018-09-06,2018-09-07,2018-10-04,0,0.1520616216,0.1520616216,0.1601815824,58.40707965,0.1931950074,False,0.03,none,reserve_impulse_4w_bp,-0.077077051,0.007311977716,-0.1,0.1601703696,-0.002398675918,0.8119096859,0
primary,20,A3,2018,2018-09-13,2018-09-14,2018-10-11,1,0.1083127561,0.1083127561,0.1601815824,37.69911504,0.1931950074,False,0.03,none,reserve_impulse_4w_bp,-0.246762719,-0.4011142061,-0.225,-0.6947939983,-0.3919177309,-0.01074544354,0
primary,20,A3,2018,2018-09-20,2018-09-21,2018-10-18,1,0.1229961335,0.1229961335,0.1601815824,40.53097345,0.1931950074,False,0.03,none,reserve_impulse_4w_bp,-0.4700029816,-0.4691852368,-0.1,-0.3729702367,-0.3530396138,0.9508960198,0
primary,20,A3,2018,2018-09-27,2018-09-28,2018-10-25,1,0.125934833,0.125934833,0.1601815824,42.47787611,0.1931950074,False,0.03,none,reserve_impulse_4w_bp,-0.3856232643,-0.5227193593,0.475,-0.08767100896,-0.1302534081,0.5301591355,0
primary,20,A3,2018,2018-10-04,2018-10-05,2018-11-01,1,0.1490060049,0.1490060049,0.1601815824,55.92920354,0.1931950074,False,0.03,none,reserve_impulse_4w_bp,-0.1434948337,-0.77829039,0.575,0.277426686,-0.01733963441,0.7315705692,0
primary,20,A3,2018,2018-10-11,2018-10-12,2018-11-08,1,0.3593442171,0.3593442171,0.1601815824,98.76106195,0.1931950074,True,0.03,none,reserve_impulse_4w_bp,0.8536435229,-0.4803272981,1.7,2.827820445,1.225284167,0.5592443129,0.6852332023
primary,20,A3,2018,2018-10-18,2018-10-19,2018-11-15,1,0.1429453494,0.1429453494,0.1601815824,52.03539823,0.1931950074,False,0.03,none,reserve_impulse_4w_bp,0.717165675,-0.3754352368,1.475,-0.7625331867,0.2635493129,-0.05221784685,0
primary,20,A3,2018,2018-10-25,2018-10-26,2018-11-23,0,0.2435025109,0.2435025109,0.1601815824,94.33628319,0.1931950074,True,0.03,none,reserve_impulse_4w_bp,0.9647307132,0.1545961003,1,1.399178208,0.8796262553,0.1948006152,0.1713517357
primary,20,A3,2018,2018-11-01,2018-11-02,2018-11-30,0,0.168347439,0.168347439,0.1601815824,73.62831858,0.1931950074,False,0.03,none,reserve_impulse_4w_bp,0.8938919422,0.3331302228,0.875,-0.7995336059,0.3256221398,0.8025335026,0.2613226764
primary,20,A3,2018,2018-11-08,2018-11-09,2018-12-10,1,0.1344823052,0.1344823052,0.1601815824,46.90265487,0.1931950074,False,0.03,none,reserve_impulse_4w_bp,0.4521571504,-0.01836699164,-0.2,-0.491821626,-0.06450786681,0.6197646076,0
primary,20,A3,2018,2018-11-15,2018-11-16,2018-12-17,1,0.2210440869,0.2210440869,0.1601815824,91.68141593,0.1931950074,True,0.03,none,reserve_impulse_4w_bp,0.9288527805,0.3978064067,0.375,0.9437229266,0.6613455285,0.4148388798,0.2743518382
primary,20,A3,2018,2018-11-22,2018-11-23,2018-12-21,0,0.2227315252,0.2227315252,0.1601815824,91.68141593,0.1931950074,True,0.03,none,reserve_impulse_4w_bp,1.414855296,0.3486246518,0.725,0.4849324928,0.7433531101,0.3395719006,0.2524218284
primary,20,A3,2018,2018-11-29,2018-11-30,2018-12-31,1,0.1611914799,0.1611914799,0.1601815824,67.25663717,0.1931950074,False,0.03,none,reserve_impulse_4w_bp,0.9524995494,0.407729805,0.275,-0.2337717807,0.3503643934,0.1966214209,0.06888914487
primary,20,A3,2018,2018-12-06,2018-12-07,2019-01-07,1,0.2733323822,0.2733323822,0.1601815824,96.63716814,0.1931950074,True,0.03,none,reserve_impulse_4w_bp,1.163108914,0.7369428969,0.275,0.8400510951,0.7537757265,1.11310689,0.8390329549
primary,20,A3,2018,2018-12-13,2018-12-14,2019-01-14,1,0.2121950936,0.2121950936,0.1601815824,89.55752212,0.1931950074,True,0.03,none,reserve_impulse_4w_bp,1.423429725,0.2938718663,0.275,0.1909618685,0.5458158651,0.6016567578,0.3283938037
primary,20,A3,2018,2018-12-20,2018-12-21,2019-01-22,1,0.5764935419,0.5764935419,0.1601815824,100,0.1931950074,True,0.03,none,reserve_impulse_4w_bp,2.347282299,0.1543349582,0.95,2.408169937,1.464946799,1.77701794,2.603236742
primary,20,A3,2018,2018-12-27,2018-12-28,2019-01-28,0,0.3794984055,0.3794984055,0.1601815824,99.2920354,0.1931950074,True,0.03,none,reserve_impulse_4w_bp,2.235398847,0.2190111421,0.95,1.221117975,1.156381991,1.185560034,1.370960272
primary,20,A3,2019,2019-01-03,2019-01-04,2019-02-01,0,0.3790573831,0.3790573831,0.1646415553,99.35170178,0.1940043067,True,0.03,none,reserve_impulse_4w_bp,2.438267924,0.5982025066,1.625,-0.3057686946,1.088925434,1.558523214,1.697115567
primary,20,A3,2019,2019-01-10,2019-01-11,2019-02-08,0,0.1920411481,0.1920411481,0.1646415553,84.44084279,0.1940043067,False,0.03,none,reserve_impulse_4w_bp,1.392127292,0.4102902375,0.625,-0.9906966314,0.3591802244,1.062864293,0.3817598352
primary,20,A3,2019,2019-01-17,2019-01-18,2019-02-15,0,0.1696319935,0.1696319935,0.1646415553,73.25769854,0.1940043067,False,0.03,none,reserve_impulse_4w_bp,1.182963241,0.5357025066,-0.375,-0.1474255629,0.2990600461,0.3096603614,0.09260704198
primary,20,A3,2019,2019-01-24,2019-01-25,2019-02-22,0,0.1725494078,0.1725494078,0.1646415553,76.01296596,0.1940043067,False,0.03,none,reserve_impulse_4w_bp,1.001726635,0.05598614776,-0.875,0.3778440428,0.1401392063,0.6141074914,0.08606053642
primary,20,A3,2019,2019-01-31,2019-02-01,2019-03-01,0,0.1238283894,0.1238283894,0.1646415553,38.08752026,0.1940043067,False,0.03,none,reserve_impulse_4w_bp,0.7470078314,-0.3190138522,-1.25,-0.4268155206,-0.3122053853,0.007346543667,0
primary,20,A3,2019,2019-02-07,2019-02-08,2019-03-08,0,0.1382734318,0.1382734318,0.1646415553,47.81199352,0.1940043067,False,0.03,none,reserve_impulse_4w_bp,0.9129550131,-0.4602572559,-1.25,0.0005050688712,-0.1991992935,0.09249151297,0
primary,20,A3,2019,2019-02-14,2019-02-15,2019-03-15,0,0.1272198913,0.1272198913,0.1646415553,40.51863857,0.1940043067,False,0.03,none,reserve_impulse_4w_bp,0.5083612872,-0.6842843008,-1.125,0.001161658404,-0.3249403388,-0.0777860703,0
primary,20,A3,2019,2019-02-21,2019-02-22,2019-03-21,0,0.1161420121,0.1161420121,0.1646415553,35.8184765,0.1940043067,False,0.03,none,reserve_impulse_4w_bp,0.1399559416,-0.5803924802,-0.625,-0.4473475803,-0.3781960297,-0.0672435003,0
primary,20,A3,2019,2019-02-28,2019-03-01,2019-03-28,0,0.1232866225,0.1232866225,0.1646415553,37.76337115,0.1940043067,False,0.03,none,reserve_impulse_4w_bp,0.3216663195,-0.5073383905,-0.5,0.005388074718,-0.1700709991,-0.8476786966,0
primary,20,A3,2019,2019-03-07,2019-03-08,2019-04-04,0,0.1364934079,0.1364934079,0.1646415553,46.19124797,0.1940043067,False,0.03,none,reserve_impulse_4w_bp,0.2483934752,-0.2260883905,-0.25,0.4322177372,0.05113070549,-0.9061150879,0
primary,20,A3,2019,2019-03-14,2019-03-15,2019-04-11,0,0.106670206,0.106670206,0.1646415553,34.84602917,0.1940043067,False,0.03,none,reserve_impulse_4w_bp,-0.1693300438,-0.1583113456,-0.25,-0.785824535,-0.3408664811,-0.8457711911,0
primary,20,A3,2019,2019-03-21,2019-03-22,2019-04-18,0,0.1087602057,0.1087602057,0.1646415553,34.84602917,0.1940043067,False,0.03,none,reserve_impulse_4w_bp,-1.006154879,0.07626978892,-0.25,-0.1086504156,-0.3221338763,-0.02060306186,0
primary,20,A3,2019,2019-03-28,2019-03-29,2019-04-26,0,0.1307292569,0.1307292569,0.1646415553,42.13938412,0.1940043067,False,0.03,none,reserve_impulse_4w_bp,-0.4696804383,-0.02275725594,6.938893904e-17,0.08237875317,-0.1025147353,0.6314969467,0
primary,20,A3,2019,2019-04-04,2019-04-05,2019-05-03,0,0.1262389656,0.1262389656,0.1646415553,40.03241491,0.1940043067,False,0.03,none,reserve_impulse_4w_bp,-0.6091141936,-0.2053924802,-0.25,-0.3154235912,-0.3449825663,1.317750198,0
primary,20,A3,2019,2019-04-11,2019-04-12,2019-05-10,0,0.1247362771,0.1247362771,0.1646415553,39.38411669,0.1940043067,False,0.03,none,reserve_impulse_4w_bp,-0.544895963,-0.3096965699,6.938893904e-17,-0.2915116105,-0.2865260359,0.7679258098,0
primary,20,A3,2019,2019-04-18,2019-04-22,2019-05-17,0,0.1255960104,0.1255960104,0.1646415553,40.03241491,0.1940043067,False,0.03,none,reserve_impulse_4w_bp,-0.53678784,-0.6956629288,6.938893904e-17,-0.4286660929,-0.4152792154,1.245900959,0
primary,20,A3,2019,2019-04-25,2019-04-26,2019-05-23,0,0.1426756865,0.1426756865,0.1646415553,50.89141005,0.1940043067,False,0.03,none,reserve_impulse_4w_bp,-0.6346685703,-0.6278858839,-0.25,0.0806211135,-0.3579833352,1.98882469,0
primary,20,A3,2019,2019-05-02,2019-05-03,2019-05-31,1,0.1691517869,0.1691517869,0.1646415553,73.09562399,0.1940043067,False,0.03,none,reserve_impulse_4w_bp,-0.2996174103,-0.5812170185,0.5,0.1585734431,-0.05556524643,2.134304577,0
primary,20,A3,2019,2019-05-09,2019-05-10,2019-06-07,0,0.2594737774,0.2594737774,0.1646415553,96.1102107,0.1940043067,True,0.03,none,reserve_impulse_4w_bp,-0.02110020825,-0.2995547493,0.75,1.191047351,0.4050980984,1.947779029,0.7890415809
primary,20,A3,2019,2019-05-16,2019-05-17,2019-06-14,0,0.130555734,0.130555734,0.1646415553,42.13938412,0.1940043067,False,0.03,none,reserve_impulse_4w_bp,0.04214615638,0.2791886544,0.625,-0.8192742362,0.03176514362,0.126012885,0.00400281739
primary,20,A3,2019,2019-05-23,2019-05-24,2019-06-21,0,0.174378923,0.174378923,0.1646415553,77.47163695,0.1940043067,False,0.03,none,reserve_impulse_4w_bp,0.3612357149,0.2479386544,1.375,0.4162353379,0.6001024268,-0.7115574194,0
primary,20,A3,2019,2019-05-30,2019-05-31,2019-06-27,0,0.1783814429,0.1783814429,0.1646415553,79.74068071,0.1940043067,False,0.03,none,reserve_impulse_4w_bp,0.5208436593,0.5973779683,1.75,0.1812732584,0.7623737215,-0.9028095285,0
primary,20,A3,2019,2019-06-06,2019-06-07,2019-07-05,0,0.1352298255,0.1352298255,0.1646415553,45.21880065,0.1940043067,False,0.03,none,reserve_impulse_4w_bp,0.2279146787,0.8482025066,0.25,-0.2710199563,0.2637743073,-0.8305873523,0
primary,20,A3,2019,2019-06-13,2019-06-14,2019-07-12,0,0.1304922753,0.1304922753,0.1646415553,42.13938412,0.1940043067,False,0.03,none,reserve_impulse_4w_bp,0.08618986645,0.4208443272,-0.375,-0.01647130603,0.0288907219,-1.141278274,0
primary,20,A3,2019,2019-06-20,2019-06-21,2019-07-19,0,0.1301616645,0.1301616645,0.1646415553,41.97730956,0.1940043067,False,0.03,none,reserve_impulse_4w_bp,-0.2721457624,0.4208443272,-0.75,-0.2852386551,-0.2216350226,0.4219357203,0
primary,20,A3,2019,2019-06-27,2019-06-28,2019-07-26,0,0.1274397663,0.1274397663,0.1646415553,40.51863857,0.1940043067,False,0.03,none,reserve_impulse_4w_bp,0.01229778868,-0.1266490765,-1.25,0.2285961914,-0.2839387741,0.360342203,0
primary,20,A3,2019,2019-07-04,2019-07-05,2019-08-01,0,0.1083642975,0.1083642975,0.1646415553,34.84602917,0.1940043067,False,0.03,none,reserve_impulse_4w_bp,-0.2916400462,-0.6112302111,-0.75,-0.8793653103,-0.6330588919,0.6745156726,0
primary,20,A3,2019,2019-07-11,2019-07-12,2019-08-08,1,0.1354112704,0.1354112704,0.1646415553,45.70502431,0.1940043067,False,0.03,none,reserve_impulse_4w_bp,-0.2795647821,-0.6323383905,-0.5,-0.1062786122,-0.3795454462,1.091117845,0
primary,20,A3,2019,2019-07-18,2019-07-19,2019-08-15,1,0.1266991377,0.1266991377,0.1646415553,40.35656402,0.1940043067,False,0.03,none,reserve_impulse_4w_bp,-0.1729501364,-0.6688654354,-0.375,-0.01752386955,-0.3085848603,-0.1418369758,0
primary,20,A3,2019,2019-07-25,2019-07-26,2019-08-22,1,0.117832345,0.117832345,0.1646415553,36.14262561,0.1940043067,False,0.03,none,reserve_impulse_4w_bp,-0.1956996981,-0.7163588391,-0.375,-0.3574372401,-0.4111239443,-0.1849771063,0
primary,20,A3,2019,2019-08-01,2019-08-02,2019-08-29,0,0.1830353665,0.1830353665,0.1646415553,81.03727715,0.1940043067,False,0.03,none,reserve_impulse_4w_bp,-0.06070760509,-0.6956629288,0.25,1.204738758,0.1745920561,0.2556440827,0.04463342602
primary,20,A3,2019,2019-08-08,2019-08-09,2019-09-06,0,0.144289226,0.144289226,0.1646415553,51.86385737,0.1940043067,False,0.03,none,reserve_impulse_4w_bp,-0.09967261365,-0.2053924802,0.75,-0.1223155589,0.0806548368,-0.3047898264,0
primary,20,A3,2019,2019-08-15,2019-08-16,2019-09-13,0,0.2300598724,0.2300598724,0.1646415553,92.5445705,0.1940043067,True,0.03,none,reserve_impulse_4w_bp,0.4623087783,-0.1741424802,1.5,1.240786534,0.7572382079,0.07729700083,0.05853224239
primary,20,A3,2019,2019-08-22,2019-08-23,2019-09-20,0,0.1402637825,0.1402637825,0.1646415553,49.10858995,0.1940043067,False,0.03,none,reserve_impulse_4w_bp,-0.1317204873,0.1801616095,1.25,-0.8724337451,0.1065018443,0.1247168532,0.01328257488
primary,20,A3,2019,2019-08-29,2019-08-30,2019-09-27,0,0.1674993963,0.1674993963,0.1646415553,71.79902755,0.1940043067,False,0.03,none,reserve_impulse_4w_bp,-0.01068159305,0.2791886544,0.75,0.3891878897,0.3519237377,-0.1467445819,0
primary,20,A3,2019,2019-09-05,2019-09-06,2019-10-03,0,0.1451222569,0.1451222569,0.1646415553,52.51215559,0.1940043067,False,0.03,none,reserve_impulse_4w_bp,-0.1179554362,0.07626978892,-0.375,-0.2988149064,-0.1788751384,1.274127138,0
primary,20,A3,2019,2019-09-12,2019-09-13,2019-10-10,1,0.123355747,0.123355747,0.1646415553,37.76337115,0.1940043067,False,0.03,none,reserve_impulse_4w_bp,-0.1833092404,-0.1794195251,-1.25,-0.5231402354,-0.5339672502,0.7021641317,0
primary,20,A3,2019,2019-09-19,2019-09-20,2019-10-17,1,0.149899587,0.149899587,0.1646415553,55.91572123,0.1940043067,False,0.03,none,reserve_impulse_4w_bp,-0.1539123153,-0.3880277045,-1,-0.1437183574,-0.4214145943,1.733088287,0
primary,20,A3,2019,2019-09-26,2019-09-27,2019-10-24,0,0.1533325082,0.1533325082,0.1646415553,59.31928687,0.1940043067,False,0.03,none,reserve_impulse_4w_bp,0.1457362036,-0.3462236148,-0.875,0.442109006,-0.1583446013,1.020755592,0
primary,20,A3,2019,2019-10-03,2019-10-04,2019-10-31,0,0.1997539534,0.1997539534,0.1646415553,86.22366288,0.1940043067,True,0.03,none,reserve_impulse_4w_bp,0.5563098565,-0.2208113456,1.125,0.8538189267,0.5785793594,-0.3866725919,0
primary,20,A3,2019,2019-10-10,2019-10-11,2019-11-07,0,0.1502312921,0.1502312921,0.1646415553,56.07779579,0.1940043067,False,0.03,none,reserve_impulse_4w_bp,0.4291273211,0.1075197889,0.75,-0.2020477512,0.2711498397,-0.8675004931,0
primary,20,A3,2019,2019-10-17,2019-10-18,2019-11-14,0,0.1142590516,0.1142590516,0.1646415553,35.49432739,0.1940043067,False,0.03,none,reserve_impulse_4w_bp,0.2472866619,-0.02316952507,6.938893904e-17,-0.9103199712,-0.1715507086,-1.035514125,0
primary,20,A3,2019,2019-10-24,2019-10-25,2019-11-21,0,0.1324660405,0.1324660405,0.1646415553,43.43598055,0.1940043067,False,0.03,none,reserve_impulse_4w_bp,0.1340592245,-0.2317777045,-0.375,-0.1470760553,-0.1549486338,-0.2759360373,0
primary,20,A3,2019,2019-10-31,2019-11-01,2019-11-29,0,0.1175236567,0.1175236567,0.1646415553,36.14262561,0.1940043067,False,0.03,none,reserve_impulse_4w_bp,-0.215704461,-0.4558047493,-0.875,-0.2640035395,-0.4526281875,0.0533655675,0
primary,20,A3,2019,2019-11-07,2019-11-08,2019-12-06,0,0.1169193898,0.1169193898,0.1646415553,35.98055105,0.1940043067,False,0.03,none,reserve_impulse_4w_bp,-0.5370207206,-0.6591358839,-0.25,-0.2957804526,-0.4354842643,0.0244467023,0
primary,20,A3,2019,2019-11-14,2019-11-15,2019-12-13,0,0.1168435156,0.1168435156,0.1646415553,35.98055105,0.1940043067,False,0.03,none,reserve_impulse_4w_bp,-0.3510803168,-0.5499670185,-0.125,-0.1068038838,-0.2832128048,-0.8604728976,0
primary,20,A3,2019,2019-11-21,2019-11-22,2019-12-20,0,0.1191607362,0.1191607362,0.1646415553,36.46677472,0.1940043067,False,0.03,none,reserve_impulse_4w_bp,-0.4478894395,-0.2423317942,0.25,-0.1514600531,-0.1479203217,-0.9309191668,0
primary,20,A3,2019,2019-11-28,2019-11-29,2019-12-27,0,0.1070147939,0.1070147939,0.1646415553,34.84602917,0.1940043067,False,0.03,none,reserve_impulse_4w_bp,-0.5525386209,-0.3937170185,-0.125,-0.5441733235,-0.4038572407,-0.5189098661,0
primary,20,A3,2019,2019-12-05,2019-12-06,2020-01-06,0,0.1440147223,0.1440147223,0.1646415553,51.70178282,0.1940043067,False,0.03,none,reserve_impulse_4w_bp,-0.1981873753,-0.2999670185,0.375,0.4973534391,0.09354976133,-0.750456993,0
primary,20,A3,2019,2019-12-12,2019-12-13,2020-01-13,0,0.109233487,0.109233487,0.1646415553,34.84602917,0.1940043067,False,0.03,none,reserve_impulse_4w_bp,-0.402694266,-0.4619063325,-0.25,-0.2360025213,-0.3376507799,-1.509899526,0
primary,20,A3,2019,2019-12-19,2019-12-20,2020-01-21,0,0.0967061432,0.0967061432,0.1646415553,34.19773096,0.1940043067,False,0.03,none,reserve_impulse_4w_bp,-0.6093785504,-0.8373186016,-0.625,-0.5079962504,-0.6449233506,-1.189060744,0
primary,20,A3,2019,2019-12-26,2019-12-27,2020-01-27,0,0.09091953057,0.09091953057,0.1646415553,33.87358185,0.1940043067,False,0.03,none,reserve_impulse_4w_bp,-0.8744615518,-0.7175956464,-0.375,-0.1680505554,-0.5337769384,-1.390952009,0
primary,20,A3,2020,2020-01-02,2020-01-03,2020-01-31,0,0.1113896136,0.1113896136,0.1683789954,30.25889968,0.1976032602,False,0.03,none,reserve_impulse_4w_bp,-0.9625875955,-0.6761363636,-0.575,-0.2615155556,-0.6188098787,0.5331137609,0
primary,20,A3,2020,2020-01-09,2020-01-10,2020-02-07,0,0.111770818,0.111770818,0.1683789954,30.42071197,0.1976032602,False,0.03,none,reserve_impulse_4w_bp,-0.9418432318,-0.1988636364,-0.325,-0.205177925,-0.4177211983,0.1778425651,0
primary,20,A3,2020,2020-01-16,2020-01-17,2020-02-14,0,0.1003682648,0.1003682648,0.1683789954,23.62459547,0.1976032602,False,0.03,none,reserve_impulse_4w_bp,-1.012680837,-0.1590909091,-0.2,-0.2800299188,-0.4129504161,-0.4723465297,0
primary,20,A3,2020,2020-01-23,2020-01-24,2020-02-21,0,0.1192539295,0.1192539295,0.1683789954,34.14239482,0.1976032602,False,0.03,none,reserve_impulse_4w_bp,-0.9829064727,-0.2755681818,0.025,-0.05341208183,-0.3217216841,0.4495477806,0
primary,20,A3,2020,2020-01-30,2020-01-31,2020-02-28,1,0.1262168541,0.1262168541,0.1683789954,36.89320388,0.1976032602,False,0.03,none,reserve_impulse_4w_bp,-0.6410679901,-0.01136363636,0.25,0.499831354,0.0243499319,-0.7123651519,0
primary,20,A3,2020,2020-02-06,2020-02-07,2020-03-06,1,0.1116753557,0.1116753557,0.1683789954,30.42071197,0.1976032602,False,0.03,none,reserve_impulse_4w_bp,-0.8482320468,-0.15625,-0.1,-0.1632492926,-0.3169328349,0.05188796932,0
primary,20,A3,2020,2020-02-13,2020-02-14,2020-03-13,1,0.1050214106,0.1050214106,0.1683789954,26.05177994,0.1976032602,False,0.03,none,reserve_impulse_4w_bp,-0.8937696892,-0.06818181818,0.025,-0.2764227298,-0.3033435593,-0.2381702511,0
primary,20,A3,2020,2020-02-20,2020-02-21,2020-03-19,1,0.1124140688,0.1124140688,0.1683789954,30.58252427,0.1976032602,False,0.03,none,reserve_impulse_4w_bp,-0.8977951573,0.01988636364,-0.1,0.2778184692,-0.1750225811,-0.5573949589,0
primary,20,A3,2020,2020-02-27,2020-02-28,2020-03-26,0,0.3661101686,0.3661101686,0.1683789954,99.35275081,0.1976032602,True,0.03,none,reserve_impulse_4w_bp,1.108272926,0.3238636364,1.45,4.4167793,1.824728965,-0.7673633203,0
primary,20,A3,2020,2020-03-05,2020-03-06,2020-04-02,1,0.2289002616,0.2289002616,0.1683789954,92.23300971,0.1976032602,True,0.03,none,reserve_impulse_4w_bp,0.8984611981,1.258522727,1.475,1.728759429,1.340185839,-0.9274017139,0
primary,20,A3,2020,2020-03-12,2020-03-13,2020-04-09,1,0.6455339145,0.6455339145,0.1683789954,100,0.1976032602,True,0.03,none,reserve_impulse_4w_bp,3.531379907,3.210227273,1.7,6.094068827,3.633919002,-0.955349282,0
primary,20,A3,2020,2020-03-19,2020-03-20,2020-04-17,1,0.387456194,0.387456194,0.1683789954,99.51456311,0.1976032602,True,0.03,none,reserve_impulse_4w_bp,3.962503586,3.719261364,1.7,2.564254394,2.986504836,-3.25190676,0
primary,20,A3,2020,2020-03-26,2020-03-27,2020-04-24,0,0.1360294473,0.1360294473,0.1683789954,42.7184466,0.1976032602,False,0.03,none,reserve_impulse_4w_bp,2.896714728,3.901079545,0.7,1.268099438,2.191473428,-7.617312626,0
primary,20,A3,2020,2020-04-02,2020-04-03,2020-05-01,0,0.1245096154,0.1245096154,0.1683789954,36.08414239,0.1976032602,False,0.03,none,reserve_impulse_4w_bp,3.354576531,3.810170455,0.825,0.5774765766,2.14180589,-8.336313388,0
primary,20,A3,2020,2020-04-09,2020-04-13,2020-05-08,0,0.08261849424,0.08261849424,0.1683789954,10.67961165,0.1976032602,False,0.03,none,reserve_impulse_4w_bp,2.175845326,3.110795455,0.475,-0.05496695527,1.426668456,-8.336313388,0
primary,20,A3,2020,2020-04-16,2020-04-17,2020-05-14,0,0.09017659285,0.09017659285,0.1683789954,17.96116505,0.1976032602,False,0.03,none,reserve_impulse_4w_bp,2.198789209,-1.002840909,0.025,1.345803256,0.6416878889,-8.336313388,0
primary,20,A3,2020,2020-04-23,2020-04-24,2020-05-21,0,0.1185771807,0.1185771807,0.1683789954,33.98058252,0.1976032602,False,0.03,none,reserve_impulse_4w_bp,2.111672859,-1.778011364,-0.2,2.016235173,0.5374741671,-6.79147544,0
primary,20,A3,2020,2020-04-30,2020-05-01,2020-05-29,0,0.09126269503,0.09126269503,0.1683789954,18.77022654,0.1976032602,False,0.03,none,reserve_impulse_4w_bp,1.60881887,-1.812102273,-0.875,-0.2312086764,-0.3273730198,-3.90704435,0
primary,20,A3,2020,2020-05-07,2020-05-08,2020-06-05,1,0.1362071831,0.1362071831,0.1683789954,42.8802589,0.1976032602,False,0.03,none,reserve_impulse_4w_bp,1.849479563,-0.8892045455,-0.3,0.5152606956,0.2938839283,-3.045010205,0
primary,20,A3,2020,2020-05-14,2020-05-15,2020-06-12,0,0.2185395375,0.2185395375,0.1683789954,90.93851133,0.1976032602,True,0.03,none,reserve_impulse_4w_bp,2.025450447,0.8664772727,-0.275,1.395342831,1.003067638,-1.434920659,0
primary,20,A3,2020,2020-05-21,2020-05-22,2020-06-19,0,0.14040397,0.14040397,0.1683789954,45.63106796,0.1976032602,False,0.03,none,reserve_impulse_4w_bp,1.037397642,0.2585227273,-0.825,0.3082396607,0.1947900074,-1.467029094,0
primary,20,A3,2020,2020-05-28,2020-05-29,2020-06-25,0,0.1461137234,0.1461137234,0.1683789954,50,0.1976032602,False,0.03,none,reserve_impulse_4w_bp,0.3958329059,-0.03409090909,-0.325,0.6851372806,0.1804698194,-1.091381946,0
primary,20,A3,2020,2020-06-04,2020-06-05,2020-07-02,1,0.1158181334,0.1158181334,0.1683789954,32.03883495,0.1976032602,False,0.03,none,reserve_impulse_4w_bp,-0.3009039105,-0.5852272727,-0.7,0.1154752076,-0.3676639939,-0.6400651625,0
primary,20,A3,2020,2020-06-11,2020-06-12,2020-07-10,0,0.3048534767,0.3048534767,0.1683789954,98.05825243,0.1976032602,True,0.03,none,reserve_impulse_4w_bp,-0.7704813365,-1.551136364,-0.125,4.528346719,0.5204322548,0.5074205242,0.2640780075
primary,20,A3,2020,2020-06-18,2020-06-19,2020-07-17,0,0.1356516627,0.1356516627,0.1683789954,42.5566343,0.1976032602,False,0.03,none,reserve_impulse_4w_bp,-1.041206827,-0.9204545455,-0.2,-0.4418637143,-0.6508812718,1.59361983,0
primary,20,A3,2020,2020-06-25,2020-06-26,2020-07-24,0,0.1883435879,0.1883435879,0.1683789954,80.09708738,0.1976032602,False,0.03,none,reserve_impulse_4w_bp,-0.9510985826,-0.4403409091,0.25,0.9789580643,-0.04062035684,2.552312376,0
primary,20,A3,2020,2020-07-02,2020-07-06,2020-07-31,0,0.1609156586,0.1609156586,0.1683789954,62.78317152,0.1976032602,False,0.03,none,reserve_impulse_4w_bp,-0.9815255382,-0.1590909091,0.025,-0.119416866,-0.3087583283,2.62239797,0
primary,20,A3,2020,2020-07-09,2020-07-10,2020-08-06,0,0.2685952931,0.2685952931,0.1683789954,97.08737864,0.1976032602,True,0.03,none,reserve_impulse_4w_bp,-0.5334611447,-0.1022727273,0.475,1.25058391,0.2724625096,2.509192023,0.6836607554
primary,20,A3,2020,2020-07-16,2020-07-17,2020-08-13,0,0.1736547036,0.1736547036,0.1683789954,73.46278317,0.1976032602,False,0.03,none,reserve_impulse_4w_bp,-1.151839954,-0.3551136364,0.025,0.5787746001,-0.2257947475,2.263749226,0
primary,20,A3,2020,2020-07-23,2020-07-24,2020-08-20,0,0.157673738,0.157673738,0.1683789954,60.51779935,0.1976032602,False,0.03,none,reserve_impulse_4w_bp,-0.8681159068,-0.7869318182,-0.475,0.3112752881,-0.4546931092,1.873390824,0
primary,20,A3,2020,2020-07-30,2020-07-31,2020-08-27,0,0.151415941,0.151415941,0.1683789954,55.66343042,0.1976032602,False,0.03,none,reserve_impulse_4w_bp,-0.8820050979,-0.7869318182,-0.1,0.3446375523,-0.356074841,1.213970972,0
primary,20,A3,2020,2020-08-06,2020-08-07,2020-09-03,0,0.118690524,0.118690524,0.1683789954,33.98058252,0.1976032602,False,0.03,none,reserve_impulse_4w_bp,-1.361648583,-0.4857954545,-0.35,0.03732932535,-0.540028678,0.4190866473,0
primary,20,A3,2020,2020-08-13,2020-08-14,2020-09-11,0,0.114761672,0.114761672,0.1683789954,31.39158576,0.1976032602,False,0.03,none,reserve_impulse_4w_bp,-1.30869482,-0.4460227273,-0.1,0.3295723167,-0.3812863076,-0.6431404659,0
primary,20,A3,2020,2020-08-20,2020-08-21,2020-09-18,0,0.1249428665,0.1249428665,0.1683789954,36.08414239,0.1976032602,False,0.03,none,reserve_impulse_4w_bp,-1.043215227,0.2357954545,-0.1,0.5988215952,-0.0771495443,-1.097257037,0
primary,20,A3,2020,2020-08-27,2020-08-28,2020-09-25,1,0.1290406674,0.1290406674,0.1683789954,38.83495146,0.1976032602,False,0.03,none,reserve_impulse_4w_bp,-1.275881704,0.2727272727,0.125,0.9577778248,0.01990584831,-1.290004812,0
primary,20,A3,2020,2020-09-03,2020-09-04,2020-10-02,1,0.2226846756,0.2226846756,0.1683789954,91.26213592,0.1976032602,True,0.03,none,reserve_impulse_4w_bp,-0.9370946777,0.2613636364,-0.1,3.104341752,0.5821526775,-0.6549824873,0
primary,20,A3,2020,2020-09-10,2020-09-11,2020-10-08,0,0.1429792493,0.1429792493,0.1683789954,47.73462783,0.1976032602,False,0.03,none,reserve_impulse_4w_bp,-0.5211838889,0.5710227273,0.475,0.15354968,0.1695971296,-0.5283054779,0
primary,20,A3,2020,2020-09-17,2020-09-18,2020-10-15,0,0.1527618302,0.1527618302,0.1683789954,56.31067961,0.1976032602,False,0.03,none,reserve_impulse_4w_bp,-0.5832191506,0.1846590909,0.35,0.06305806643,0.003624501681,-0.3126680569,0
primary,20,A3,2020,2020-09-24,2020-09-25,2020-10-22,0,0.2276688817,0.2276688817,0.1683789954,92.23300971,0.1976032602,True,0.03,none,reserve_impulse_4w_bp,-0.1341124532,0.1903409091,1.575,1.296156424,0.7318462201,0.1945121613,0.14235299
primary,20,A3,2020,2020-10-01,2020-10-02,2020-10-29,0,0.1796472286,0.1796472286,0.1683789954,77.34627832,0.1976032602,False,0.03,none,reserve_impulse_4w_bp,-0.5749176497,0.5113636364,0.575,0.3763923876,0.2219595936,0.7355566146,0.1632638472
primary,20,A3,2020,2020-10-08,2020-10-09,2020-11-05,1,0.1556981469,0.1556981469,0.1683789954,58.89967638,0.1976032602,False,0.03,none,reserve_impulse_4w_bp,-0.7415215244,0.1335227273,-0.35,0.6562134395,-0.07544633941,0.303597163,0
primary,20,A3,2020,2020-10-15,2020-10-16,2020-11-12,1,0.150899418,0.150899418,0.1683789954,55.50161812,0.1976032602,False,0.03,none,reserve_impulse_4w_bp,-0.7768226876,0.01136363636,-0.35,0.8938419526,-0.05540427464,-0.2494681444,0
primary,20,A3,2020,2020-10-22,2020-10-23,2020-11-19,1,0.1502292828,0.1502292828,0.1683789954,53.88349515,0.1976032602,False,0.03,none,reserve_impulse_4w_bp,-0.6654732895,-0.05681818182,-1.1,1.081149051,-0.1852856052,-0.2726850084,0
primary,20,A3,2020,2020-10-29,2020-10-30,2020-11-27,0,0.2728666575,0.2728666575,0.1683789954,97.24919094,0.1976032602,True,0.03,none,reserve_impulse_4w_bp,0.1724150198,-0.3125,1.1,3.449607316,1.102380584,-1.364453731,0
primary,20,A3,2020,2020-11-05,2020-11-06,2020-12-04,0,0.09611835752,0.09611835752,0.1683789954,21.6828479,0.1976032602,False,0.03,none,reserve_impulse_4w_bp,-0.633024429,-0.2727272727,-0.1,-1.019374895,-0.5062816492,-0.7711519252,0
primary,20,A3,2020,2020-11-12,2020-11-13,2020-12-11,0,0.1206724097,0.1206724097,0.1683789954,34.78964401,0.1976032602,False,0.03,none,reserve_impulse_4w_bp,-0.7507295988,-0.6335227273,-0.325,0.1973919854,-0.3779650851,-0.5514547982,0
primary,20,A3,2020,2020-11-19,2020-11-20,2020-12-18,0,0.1105326781,0.1105326781,0.1683789954,29.77346278,0.1976032602,False,0.03,none,reserve_impulse_4w_bp,-0.7115310916,-0.7869318182,-0.325,0.04201048569,-0.445363106,-0.9381456798,0
primary,20,A3,2020,2020-11-26,2020-11-27,2020-12-24,0,0.1034928056,0.1034928056,0.1683789954,24.91909385,0.1976032602,False,0.03,none,reserve_impulse_4w_bp,-0.8086137342,-1.051136364,-1.2,-0.006949060451,-0.7666747896,-0.5625442886,0
primary,20,A3,2020,2020-12-03,2020-12-04,2021-01-04,0,0.1060320927,0.1060320927,0.1683789954,27.34627832,0.1976032602,False,0.03,none,reserve_impulse_4w_bp,-1.240573507,-1.184659091,-0.35,0.3847950493,-0.5976093872,-0.7987445426,0
primary,20,A3,2020,2020-12-10,2020-12-11,2021-01-11,0,0.1155950454,0.1155950454,0.1683789954,32.03883495,0.1976032602,False,0.03,none,reserve_impulse_4w_bp,-1.223232512,-0.7471590909,0.025,0.7191529598,-0.3065596607,-1.020872501,0
primary,20,A3,2020,2020-12-17,2020-12-18,2021-01-19,0,0.1073174018,0.1073174018,0.1683789954,27.99352751,0.1976032602,False,0.03,none,reserve_impulse_4w_bp,-1.778152543,-0.5539772727,0.025,0.301450073,-0.5014199356,-0.8803554949,0
primary,20,A3,2020,2020-12-24,2020-12-28,2021-01-26,0,0.1050076824,0.1050076824,0.1683789954,26.05177994,0.1976032602,False,0.03,none,reserve_impulse_4w_bp,-1.338761972,-0.3409090909,0.025,0.3132468229,-0.3353560599,-0.9359671313,0
primary,20,A3,2020,2020-12-31,2021-01-04,2021-02-01,0,0.11410883,0.11410883,0.1683789954,31.06796117,0.1976032602,False,0.03,none,reserve_impulse_4w_bp,-1.486940957,-0.2698863636,0.025,0.7307718905,-0.2502638574,-0.2655873432,0
primary,20,A3,2021,2021-01-07,2021-01-08,2021-02-05,0,0.1317538078,0.1317538078,0.1740301724,49.55223881,0.1910177208,False,0.03,none,reserve_impulse_4w_bp,-1.185372341,-0.0300802139,-0.125,0.3217490058,-0.2546758873,-0.07058187945,0
primary,20,A3,2021,2021-01-14,2021-01-15,2021-02-12,0,0.1324551534,0.1324551534,0.1740301724,50.14925373,0.1910177208,False,0.03,none,reserve_impulse_4w_bp,-1.291617882,-0.550802139,0.125,0.6285066722,-0.2722283372,-0.1661881786,0
primary,20,A3,2021,2021-01-21,2021-01-22,2021-02-19,0,0.1150329353,0.1150329353,0.1740301724,38.80597015,0.1910177208,False,0.03,none,reserve_impulse_4w_bp,-1.384753542,-0.5915775401,-0.125,-0.05364309268,-0.5387435438,0.1965218171,0
primary,20,A3,2021,2021-01-28,2021-01-29,2021-02-26,0,0.1905253937,0.1905253937,0.1740301724,84.7761194,0.1910177208,False,0.03,none,reserve_impulse_4w_bp,-1.465659728,-0.2984625668,0.375,2.661229324,0.3180267572,-0.4943366555,0
primary,20,A3,2021,2021-02-04,2021-02-05,2021-03-05,0,0.08642748748,0.08642748748,0.1740301724,17.76119403,0.1910177208,False,0.03,none,reserve_impulse_4w_bp,-1.23480513,-0.4692513369,0.125,-1.336279017,-0.7288338711,-0.2092366641,0
primary,20,A3,2021,2021-02-11,2021-02-12,2021-03-12,0,0.1162389928,0.1162389928,0.1740301724,39.85074627,0.1910177208,False,0.03,none,reserve_impulse_4w_bp,-1.185405006,-0.0925802139,-0.25,0.2258243959,-0.3255402059,-0.5699434945,0
primary,20,A3,2021,2021-02-18,2021-02-19,2021-03-18,1,0.114239869,0.114239869,0.1740301724,38.50746269,0.1910177208,False,0.03,none,reserve_impulse_4w_bp,-1.137167282,-0.1390374332,-0.125,0.6549642684,-0.1865601118,-1.535474053,0
primary,20,A3,2021,2021-02-25,2021-02-26,2021-03-25,0,0.1843960627,0.1843960627,0.1740301724,81.94029851,0.1910177208,False,0.03,none,reserve_impulse_4w_bp,-0.6181216122,0.0297459893,0.375,2.080368478,0.4667482138,-0.9143539691,0
primary,20,A3,2021,2021-03-04,2021-03-05,2021-04-01,0,0.1308683981,0.1308683981,0.1740301724,48.95522388,0.1910177208,False,0.03,none,reserve_impulse_4w_bp,-0.2174721376,-0.2804144385,1,0.7088970605,0.3027526211,-2.167840537,0
primary,20,A3,2021,2021-03-11,2021-03-12,2021-04-09,0,0.07861553454,0.07861553454,0.1740301724,9.552238806,0.1910177208,False,0.03,none,reserve_impulse_4w_bp,-0.8952318209,-0.1457219251,0.125,-0.9696606743,-0.4714036051,-2.07370156,0
primary,20,A3,2021,2021-03-18,2021-03-19,2021-04-16,0,0.1124400337,0.1124400337,0.1740301724,37.91044776,0.1910177208,False,0.03,none,reserve_impulse_4w_bp,-0.6716818085,0.1530748663,0.375,0.2840174745,0.03510263308,-2.739936588,0
primary,20,A3,2021,2021-03-25,2021-03-26,2021-04-23,0,0.08337680407,0.08337680407,0.1740301724,14.62686567,0.1910177208,False,0.03,none,reserve_impulse_4w_bp,-0.549246012,-0.5678475936,-0.125,-0.112798996,-0.3387231504,-2.488088133,0
primary,20,A3,2021,2021-04-01,2021-04-05,2021-04-30,0,0.09337691326,0.09337691326,0.1740301724,25.82089552,0.1910177208,False,0.03,none,reserve_impulse_4w_bp,-0.9368007012,-0.5782085561,-1,-0.4056863869,-0.7301739111,-0.6121983712,0
primary,20,A3,2021,2021-04-08,2021-04-09,2021-05-06,0,0.08617369738,0.08617369738,0.1740301724,17.46268657,0.1910177208,False,0.03,none,reserve_impulse_4w_bp,-1.054797049,-0.9120989305,-0.75,-0.006139681404,-0.6807589152,-1.734314286,0
primary,20,A3,2021,2021-04-15,2021-04-16,2021-05-13,0,0.09956546421,0.09956546421,0.1740301724,29.25373134,0.1910177208,False,0.03,none,reserve_impulse_4w_bp,-1.271638009,-1.018382353,-0.375,-0.02912818715,-0.6735371373,-0.3394726011,0
primary,20,A3,2021,2021-04-22,2021-04-23,2021-05-20,0,0.1332761106,0.1332761106,0.1740301724,50.89552239,0.1910177208,False,0.03,none,reserve_impulse_4w_bp,-0.9727837006,-0.5307486631,-0.375,0.6073756514,-0.3177891781,0.2723276776,0
primary,20,A3,2021,2021-04-29,2021-04-30,2021-05-27,0,0.09324958427,0.09324958427,0.1740301724,25.82089552,0.1910177208,False,0.03,none,reserve_impulse_4w_bp,-1.24890391,-0.4301470588,-0.25,-0.111081492,-0.5100331152,-1.235545301,0
primary,20,A3,2021,2021-05-06,2021-05-07,2021-06-04,0,0.1296110965,0.1296110965,0.1740301724,48.35820896,0.1910177208,False,0.03,none,reserve_impulse_4w_bp,-0.9903427182,-0.2242647059,-0.25,0.3143750586,-0.2875580914,0.2818064399,0
primary,20,A3,2021,2021-05-13,2021-05-14,2021-06-11,0,0.1720082567,0.1720082567,0.1740301724,76.56716418,0.1910177208,False,0.03,none,reserve_impulse_4w_bp,-0.5683925781,-0.1427139037,0.25,1.397907104,0.2342001555,-0.08248390052,0
primary,20,A3,2021,2021-05-20,2021-05-21,2021-06-18,0,0.1152871223,0.1152871223,0.1740301724,38.95522388,0.1910177208,False,0.03,none,reserve_impulse_4w_bp,-0.713967965,-0.2309491979,-0.125,-0.1996053758,-0.3173806347,-0.2954786581,0
primary,20,A3,2021,2021-05-27,2021-05-28,2021-06-25,0,0.1056576042,0.1056576042,0.1740301724,32.68656716,0.1910177208,False,0.03,none,reserve_impulse_4w_bp,-1.005918599,-0.2830882353,6.938893904e-17,-0.7331295699,-0.5055341012,0.2456212848,0
primary,20,A3,2021,2021-06-03,2021-06-04,2021-07-01,0,0.1416922172,0.1416922172,0.1740301724,56.26865672,0.1910177208,False,0.03,none,reserve_impulse_4w_bp,-0.8390843323,-0.2830882353,0.25,0.3978292015,-0.1185858415,0.3320032819,0
primary,20,A3,2021,2021-06-10,2021-06-11,2021-07-09,0,0.1153692004,0.1153692004,0.1740301724,38.95522388,0.1910177208,False,0.03,none,reserve_impulse_4w_bp,-0.8092907699,-0.4709224599,-0.25,-0.3714446388,-0.4754144671,0.2542643771,0
primary,20,A3,2021,2021-06-17,2021-06-18,2021-07-16,0,0.1491602165,0.1491602165,0.1740301724,62.53731343,0.1910177208,False,0.03,none,reserve_impulse_4w_bp,-0.7979963298,-0.6463903743,1,0.450707877,0.001580293229,-0.4344971164,0
primary,20,A3,2021,2021-06-24,2021-06-25,2021-07-23,0,0.1287972236,0.1287972236,0.1740301724,48.20895522,0.1910177208,False,0.03,none,reserve_impulse_4w_bp,-0.8235045007,-0.5989304813,0.875,-0.3471159686,-0.2236377377,0.5182926741,0
primary,20,A3,2021,2021-07-01,2021-07-02,2021-07-30,0,0.1543454797,0.1543454797,0.1740301724,65.97014925,0.1910177208,False,0.03,none,reserve_impulse_4w_bp,-0.7535689334,-0.6691176471,0.25,-0.1172016978,-0.3224720696,1.936997838,0
primary,20,A3,2021,2021-07-08,2021-07-09,2021-08-05,0,0.175416944,0.175416944,0.1740301724,78.05970149,0.1910177208,False,0.03,none,reserve_impulse_4w_bp,-0.6181573063,-0.5401069519,1,0.902585507,0.1860803122,0.371736781,0.06917289627
primary,20,A3,2021,2021-07-15,2021-07-16,2021-08-12,0,0.1204330935,0.1204330935,0.1740301724,42.98507463,0.1910177208,False,0.03,none,reserve_impulse_4w_bp,-0.7049405113,-0.3228609626,0.125,-0.3264535793,-0.3073137633,-0.187757786,0
primary,20,A3,2021,2021-07-22,2021-07-23,2021-08-19,0,0.1250799592,0.1250799592,0.1740301724,45.82089552,0.1910177208,False,0.03,none,reserve_impulse_4w_bp,-0.586057417,-0.08856951872,-0.125,0.2519070868,-0.1369299622,-1.129539199,0
primary,20,A3,2021,2021-07-29,2021-07-30,2021-08-26,0,0.1004496156,0.1004496156,0.1740301724,29.40298507,0.1910177208,False,0.03,none,reserve_impulse_4w_bp,-0.7464441623,-0.0297459893,1.804112415e-16,0.1177031944,-0.1646217393,-2.694752725,0
primary,20,A3,2021,2021-08-05,2021-08-06,2021-09-02,0,0.1157583655,0.1157583655,0.1740301724,39.40298507,0.1910177208,False,0.03,none,reserve_impulse_4w_bp,-0.7576906629,-0.08856951872,-0.5,0.005775731217,-0.3351211126,-1.023830248,0
primary,20,A3,2021,2021-08-12,2021-08-13,2021-09-10,0,0.1073470144,0.1073470144,0.1740301724,34.47761194,0.1910177208,False,0.03,none,reserve_impulse_4w_bp,-0.8590104958,-0.04211229947,-0.5,-0.3519958225,-0.4382796544,-0.971562379,0
primary,20,A3,2021,2021-08-19,2021-08-20,2021-09-17,0,0.1731013205,0.1731013205,0.1740301724,77.01492537,0.1910177208,False,0.03,none,reserve_impulse_4w_bp,-0.5075726255,-0.2593582888,0.125,1.579200551,0.2343174092,-0.9942759419,0
primary,20,A3,2021,2021-08-26,2021-08-27,2021-09-24,0,0.1082371785,0.1082371785,0.1740301724,35.07462687,0.1910177208,False,0.03,none,reserve_impulse_4w_bp,-0.6399538886,-0.3997326203,-0.375,-0.3847598598,-0.4498615922,-1.077574611,0
primary,20,A3,2021,2021-09-02,2021-09-03,2021-10-01,1,0.1079779713,0.1079779713,0.1740301724,34.92537313,0.1910177208,False,0.03,none,reserve_impulse_4w_bp,-0.8045223744,-0.4348262032,-0.25,-0.4512824071,-0.4851577462,-0.8471852926,0
primary,20,A3,2021,2021-09-09,2021-09-10,2021-10-07,1,0.1465990921,0.1465990921,0.1740301724,60.14925373,0.1910177208,False,0.03,none,reserve_impulse_4w_bp,-0.5730972703,-0.5581550802,0.125,0.6631221083,-0.08578256055,-0.6910350365,0
primary,20,A3,2021,2021-09-16,2021-09-17,2021-10-14,0,0.1493451554,0.1493451554,0.1740301724,62.98507463,0.1910177208,False,0.03,none,reserve_impulse_4w_bp,-0.4665723584,-0.7098930481,0,0.1534494322,-0.2557539936,-0.4152276764,0
primary,20,A3,2021,2021-09-23,2021-09-24,2021-10-21,0,0.1645996304,0.1645996304,0.1740301724,72.98507463,0.1910177208,False,0.03,none,reserve_impulse_4w_bp,-0.2668826397,-0.6624331551,0.875,0.1598800303,0.02639105889,0.3832786012,0.01011512814
primary,20,A3,2021,2021-09-30,2021-10-01,2021-10-28,0,0.2477741282,0.2477741282,0.1740301724,95.37313433,0.1910177208,True,0.03,none,reserve_impulse_4w_bp,0.3477761821,-0.7032085561,1.625,1.352234399,0.6554505061,0.6307801683,0.4134451806
primary,20,A3,2021,2021-10-07,2021-10-08,2021-11-04,0,0.1574950443,0.1574950443,0.1740301724,68.35820896,0.1910177208,False,0.03,none,reserve_impulse_4w_bp,0.08945165356,-0.5685160428,1,-0.4973421899,0.005898355231,0.5248384717,0.003095683745
primary,20,A3,2021,2021-10-14,2021-10-15,2021-11-11,0,0.1481173317,0.1481173317,0.1740301724,61.79104478,0.1910177208,False,0.03,none,reserve_impulse_4w_bp,-0.0305380016,-0.567513369,0.75,-0.4743609875,-0.08060308951,0.2432983273,0
primary,20,A3,2021,2021-10-21,2021-10-22,2021-11-18,0,0.1367943479,0.1367943479,0.1740301724,52.23880597,0.1910177208,False,0.03,none,reserve_impulse_4w_bp,-0.2924926839,-0.6490641711,-0.375,-0.4192767007,-0.4339583889,0.4933629871,0
primary,20,A3,2021,2021-10-28,2021-10-29,2021-11-26,0,0.1368132585,0.1368132585,0.1740301724,52.3880597,0.1910177208,False,0.03,none,reserve_impulse_4w_bp,-0.407534113,-0.800802139,-1.25,0.3507457327,-0.5268976298,-0.1213610376,0
primary,20,A3,2021,2021-11-04,2021-11-05,2021-12-03,0,0.1226669876,0.1226669876,0.1740301724,44.02985075,0.1910177208,False,0.03,none,reserve_impulse_4w_bp,-0.5719153366,-0.8539438503,-1,-0.2403458866,-0.6665512684,0.1236218833,0
primary,20,A3,2021,2021-11-11,2021-11-12,2021-12-10,0,0.1508908901,0.1508908901,0.1740301724,63.73134328,0.1910177208,False,0.03,none,reserve_impulse_4w_bp,-0.4980495916,-0.8121657754,-0.875,0.5599513597,-0.4063160018,0.3194259555,0
primary,20,A3,2021,2021-11-18,2021-11-19,2021-12-17,0,0.1282353593,0.1282353593,0.1740301724,47.6119403,0.1910177208,False,0.03,none,reserve_impulse_4w_bp,-0.4941052392,-0.4488636364,-0.5,0.09495204743,-0.337004207,-0.6975927045,0
primary,20,A3,2021,2021-11-25,2021-11-26,2021-12-23,0,0.1468707143,0.1468707143,0.1740301724,60.44776119,0.1910177208,False,0.03,none,reserve_impulse_4w_bp,-0.41184545,-0.307486631,-0.25,0.3681228326,-0.1503023121,-0.3156816541,0
primary,20,A3,2021,2021-12-02,2021-12-03,2021-12-31,0,0.2546000116,0.2546000116,0.1740301724,95.82089552,0.1910177208,True,0.03,none,reserve_impulse_4w_bp,-0.0007294283409,-0.05614973262,1,2.621087688,0.8910521317,-0.5797989527,0
primary,20,A3,2021,2021-12-09,2021-12-10,2022-01-07,0,0.1146315446,0.1146315446,0.1740301724,38.50746269,0.1910177208,False,0.03,none,reserve_impulse_4w_bp,-0.297862587,-0.03810160428,6.938893904e-17,-0.931274276,-0.3168096168,-0.525140638,0
primary,20,A3,2021,2021-12-16,2021-12-17,2022-01-14,0,0.1578186838,0.1578186838,0.1740301724,68.50746269,0.1910177208,False,0.03,none,reserve_impulse_4w_bp,-0.3954682762,-0.1036096257,0.5,0.08609552049,0.02175440465,-0.4100322194,0
primary,20,A3,2021,2021-12-23,2021-12-27,2022-01-24,1,0.140682471,0.140682471,0.1740301724,55.52238806,0.1910177208,False,0.03,none,reserve_impulse_4w_bp,-0.6013813377,0.0310828877,0.5,-0.3937308059,-0.116007314,0.4645279194,0
primary,20,A3,2021,2021-12-30,2021-12-31,2022-01-28,1,0.1352538079,0.1352538079,0.1740301724,51.64179104,0.1910177208,False,0.03,none,reserve_impulse_4w_bp,-0.7725321985,-0.2393048128,-0.625,-0.03345298652,-0.4175724995,1.205153271,0
primary,20,A3,2022,2022-01-06,2022-01-07,2022-02-04,1,0.1895313592,0.1895313592,0.1678571429,85.45706371,0.1884860648,True,0.03,none,reserve_impulse_4w_bp,-0.4260638452,-0.3104946524,0.125,0.6730489567,0.01537261476,1.207691733,0.01856537977
primary,20,A3,2022,2022-01-13,2022-01-14,2022-02-11,1,0.203232471,0.203232471,0.1678571429,89.05817175,0.1884860648,True,0.03,none,reserve_impulse_4w_bp,-0.01094596549,-0.5334224599,0.25,0.4045526736,0.02754606206,1.789451568,0.04929234394
primary,20,A3,2022,2022-01-20,2022-01-21,2022-02-17,1,0.322545233,0.322545233,0.1678571429,98.33795014,0.1884860648,True,0.03,none,reserve_impulse_4w_bp,0.6405135463,-0.621657754,0.75,1.62690512,0.598940228,1.473075058,0.8822839108
primary,20,A3,2022,2022-01-27,2022-01-28,2022-02-25,0,0.3763396957,0.3763396957,0.1678571429,99.16897507,0.1884860648,True,0.03,none,reserve_impulse_4w_bp,1.20065891,-0.3465909091,1.25,1.849793343,0.9884653361,1.132967762,1.11989936
primary,20,A3,2022,2022-02-03,2022-02-04,2022-03-04,1,0.2058847548,0.2058847548,0.1678571429,89.47368421,0.1884860648,True,0.03,none,reserve_impulse_4w_bp,0.8608011931,0.04612299465,0.75,-0.6964605199,0.240115917,1.419929095,0.3409475766
primary,20,A3,2022,2022-02-10,2022-02-11,2022-03-11,1,0.2378017449,0.2378017449,0.1678571429,94.18282548,0.1884860648,True,0.03,none,reserve_impulse_4w_bp,0.7724569219,0.1694518717,1,0.398855254,0.5851910119,0.7222607973,0.4226605268
primary,20,A3,2022,2022-02-17,2022-02-18,2022-03-18,1,0.2815004168,0.2815004168,0.1678571429,97.36842105,0.1884860648,True,0.03,none,reserve_impulse_4w_bp,1.164961784,0.6256684492,0.75,1.567405115,1.027008837,0.1727433621,0.1774089594
primary,20,A3,2022,2022-02-24,2022-02-25,2022-03-24,0,0.3005133871,0.3005133871,0.1678571429,97.78393352,0.1884860648,True,0.03,none,reserve_impulse_4w_bp,1.400796049,0.5952540107,0.75,1.309937716,1.013996944,0.4428612416,0.4490599456
primary,20,A3,2022,2022-03-03,2022-03-04,2022-03-31,0,0.2209792778,0.2209792778,0.1678571429,92.52077562,0.1884860648,True,0.03,none,reserve_impulse_4w_bp,1.103125126,0.8806818182,0.875,0.9161149434,0.9437304719,-0.7641489025,0
primary,20,A3,2022,2022-03-10,2022-03-11,2022-04-07,0,0.2347578041,0.2347578041,0.1678571429,93.62880886,0.1884860648,True,0.03,none,reserve_impulse_4w_bp,1.529974149,1.132018717,0.75,0.8202179466,1.058052703,-0.7428101223,0
primary,20,A3,2022,2022-03-17,2022-03-18,2022-04-14,0,0.1742380698,0.1742380698,0.1678571429,77.42382271,0.1884860648,False,0.03,none,reserve_impulse_4w_bp,0.915438207,0.4338235294,-0.125,-0.3052424872,0.2297548123,-0.4321551368,0
primary,20,A3,2022,2022-03-24,2022-03-25,2022-04-22,1,0.1434522799,0.1434522799,0.1678571429,57.61772853,0.1884860648,False,0.03,none,reserve_impulse_4w_bp,0.8954157308,-0.4151069519,-1,-0.4380196324,-0.2394277134,-0.06641569472,0
primary,20,A3,2022,2022-03-31,2022-04-01,2022-04-29,1,0.1523811332,0.1523811332,0.1678571429,63.71191136,0.1884860648,False,0.03,none,reserve_impulse_4w_bp,0.8851027714,-1.177807487,-0.875,0.06344179639,-0.2760657297,0.7733923343,0
primary,20,A3,2022,2022-04-07,2022-04-08,2022-05-06,1,0.1685215101,0.1685215101,0.1678571429,74.09972299,0.1884860648,False,0.03,none,reserve_impulse_4w_bp,0.8826515022,-1.97459893,-0.375,0.5369734312,-0.2324934993,0.5631591904,0
primary,20,A3,2022,2022-04-14,2022-04-18,2022-05-13,1,0.1978396932,0.1978396932,0.1678571429,87.81163435,0.1884860648,True,0.03,none,reserve_impulse_4w_bp,0.9785953525,-1.113302139,0.25,0.6383358368,0.1884072626,0.5424556695,0.1022025878
primary,20,A3,2022,2022-04-21,2022-04-22,2022-05-19,1,0.2280285181,0.2280285181,0.1678571429,93.2132964,0.1884860648,True,0.03,none,reserve_impulse_4w_bp,0.7160640626,-0.6303475936,-0.125,0.4068058094,0.0918805696,2.230692403,0.2049572886
primary,20,A3,2022,2022-04-28,2022-04-29,2022-05-26,1,0.5503186398,0.5503186398,0.1678571429,99.72299169,0.1884860648,True,0.03,none,reserve_impulse_4w_bp,1.3082745,0.1550802139,1,2.293826121,1.189295209,2.255339173,2.682264072
primary,20,A3,2022,2022-05-05,2022-05-06,2022-06-03,1,0.5739894416,0.5739894416,0.1678571429,99.72299169,0.1884860648,True,0.03,none,reserve_impulse_4w_bp,1.71412084,0.7309491979,1.125,1.166550263,1.184155075,2.700541135,3.197859491
primary,20,A3,2022,2022-05-12,2022-05-13,2022-06-10,0,0.6001151191,0.6001151191,0.1678571429,99.86149584,0.1884860648,True,0.03,none,reserve_impulse_4w_bp,2.309587893,0.5467914439,1.375,1.075195415,1.326643688,2.503576251,3.321353631
primary,20,A3,2022,2022-05-19,2022-05-20,2022-06-17,0,0.2807947988,0.2807947988,0.1678571429,97.36842105,0.1884860648,True,0.03,none,reserve_impulse_4w_bp,2.052406786,1.126336898,1.5,0.3395896518,1.254583334,0.1946948195,0.2442608757
primary,20,A3,2022,2022-05-26,2022-05-27,2022-06-27,1,0.2429400417,0.2429400417,0.1678571429,95.42936288,0.1884860648,True,0.03,none,reserve_impulse_4w_bp,1.757715789,0.6443850267,0.875,0.3394006946,0.9041253777,0.1099166302,0.09937841483
primary,20,A3,2022,2022-06-02,2022-06-03,2022-07-01,1,0.1788586831,0.1788586831,0.1678571429,80.60941828,0.1884860648,False,0.03,none,reserve_impulse_4w_bp,1.032861911,-0.180815508,0.625,-0.01256446073,0.3661204855,-0.1668822507,0
primary,20,A3,2022,2022-06-09,2022-06-10,2022-07-11,1,0.2400551344,0.2400551344,0.1678571429,94.4598338,0.1884860648,True,0.03,none,reserve_impulse_4w_bp,1.692950988,-0.4806149733,0.75,0.8875967509,0.7124831913,0.06313220927,0.04498063794
primary,20,A3,2022,2022-06-16,2022-06-17,2022-07-18,0,0.4671879132,0.4671879132,0.1678571429,99.72299169,0.1884860648,True,0.03,none,reserve_impulse_4w_bp,3.10994686,-0.7870989305,1,2.385073335,1.426980316,0.5797246911,0.827255723
primary,20,A3,2022,2022-06-23,2022-06-24,2022-07-22,0,0.3265735495,0.3265735495,0.1678571429,98.33795014,0.1884860648,True,0.03,none,reserve_impulse_4w_bp,2.756158772,-0.4826203209,1.125,0.03002506673,0.8571408794,1.037672129,0.889431201
primary,20,A3,2022,2022-06-30,2022-07-01,2022-07-29,0,0.4148814252,0.4148814252,0.1678571429,99.30747922,0.1884860648,True,0.03,none,reserve_impulse_4w_bp,2.771523303,0.3806818182,1.125,0.7101563322,1.246840363,1.232889278,1.537216116
primary,20,A3,2022,2022-07-07,2022-07-08,2022-08-04,0,0.2965847457,0.2965847457,0.1678571429,97.64542936,0.1884860648,True,0.03,none,reserve_impulse_4w_bp,2.267777906,0.9364973262,1.125,0.09958764267,1.107215719,0.3935324168,0.4357252778
primary,20,A3,2022,2022-07-14,2022-07-15,2022-08-11,0,0.2755809726,0.2755809726,0.1678571429,96.95290859,0.1884860648,True,0.03,none,reserve_impulse_4w_bp,2.477009099,0.6026069519,1,0.6997373734,1.194838356,-0.5311590169,0
primary,20,A3,2022,2022-07-21,2022-07-22,2022-08-18,0,0.1815317175,0.1815317175,0.1678571429,81.85595568,0.1884860648,False,0.03,none,reserve_impulse_4w_bp,1.654784077,-0.02439839572,-0.625,-0.2107710412,0.19865366,-0.5442556715,0
primary,20,A3,2022,2022-07-28,2022-07-29,2022-08-25,0,0.1802772647,0.1802772647,0.1678571429,81.30193906,0.1884860648,False,0.03,none,reserve_impulse_4w_bp,1.189010881,0.1206550802,-0.875,0.2359358406,0.1676504505,-0.7313433193,0
primary,20,A3,2022,2022-08-04,2022-08-05,2022-09-01,0,0.1611870927,0.1611870927,0.1678571429,69.80609418,0.1884860648,False,0.03,none,reserve_impulse_4w_bp,0.6360319454,-0.3556149733,-0.75,0.1602118235,-0.0773428011,-0.5471055581,0
primary,20,A3,2022,2022-08-11,2022-08-12,2022-09-09,1,0.1576062828,0.1576062828,0.1678571429,67.86703601,0.1884860648,False,0.03,none,reserve_impulse_4w_bp,0.4593389814,-0.1497326203,-1.26375,0.01598004229,-0.2345408992,-0.2056098368,0
primary,20,A3,2022,2022-08-18,2022-08-19,2022-09-16,1,0.1556938359,0.1556938359,0.1678571429,66.89750693,0.1884860648,False,0.03,none,reserve_impulse_4w_bp,0.1245579354,0.02774064171,-0.625,0.09520813999,-0.09437332073,-0.4418954172,0
primary,20,A3,2022,2022-08-25,2022-08-26,2022-09-23,1,0.203674578,0.203674578,0.1678571429,89.05817175,0.1884860648,True,0.03,none,reserve_impulse_4w_bp,0.6650909341,-0.3014705882,-0.5,0.793072684,0.1641732575,0.07127835374,0.01170199952
primary,20,A3,2022,2022-09-01,2022-09-02,2022-09-30,1,0.3461423141,0.3461423141,0.1678571429,98.47645429,0.1884860648,True,0.03,none,reserve_impulse_4w_bp,1.45444208,-0.447526738,0.5,1.329806929,0.7091805677,1.177902064,0.8353452543
primary,20,A3,2022,2022-09-08,2022-09-09,2022-10-06,1,0.1999699974,0.1999699974,0.1678571429,88.22714681,0.1884860648,True,0.03,none,reserve_impulse_4w_bp,0.5989506677,-0.2369652406,0.375,0.08338515705,0.205092646,0.477194132,0.09786900719
primary,20,A3,2022,2022-09-15,2022-09-16,2022-10-13,1,0.3339025148,0.3339025148,0.1678571429,98.33795014,0.1884860648,True,0.03,none,reserve_impulse_4w_bp,0.9660728254,-0.4057486631,1.25,1.15246936,0.7406983806,0.9227676644,0.6834925147
primary,20,A3,2022,2022-09-22,2022-09-23,2022-10-20,1,0.3946476238,0.3946476238,0.1678571429,99.30747922,0.1884860648,True,0.03,none,reserve_impulse_4w_bp,1.542535094,-0.4816176471,2,0.9070593469,0.9919941985,1.383390895,1.372315743
primary,20,A3,2022,2022-09-29,2022-09-30,2022-10-27,0,0.3998529184,0.3998529184,0.1678571429,99.30747922,0.1884860648,True,0.03,none,reserve_impulse_4w_bp,1.950307481,0.121657754,1.375,1.851101692,1.324516732,0.712774959,0.9440823592
primary,20,A3,2022,2022-10-06,2022-10-07,2022-11-03,1,0.3299015308,0.3299015308,0.1678571429,98.33795014,0.1884860648,True,0.03,none,reserve_impulse_4w_bp,1.475436012,-0.1600935829,1.375,0.6272064944,0.8293872308,1.025198194,0.8502862908
primary,20,A3,2022,2022-10-13,2022-10-14,2022-11-10,0,0.3425829437,0.3425829437,0.1678571429,98.47645429,0.1884860648,True,0.03,none,reserve_impulse_4w_bp,1.951192328,0.2800802139,1,1.252846318,1.121029715,0.390441534,0.4376965616
primary,20,A3,2022,2022-10-20,2022-10-21,2022-11-17,0,0.2611265275,0.2611265275,0.1678571429,96.53739612,0.1884860648,True,0.03,none,reserve_impulse_4w_bp,2.025948986,0.2981283422,0.625,0.468415438,0.8543731916,-0.1380392955,0
primary,20,A3,2022,2022-10-27,2022-10-28,2022-11-25,0,0.2096948565,0.2096948565,0.1678571429,90.02770083,0.1884860648,True,0.03,none,reserve_impulse_4w_bp,1.693499286,0.1965240642,-0.625,0.1870485357,0.3630179715,-0.5805446327,0
primary,20,A3,2022,2022-11-03,2022-11-04,2022-12-02,0,0.2363008349,0.2363008349,0.1678571429,94.04432133,0.1884860648,True,0.03,none,reserve_impulse_4w_bp,2.047851639,-0.241644385,-0.5,0.158499249,0.3661766258,0.1967806896,0.07205648894
primary,20,A3,2022,2022-11-10,2022-11-11,2022-12-09,0,0.2058878159,0.2058878159,0.1678571429,89.47368421,0.1884860648,True,0.03,none,reserve_impulse_4w_bp,1.318338427,0.1377005348,-1,0.1139579606,0.1424992307,0.1442616538,0.02055717469
primary,20,A3,2022,2022-11-17,2022-11-18,2022-12-16,0,0.1957578388,0.1957578388,0.1678571429,87.11911357,0.1884860648,True,0.03,none,reserve_impulse_4w_bp,1.119260309,-0.1193181818,-0.75,0.5654246515,0.2038416947,-0.6403129957,0
primary,20,A3,2022,2022-11-24,2022-11-25,2022-12-22,1,0.145473089,0.145473089,0.1678571429,59.27977839,0.1884860648,False,0.03,none,reserve_impulse_4w_bp,0.5688808174,-0.9512032086,-0.375,-0.4175046163,-0.2937067519,-0.3002750488,0
primary,20,A3,2022,2022-12-01,2022-12-02,2022-12-30,1,0.1682681669,0.1682681669,0.1678571429,73.96121884,0.1884860648,False,0.03,none,reserve_impulse_4w_bp,0.3695115208,-0.2292780749,-0.75,0.1240300992,-0.1214341137,0.02109389206,0
primary,20,A3,2022,2022-12-08,2022-12-09,2023-01-09,0,0.1836283266,0.1836283266,0.1678571429,83.10249307,0.1884860648,False,0.03,none,reserve_impulse_4w_bp,0.6925347069,-1.372326203,-0.125,0.8693324786,0.01613524557,-0.3489873351,0
primary,20,A3,2022,2022-12-15,2022-12-16,2023-01-17,0,0.1998889776,0.1998889776,0.1678571429,88.22714681,0.1884860648,True,0.03,none,reserve_impulse_4w_bp,0.6376122333,-1.107620321,0.125,0.526155031,0.04528673587,0.07863187812,0.003560981096
primary,20,A3,2022,2022-12-22,2022-12-23,2023-01-24,0,0.2141223374,0.2141223374,0.1678571429,90.85872576,0.1884860648,True,0.03,none,reserve_impulse_4w_bp,0.7537167096,-0.3970588235,0.625,0.1983166062,0.2949936231,0.7017152886,0.2070015354
primary,20,A3,2022,2022-12-29,2022-12-30,2023-01-30,0,0.1842982223,0.1842982223,0.1678571429,83.24099723,0.1884860648,False,0.03,none,reserve_impulse_4w_bp,0.7787220908,-0.6323529412,0.5,0.2310779652,0.2193617787,0.4215155213,0.09246439451
primary,20,A3,2023,2023-01-05,2023-01-06,2023-02-03,0,0.2363488057,0.2363488057,0.1845930233,91.73126615,0.1976135328,True,0.03,none,reserve_impulse_4w_bp,0.5071824542,0.2072116982,1,0.5550274662,0.5673554047,0.5857255976,0.3323145834
primary,20,A3,2023,2023-01-12,2023-01-13,2023-02-10,0,0.1451803863,0.1451803863,0.1845930233,56.84754522,0.1976135328,False,0.03,none,reserve_impulse_4w_bp,0.002616756479,-0.07328015952,0,-0.5520471349,-0.1556776345,0.3127949686,0
primary,20,A3,2023,2023-01-19,2023-01-20,2023-02-16,0,0.1864576727,0.1864576727,0.1845930233,81.78294574,0.1976135328,False,0.03,none,reserve_impulse_4w_bp,0.4059117255,-0.3549351944,1,0.5760131925,0.4067474309,-0.3184889379,0
primary,20,A3,2023,2023-01-26,2023-01-27,2023-02-24,0,0.1482751006,0.1482751006,0.1845930233,58.78552972,0.1976135328,False,0.03,none,reserve_impulse_4w_bp,0.09575393646,-0.3549351944,0.125,-0.2003898784,-0.0836427841,-0.071273991,0
primary,20,A3,2023,2023-02-02,2023-02-03,2023-03-03,0,0.141587101,0.141587101,0.1845930233,54.13436693,0.1976135328,False,0.03,none,reserve_impulse_4w_bp,-0.5510417324,-0.7067131938,0.375,0.1471829371,-0.1838929973,0.09613107487,0
primary,20,A3,2023,2023-02-09,2023-02-10,2023-03-10,1,0.1960413084,0.1960413084,0.1845930233,84.49612403,0.1976135328,False,0.03,none,reserve_impulse_4w_bp,0.1555135157,-0.7519109339,0.75,0.6430100364,0.1991531545,0.4668695632,0.09297854628
primary,20,A3,2023,2023-02-16,2023-02-17,2023-03-17,1,0.1539619364,0.1539619364,0.1845930233,62.79069767,0.1976135328,False,0.03,none,reserve_impulse_4w_bp,0.0744869494,-0.698737122,-0.375,0.1233184444,-0.218982932,0.09198165605,0
primary,20,A3,2023,2023-02-23,2023-02-24,2023-03-23,0,0.18622616,0.18622616,0.1845930233,81.5245478,0.1976135328,False,0.03,none,reserve_impulse_4w_bp,0.4263389433,-0.5935526753,0.625,0.4710780085,0.2322160691,0.1241881653,0.02883848759
primary,20,A3,2023,2023-03-02,2023-03-03,2023-03-30,0,0.1680582209,0.1680582209,0.1845930233,71.44702842,0.1976135328,False,0.03,none,reserve_impulse_4w_bp,0.5940389678,-0.481555334,0.625,-0.1054189828,0.1580161627,0.04797438694,0.007580728534
primary,20,A3,2023,2023-03-09,2023-03-10,2023-04-06,0,0.2229827621,0.2229827621,0.1845930233,90.43927649,0.1976135328,True,0.03,none,reserve_impulse_4w_bp,0.5912696756,-0.4215686275,1.375,0.9518134262,0.6241286186,0.1918847702,0.1197607765
primary,20,A3,2023,2023-03-16,2023-03-17,2023-04-14,0,0.1607256414,0.1607256414,0.1845930233,66.9250646,0.1976135328,False,0.03,none,reserve_impulse_4w_bp,0.298040546,1.115486873,1.375,0.4605643955,0.8122729535,-1.733073821,0
primary,20,A3,2023,2023-03-23,2023-03-24,2023-04-21,0,0.1374983335,0.1374983335,0.1845930233,52.06718346,0.1976135328,False,0.03,none,reserve_impulse_4w_bp,0.3353979506,0.8168826853,1.125,0.2916192515,0.6422249718,-1.994446196,0
primary,20,A3,2023,2023-03-30,2023-03-31,2023-04-28,0,0.09447670091,0.09447670091,0.1845930233,25.19379845,0.1976135328,False,0.03,none,reserve_impulse_4w_bp,-0.05694997957,0.8112329678,0.375,-0.5335939804,0.148922252,-1.93825681,0
primary,20,A3,2023,2023-04-06,2023-04-10,2023-05-05,0,0.1130423513,0.1130423513,0.1845930233,38.63049096,0.1976135328,False,0.03,none,reserve_impulse_4w_bp,-0.05372627845,0.9232303091,-0.25,0.008234407592,0.1569346096,-1.957918853,0
primary,20,A3,2023,2023-04-13,2023-04-14,2023-05-11,0,0.1477710271,0.1477710271,0.1845930233,58.26873385,0.1976135328,False,0.03,none,reserve_impulse_4w_bp,-0.06400701216,-0.5518444666,-0.75,-0.02162787904,-0.3468698395,0.5285749587,0
primary,20,A3,2023,2023-04-20,2023-04-21,2023-05-18,0,0.1595227651,0.1595227651,0.1845930233,66.40826873,0.1976135328,False,0.03,none,reserve_impulse_4w_bp,0.04623971333,-0.6208042539,-1,-0.06288619262,-0.4093626833,1.070100313,0
primary,20,A3,2023,2023-04-27,2023-04-28,2023-05-25,0,0.1810418501,0.1810418501,0.1845930233,79.19896641,0.1976135328,False,0.03,none,reserve_impulse_4w_bp,0.1433338978,-0.240777667,-0.25,0.0243854227,-0.08076458662,1.400173324,0
primary,20,A3,2023,2023-05-04,2023-05-05,2023-06-02,0,0.2562206192,0.2562206192,0.1845930233,94.18604651,0.1976135328,True,0.03,none,reserve_impulse_4w_bp,0.5307174704,0.1041874377,0.5,0.8178481331,0.4881882603,1.133312221,0.5532697215
primary,20,A3,2023,2023-05-11,2023-05-12,2023-06-09,0,0.1606349888,0.1606349888,0.1845930233,66.9250646,0.1976135328,False,0.03,none,reserve_impulse_4w_bp,0.2737059628,0.4910269192,0.5,-0.5676466413,0.1742715602,0.6607801101,0.1151551807
primary,20,A3,2023,2023-05-18,2023-05-19,2023-06-16,0,0.1320414971,0.1320414971,0.1845930233,48.8372093,0.1976135328,False,0.03,none,reserve_impulse_4w_bp,-0.1818608304,0.6969092722,0.625,-0.1744220079,0.2414066085,-0.5540452213,0
primary,20,A3,2023,2023-05-25,2023-05-26,2023-06-26,0,0.1635607935,0.1635607935,0.1845930233,68.8630491,0.1976135328,False,0.03,none,reserve_impulse_4w_bp,-0.09055636892,0.1222997674,1.125,0.7702425546,0.4817464883,-0.5744866733,0
primary,20,A3,2023,2023-06-01,2023-06-02,2023-06-30,0,0.1190774025,0.1190774025,0.1845930233,41.34366925,0.1976135328,False,0.03,none,reserve_impulse_4w_bp,-0.2685091216,-0.2125290794,1,-0.7037153123,-0.04618837833,-0.1676074302,0
primary,20,A3,2023,2023-06-08,2023-06-09,2023-07-10,0,0.1056233263,0.1056233263,0.1845930233,33.4625323,0.1976135328,False,0.03,none,reserve_impulse_4w_bp,-0.6213397818,-0.7396144899,0.25,-0.5268808632,-0.4094587837,-0.3828471164,0
primary,20,A3,2023,2023-06-15,2023-06-16,2023-07-17,0,0.1240498358,0.1240498358,0.1845930233,43.79844961,0.1976135328,False,0.03,none,reserve_impulse_4w_bp,-0.9003420016,-1.160352277,0.125,0.07432371924,-0.4653426397,-0.1012214972,0
primary,20,A3,2023,2023-06-22,2023-06-23,2023-07-21,0,0.1117922044,0.1117922044,0.1845930233,37.85529716,0.1976135328,False,0.03,none,reserve_impulse_4w_bp,-0.7771501869,-0.8549351944,-0.25,-0.4888890102,-0.5927435979,0.2802795234,0
primary,20,A3,2023,2023-06-29,2023-06-30,2023-07-28,0,0.1173697556,0.1173697556,0.1845930233,40.56847545,0.1976135328,False,0.03,none,reserve_impulse_4w_bp,-0.5634189668,-0.796111665,-0.625,-0.0223879782,-0.5017296525,0.1907736027,0
primary,20,A3,2023,2023-07-06,2023-07-07,2023-08-03,0,0.1501878778,0.1501878778,0.1845930233,60.20671835,0.1976135328,False,0.03,none,reserve_impulse_4w_bp,-0.6144989846,-0.9577932868,0.125,0.3310756058,-0.2790541664,0.6999697864,0
primary,20,A3,2023,2023-07-13,2023-07-14,2023-08-10,0,0.1232031708,0.1232031708,0.1845930233,43.54005168,0.1976135328,False,0.03,none,reserve_impulse_4w_bp,-0.8307675487,-0.4295446992,-0.25,-0.4961208732,-0.5016082803,0.7928662993,0
primary,20,A3,2023,2023-07-20,2023-07-21,2023-08-17,0,0.1169420834,0.1169420834,0.1845930233,40.18087855,0.1976135328,False,0.03,none,reserve_impulse_4w_bp,-0.8931783171,-0.5234297109,-0.625,-0.04562233119,-0.5218075898,-0.05176671065,0
primary,20,A3,2023,2023-07-27,2023-07-28,2023-08-24,1,0.1215450406,0.1215450406,0.1845930233,42.89405685,0.1976135328,False,0.03,none,reserve_impulse_4w_bp,-0.8136506982,-0.6636756397,-0.75,-0.01423329365,-0.5603899079,0.08476786111,0
primary,20,A3,2023,2023-08-03,2023-08-04,2023-08-31,0,0.1323090874,0.1323090874,0.1845930233,48.8372093,0.1976135328,False,0.03,none,reserve_impulse_4w_bp,-0.6968242318,-0.3163841808,-0.5,0.2823440759,-0.3077160842,-0.1644830867,0
primary,20,A3,2023,2023-08-10,2023-08-11,2023-09-08,0,0.1286563785,0.1286563785,0.1845930233,46.64082687,0.1976135328,False,0.03,none,reserve_impulse_4w_bp,-0.5604966282,-0.1128281821,0,-0.02838904846,-0.1754284647,-0.3168926341,0
primary,20,A3,2023,2023-08-17,2023-08-18,2023-09-15,0,0.1730341061,0.1730341061,0.1845930233,74.54780362,0.1976135328,False,0.03,none,reserve_impulse_4w_bp,-0.1311759578,-0.3639082752,1.5,0.4960553475,0.3752427786,-0.008640581798,0
primary,20,A3,2023,2023-08-24,2023-08-25,2023-09-22,0,0.1569602307,0.1569602307,0.1845930233,65.24547804,0.1976135328,False,0.03,none,reserve_impulse_4w_bp,-0.09980938577,-0.2813226986,1.75,-0.07284938897,0.3240046317,-0.02083498067,0
primary,20,A3,2023,2023-08-31,2023-09-01,2023-09-29,1,0.1213262618,0.1213262618,0.1845930233,42.50645995,0.1976135328,False,0.03,none,reserve_impulse_4w_bp,-0.3708717708,-0.2869724161,0.125,-0.8478851551,-0.3451823355,0.1477786105,0
primary,20,A3,2023,2023-09-07,2023-09-08,2023-10-05,1,0.1531418621,0.1531418621,0.1845930233,61.49870801,0.1976135328,False,0.03,none,reserve_impulse_4w_bp,-0.0906793233,-0.6862745098,1.5,0.06481592714,0.1969655235,-0.2962111394,0
primary,20,A3,2023,2023-09-14,2023-09-15,2023-10-12,1,0.1361987293,0.1361987293,0.1845930233,51.1627907,0.1976135328,False,0.03,none,reserve_impulse_4w_bp,-0.1627223177,-0.3808574277,0.25,-0.4920091299,-0.1963972188,-0.405159506,0
primary,20,A3,2023,2023-09-21,2023-09-22,2023-10-19,0,0.2201956802,0.2201956802,0.1845930233,89.92248062,0.1976135328,True,0.03,none,reserve_impulse_4w_bp,0.3790377774,-0.6319375208,0.875,0.9967586576,0.4047147285,0.2142952574,0.08672844693
primary,20,A3,2023,2023-09-28,2023-09-29,2023-10-26,0,0.1798922749,0.1798922749,0.1845930233,78.81136951,0.1976135328,False,0.03,none,reserve_impulse_4w_bp,0.582724314,-0.4622798272,1.5,0.03017025784,0.4126536862,0.1879185518,0.07754528312
primary,20,A3,2023,2023-10-05,2023-10-06,2023-11-02,0,0.2204216861,0.2204216861,0.1845930233,89.92248062,0.1976135328,True,0.03,none,reserve_impulse_4w_bp,0.7605190193,-0.1636756397,1,0.3569855952,0.4884572437,0.3064102159,0.1496682895
primary,20,A3,2023,2023-10-12,2023-10-13,2023-11-09,1,0.174994258,0.174994258,0.1845930233,75.83979328,0.1976135328,False,0.03,none,reserve_impulse_4w_bp,0.6291740763,-0.2575606514,1.125,-0.3170672841,0.2948865352,0.007995774227,0.002357846158
primary,20,A3,2023,2023-10-19,2023-10-20,2023-11-16,0,0.2303323472,0.2303323472,0.1845930233,90.95607235,0.1976135328,True,0.03,none,reserve_impulse_4w_bp,0.8741895413,-0.1625124626,0.75,1.211914773,0.6683979629,-0.5449564626,0
primary,20,A3,2023,2023-10-26,2023-10-27,2023-11-24,0,0.2025249977,0.2025249977,0.1845930233,86.04651163,0.1976135328,True,0.03,none,reserve_impulse_4w_bp,1.238069166,-0.1048521103,1,0.1170509026,0.5625669896,-0.4895548103,0
primary,20,A3,2023,2023-11-02,2023-11-03,2023-12-01,0,0.141873944,0.141873944,0.1845930233,54.52196382,0.1976135328,False,0.03,none,reserve_impulse_4w_bp,0.6387309462,-0.0008308408109,0.375,-1.000240261,0.003164961036,-0.3733418272,0
primary,20,A3,2023,2023-11-09,2023-11-10,2023-12-08,0,0.1689366731,0.1689366731,0.1845930233,71.70542636,0.1976135328,False,0.03,none,reserve_impulse_4w_bp,0.4767179289,-0.2168494516,0.5,-0.1181375386,0.1604327347,-0.2121125387,0
primary,20,A3,2023,2023-11-16,2023-11-17,2023-12-15,0,0.1219059184,0.1219059184,0.1845930233,43.02325581,0.1976135328,False,0.03,none,reserve_impulse_4w_bp,0.04542924356,-0.2394483217,-0.75,-0.2891980735,-0.3083042879,-1.258129933,0
primary,20,A3,2023,2023-11-23,2023-11-24,2023-12-21,0,0.1138751993,0.1138751993,0.1845930233,38.75968992,0.1976135328,False,0.03,none,reserve_impulse_4w_bp,0.004486462965,-0.4916915919,-1.125,-0.4814835039,-0.5234221582,-1.185749505,0
primary,20,A3,2023,2023-11-30,2023-12-01,2023-12-29,0,0.1326619917,0.1326619917,0.1845930233,49.2248062,0.1976135328,False,0.03,none,reserve_impulse_4w_bp,-0.05864319175,-0.9022931206,-1.125,-0.1562877456,-0.5605560145,-0.416286634,0
primary,20,A3,2023,2023-12-07,2023-12-08,2024-01-08,0,0.1278246826,0.1278246826,0.1845930233,45.99483204,0.1976135328,False,0.03,none,reserve_impulse_4w_bp,-0.08568982798,-1.011964108,-0.625,-0.1445302347,-0.4667960426,-0.7279186379,0
primary,20,A3,2023,2023-12-14,2023-12-15,2024-01-16,0,0.1253752594,0.1253752594,0.1845930233,44.83204134,0.1976135328,False,0.03,none,reserve_impulse_4w_bp,-0.5657389715,-0.9644400133,-0.25,-0.3169569823,-0.5242839918,-0.4400198291,0
primary,20,A3,2023,2023-12-21,2023-12-22,2024-01-23,0,0.1315240837,0.1315240837,0.1845930233,48.57881137,0.1976135328,False,0.03,none,reserve_impulse_4w_bp,-0.8141682473,-0.8060817547,-0.375,0.08865311739,-0.4766492212,0.06988502641,0
primary,20,A3,2023,2023-12-28,2023-12-29,2024-01-29,0,0.1017216224,0.1017216224,0.1845930233,29.97416021,0.1976135328,False,0.03,none,reserve_impulse_4w_bp,-0.979898062,-0.623961449,-0.125,-0.4340242664,-0.5407209443,-0.1834096877,0
primary,20,A3,2024,2024-01-04,2024-01-05,2024-02-02,0,0.1518811093,0.1518811093,0.1840405904,51.9379845,0.2223978404,False,0.03,none,reserve_impulse_4w_bp,-0.4952344179,-0.2587574356,-0.375,0.1966900283,-0.2330754563,0.2519070647,0
primary,20,A3,2024,2024-01-11,2024-01-12,2024-02-09,0,0.1234733046,0.1234733046,0.1840405904,25.45219638,0.2223978404,False,0.03,none,reserve_impulse_4w_bp,-0.6757103678,-0.4451421018,-0.125,-0.5473223038,-0.4482936933,0.2112273986,0
primary,20,A3,2024,2024-01-18,2024-01-19,2024-02-15,0,0.1234843827,0.1234843827,0.1840405904,25.45219638,0.2223978404,False,0.03,none,reserve_impulse_4w_bp,-0.9029435679,-0.3638466623,0.125,0.2024815341,-0.234827174,-0.6391911846,0
primary,20,A3,2024,2024-01-25,2024-01-26,2024-02-23,0,0.1045505472,0.1045505472,0.1840405904,10.59431525,0.2223978404,False,0.03,none,reserve_impulse_4w_bp,-1.415959474,-0.4633179114,0.5,-0.2941953797,-0.4183681912,-0.2913344393,0
primary,20,A3,2024,2024-02-01,2024-02-02,2024-03-01,0,0.1273897308,0.1273897308,0.1840405904,29.32816537,0.2223978404,False,0.03,none,reserve_impulse_4w_bp,-0.9920550736,-0.5221414408,6.938893904e-17,-0.05515434013,-0.3923377137,0.3143667152,0
primary,20,A3,2024,2024-02-08,2024-02-09,2024-03-08,0,0.1086093289,0.1086093289,0.1840405904,13.56589147,0.2223978404,False,0.03,none,reserve_impulse_4w_bp,-1.130395707,-0.3512888301,0.125,-0.4113425046,-0.4420067603,-0.07409966041,0
primary,20,A3,2024,2024-02-15,2024-02-16,2024-03-15,0,0.1278405269,0.1278405269,0.1840405904,29.71576227,0.2223978404,False,0.03,none,reserve_impulse_4w_bp,-1.03436877,-0.6067514871,-0.25,0.1048394805,-0.4465701941,0.3568303255,0
primary,20,A3,2024,2024-02-22,2024-02-23,2024-03-21,0,0.1135199749,0.1135199749,0.1840405904,17.95865633,0.2223978404,False,0.03,none,reserve_impulse_4w_bp,-1.091346931,-0.6067514871,-0.375,0.002147224945,-0.5177377983,-0.1627034339,0
primary,20,A3,2024,2024-02-29,2024-03-01,2024-03-28,0,0.09635114384,0.09635114384,0.1840405904,6.201550388,0.2223978404,False,0.03,none,reserve_impulse_4w_bp,-1.00602899,-0.5773397224,-0.625,-0.3858769947,-0.6485614269,-0.7317320751,0
primary,20,A3,2024,2024-03-07,2024-03-08,2024-04-05,0,0.1099746123,0.1099746123,0.1840405904,14.9870801,0.2223978404,False,0.03,none,reserve_impulse_4w_bp,-1.14149949,-0.4857898215,-0.5,0.09484577101,-0.5081108852,-0.3507918498,0
primary,20,A3,2024,2024-03-14,2024-03-15,2024-04-12,0,0.120160542,0.120160542,0.1840405904,22.73901809,0.2223978404,False,0.03,none,reserve_impulse_4w_bp,-0.9324538224,-0.4302808989,-0.5,-0.1159512584,-0.4946714949,-0.1774220239,0
primary,20,A3,2024,2024-03-21,2024-03-22,2024-04-19,1,0.1062776987,0.1062776987,0.1840405904,11.75710594,0.2223978404,False,0.03,none,reserve_impulse_4w_bp,-1.078085838,-0.3420456048,-0.375,-0.4791479118,-0.5685698386,0.233571135,0
primary,20,A3,2024,2024-03-28,2024-04-01,2024-04-26,1,0.1063049859,0.1063049859,0.1840405904,11.75710594,0.2223978404,False,0.03,none,reserve_impulse_4w_bp,-1.076486393,-0.4302808989,-0.25,-0.1708777616,-0.4819112634,0.4432857889,0
primary,20,A3,2024,2024-04-04,2024-04-05,2024-05-02,0,0.1525295213,0.1525295213,0.1840405904,52.71317829,0.2223978404,False,0.03,none,reserve_impulse_4w_bp,-0.7353709341,-0.6361632518,0.5,0.6488209157,-0.05567831756,0.5104495456,0
primary,20,A3,2024,2024-04-11,2024-04-12,2024-05-09,0,0.106852585,0.106852585,0.1840405904,12.14470284,0.2223978404,False,0.03,none,reserve_impulse_4w_bp,-0.8338877901,-0.8420456048,0.25,-0.3568605615,-0.4456984891,-0.2210612331,0
primary,20,A3,2024,2024-04-18,2024-04-19,2024-05-16,0,0.1996412678,0.1996412678,0.1840405904,79.06976744,0.2223978404,False,0.03,none,reserve_impulse_4w_bp,-0.1458493937,-0.6361632518,1.25,0.6955497318,0.2908842716,0.9962255794,0.289786352
primary,20,A3,2024,2024-04-25,2024-04-26,2024-05-23,0,0.1474178792,0.1474178792,0.1840405904,49.2248062,0.2223978404,False,0.03,none,reserve_impulse_4w_bp,-0.1482016888,-0.5773397224,0.75,-0.5601078503,-0.1339123154,1.245458852,0
primary,20,A3,2024,2024-05-02,2024-05-03,2024-05-31,0,0.1626900602,0.1626900602,0.1840405904,60.46511628,0.2223978404,False,0.03,none,reserve_impulse_4w_bp,-0.125695716,-0.5773397224,0.875,-0.2253141372,-0.01333739392,1.395718162,0
primary,20,A3,2024,2024-05-09,2024-05-10,2024-06-07,0,0.1422346471,0.1422346471,0.1840405904,44.57364341,0.2223978404,False,0.03,none,reserve_impulse_4w_bp,-0.5143557904,-0.1949867812,-0.5,-0.5908447307,-0.4500468256,1.765211909,0
primary,20,A3,2024,2024-05-16,2024-05-17,2024-06-14,0,0.1072840029,0.1072840029,0.1840405904,12.79069767,0.2223978404,False,0.03,none,reserve_impulse_4w_bp,-0.675226099,-0.3714573695,-0.5,-0.2743424401,-0.4552564772,-0.4961666622,0
primary,20,A3,2024,2024-05-23,2024-05-24,2024-06-24,0,0.116394832,0.116394832,0.1840405904,20.28423773,0.2223978404,False,0.03,none,reserve_impulse_4w_bp,-0.4443327268,-0.4596926636,1.804112415e-16,-0.1345016371,-0.2596317569,-0.5968278869,0
primary,20,A3,2024,2024-05-30,2024-05-31,2024-06-28,0,0.1353377318,0.1353377318,0.1840405904,37.20930233,0.2223978404,False,0.03,none,reserve_impulse_4w_bp,-0.314638912,-0.2832220753,0.375,0.2239860141,0.000281256698,-0.4211829277,0
primary,20,A3,2024,2024-06-06,2024-06-07,2024-07-08,0,0.1053958809,0.1053958809,0.1840405904,10.85271318,0.2223978404,False,0.03,none,reserve_impulse_4w_bp,-0.4748038693,-0.2243985459,0.25,-0.5778724691,-0.2567687211,-0.7469347085,0
primary,20,A3,2024,2024-06-13,2024-06-14,2024-07-15,0,0.1277992234,0.1277992234,0.1840405904,29.71576227,0.2223978404,False,0.03,none,reserve_impulse_4w_bp,-0.6344553095,-0.4302808989,0.75,-0.373404863,-0.1720352679,-0.07536304187,0
primary,20,A3,2024,2024-06-20,2024-06-21,2024-07-19,0,0.1421938591,0.1421938591,0.1840405904,44.44444444,0.2223978404,False,0.03,none,reserve_impulse_4w_bp,-0.6697656514,-0.2243985459,0.125,0.08597902121,-0.170796294,0.08857487628,0
primary,20,A3,2024,2024-06-27,2024-06-28,2024-07-26,0,0.1207478073,0.1207478073,0.1840405904,22.99741602,0.2223978404,False,0.03,none,reserve_impulse_4w_bp,-0.6703102548,-0.1655750165,0.25,-0.4333537831,-0.2548097636,0.7917277203,0
primary,20,A3,2024,2024-07-04,2024-07-05,2024-08-01,0,0.1444233647,0.1444233647,0.1840405904,46.77002584,0.2223978404,False,0.03,none,reserve_impulse_4w_bp,-0.7725325749,-0.3126338401,0.375,-0.227569168,-0.2344338957,1.209884471,0
primary,20,A3,2024,2024-07-11,2024-07-12,2024-08-08,1,0.1282118358,0.1282118358,0.1840405904,29.84496124,0.2223978404,False,0.03,none,reserve_impulse_4w_bp,-1.051830424,-0.1655750165,-0.5,-0.06602049866,-0.4458564849,0.6126410925,0
primary,20,A3,2024,2024-07-18,2024-07-19,2024-08-15,1,0.1431730133,0.1431730133,0.1840405904,45.73643411,0.2223978404,False,0.03,none,reserve_impulse_4w_bp,-0.9640189556,-0.2832220753,-0.625,0.5609347319,-0.3278265748,0.3062010937,0
primary,20,A3,2024,2024-07-25,2024-07-26,2024-08-22,1,0.1597545671,0.1597545671,0.1840405904,58.65633075,0.2223978404,False,0.03,none,reserve_impulse_4w_bp,-0.3950704895,-0.05849306015,-0.25,0.6139240647,-0.02240987124,-0.009877902182,0
primary,20,A3,2024,2024-08-01,2024-08-02,2024-08-29,0,0.1576803993,0.1576803993,0.1840405904,56.97674419,0.2223978404,False,0.03,none,reserve_impulse_4w_bp,-0.386260642,0.01718440185,-0.625,0.1580877695,-0.2089971177,0.5974264779,0
primary,20,A3,2024,2024-08-08,2024-08-09,2024-09-06,0,0.2124162685,0.2124162685,0.1840405904,82.42894057,0.2223978404,False,0.03,none,reserve_impulse_4w_bp,0.02743348877,0.4375413087,0.625,1.436218972,0.6315484425,-0.1655471152,0
primary,20,A3,2024,2024-08-15,2024-08-16,2024-09-13,0,0.1003765396,0.1003765396,0.1840405904,7.881136951,0.2223978404,False,0.03,none,reserve_impulse_4w_bp,-0.3877746876,0.2273628553,6.938893904e-17,-1.712955368,-0.4683418002,-0.06944516265,0
primary,20,A3,2024,2024-08-22,2024-08-23,2024-09-20,0,0.1515987227,0.1515987227,0.1840405904,51.9379845,0.2223978404,False,0.03,none,reserve_impulse_4w_bp,-0.420742198,-0.2124917383,0,0.5209943474,-0.02805989721,-0.4879215918,0
primary,20,A3,2024,2024-08-29,2024-08-30,2024-09-27,0,0.1260213176,0.1260213176,0.1840405904,27.90697674,0.2223978404,False,0.03,none,reserve_impulse_4w_bp,-0.4466220344,-0.2306675479,-0.125,-0.4030614626,-0.3013377612,-0.3832909128,0
primary,20,A3,2024,2024-09-05,2024-09-06,2024-10-03,0,0.2061006062,0.2061006062,0.1840405904,81.1369509,0.2223978404,False,0.03,none,reserve_impulse_4w_bp,-0.100746365,-0.5135492399,-0.625,1.028871951,-0.05260591345,0.7159124025,0
primary,20,A3,2024,2024-09-12,2024-09-13,2024-10-10,0,0.1458419212,0.1458419212,0.1840405904,48.0620155,0.2223978404,False,0.03,none,reserve_impulse_4w_bp,-0.1630827294,-0.2670191672,-0.5,-0.5008479983,-0.3577374737,-0.09730167389,0
primary,20,A3,2024,2024-09-19,2024-09-20,2024-10-17,0,0.173526796,0.173526796,0.1840405904,67.3126615,0.2223978404,False,0.03,none,reserve_impulse_4w_bp,-0.4251208235,-0.4001982816,-0.125,-0.1399752825,-0.2725735969,0.9341092699,0
primary,20,A3,2024,2024-09-26,2024-09-27,2024-10-24,0,0.1406836096,0.1406836096,0.1840405904,42.89405685,0.2223978404,False,0.03,none,reserve_impulse_4w_bp,-0.4068526345,-0.5290812954,-0.25,-0.2377140279,-0.3559119894,0.6896955907,0
primary,20,A3,2024,2024-10-03,2024-10-04,2024-10-31,0,0.2336023585,0.2336023585,0.1840405904,87.85529716,0.2223978404,True,0.03,none,reserve_impulse_4w_bp,-0.1106469197,-0.6229345671,-0.25,1.230792228,0.06180268537,1.097281085,0.06781491763
primary,20,A3,2024,2024-10-10,2024-10-11,2024-11-07,0,0.1859129981,0.1859129981,0.1840405904,74.41860465,0.2223978404,False,0.03,none,reserve_impulse_4w_bp,-0.3285239894,-1.018516193,0.125,0.3526483552,-0.2173479568,1.067080397,0
primary,20,A3,2024,2024-10-17,2024-10-18,2024-11-14,0,0.1346899378,0.1346899378,0.1840405904,36.82170543,0.2223978404,False,0.03,none,reserve_impulse_4w_bp,-0.6374640484,-0.8714573695,-0.125,-0.1884234345,-0.4555862131,-0.04257398452,0
primary,20,A3,2024,2024-10-24,2024-10-25,2024-11-21,0,0.1444504253,0.1444504253,0.1840405904,46.89922481,0.2223978404,False,0.03,none,reserve_impulse_4w_bp,-0.3995073315,-0.7243985459,0.125,0.1554092953,-0.2108741455,-0.5208020287,0
primary,20,A3,2024,2024-10-31,2024-11-01,2024-11-29,0,0.1726929407,0.1726929407,0.1840405904,66.66666667,0.2223978404,False,0.03,none,reserve_impulse_4w_bp,-0.5166955908,-0.9891044283,0.875,1.183733326,0.1382333268,-0.7265971403,0
primary,20,A3,2024,2024-11-07,2024-11-08,2024-12-06,0,0.09263639663,0.09263639663,0.1840405904,4.263565891,0.2223978404,False,0.03,none,reserve_impulse_4w_bp,-0.8164745603,-0.8126338401,0.25,-1.598852368,-0.7444901922,-0.3412400351,0
primary,20,A3,2024,2024-11-14,2024-11-15,2024-12-13,0,0.1452939002,0.1452939002,0.1840405904,47.41602067,0.2223978404,False,0.03,none,reserve_impulse_4w_bp,-0.5093233998,-0.6949867812,0.625,-0.2852252697,-0.2161338627,0.2699678643,0
primary,20,A3,2024,2024-11-21,2024-11-22,2024-12-20,0,0.1588442043,0.1588442043,0.1840405904,57.62273902,0.2223978404,False,0.03,none,reserve_impulse_4w_bp,-0.5106381711,-0.7243985459,0.25,0.5281784375,-0.1142145699,-0.2159824341,0
primary,20,A3,2024,2024-11-28,2024-11-29,2024-12-27,0,0.1153088823,0.1153088823,0.1840405904,19.37984496,0.2223978404,False,0.03,none,reserve_impulse_4w_bp,-0.698547363,-0.4302808989,-0.125,-0.710373586,-0.491050462,-0.2981679627,0
primary,20,A3,2024,2024-12-05,2024-12-06,2025-01-06,0,0.1351798047,0.1351798047,0.1840405904,37.08010336,0.2223978404,False,0.03,none,reserve_impulse_4w_bp,-0.8049912401,-0.4302808989,-0.125,-0.2272379708,-0.3968775274,0.2882390721,0
primary,20,A3,2024,2024-12-12,2024-12-13,2025-01-14,0,0.1421636665,0.1421636665,0.1840405904,44.44444444,0.2223978404,False,0.03,none,reserve_impulse_4w_bp,-0.6259990603,-0.3714573695,0.5,-0.06250402883,-0.1399901147,-0.4964563402,0
primary,20,A3,2024,2024-12-19,2024-12-20,2025-01-22,0,0.2959116134,0.2959116134,0.1840405904,93.66925065,0.2223978404,True,0.03,none,reserve_impulse_4w_bp,-0.03820696202,-0.5773397224,1.375,2.412949589,0.7931007262,0.2286812261,0.1813672465
primary,20,A3,2024,2024-12-26,2024-12-27,2025-01-28,0,0.09437676895,0.09437676895,0.1840405904,5.426356589,0.2223978404,False,0.03,none,reserve_impulse_4w_bp,-0.4382282864,-0.518516193,1,-1.896180785,-0.463231316,0.3525722913,0
primary,20,A3,2025,2025-01-02,2025-01-03,2025-02-03,0,0.2914796632,0.2914796632,0.1798592788,93.1076179,0.2185395375,True,0.03,none,reserve_impulse_4w_bp,-0.004861246938,-0.310379257,1.5,0.7266402081,0.477849926,2.172188447,1.037980089
primary,20,A3,2025,2025-01-09,2025-01-10,2025-02-07,0,0.1507852986,0.1507852986,0.1798592788,53.808948,0.2185395375,False,0.03,none,reserve_impulse_4w_bp,0.03853280846,-0.2204334365,1.25,0.1421043727,0.3025509362,-0.3491725701,0
primary,20,A3,2025,2025-01-16,2025-01-17,2025-02-14,0,0.1282753546,0.1282753546,0.1798592788,35.06650544,0.2185395375,False,0.03,none,reserve_impulse_4w_bp,0.06795657079,-0.1927321981,0.375,-0.2590290457,-0.002201168258,-0.7650899396,0
primary,20,A3,2025,2025-01-23,2025-01-24,2025-02-21,0,0.111773811,0.111773811,0.1798592788,18.62152358,0.2185395375,False,0.03,none,reserve_impulse_4w_bp,-0.3922644332,-0.2809674923,-0.875,-0.3761334771,-0.4810913506,-0.7069679682,0
primary,20,A3,2025,2025-01-30,2025-01-31,2025-02-28,0,0.1039335056,0.1039335056,0.1798592788,13.18016929,0.2185395375,False,0.03,none,reserve_impulse_4w_bp,-0.3800145725,-0.310379257,-0.875,0.1386948359,-0.3566747484,-2.008265718,0
primary,20,A3,2025,2025-02-06,2025-02-07,2025-03-07,1,0.151767524,0.151767524,0.1798592788,54.77629988,0.2185395375,False,0.03,none,reserve_impulse_4w_bp,-0.05899027435,-0.4868498452,-0.5,-0.1067236724,-0.288140948,0.6947906097,0
primary,20,A3,2025,2025-02-13,2025-02-14,2025-03-14,1,0.1487990178,0.1487990178,0.1798592788,52.59975816,0.2185395375,False,0.03,none,reserve_impulse_4w_bp,-0.1288407832,-0.3692027864,-0.75,-0.1426013521,-0.3476612304,0.7267832243,0
primary,20,A3,2025,2025-02-20,2025-02-21,2025-03-20,1,0.1497580591,0.1497580591,0.1798592788,52.96251511,0.2185395375,False,0.03,none,reserve_impulse_4w_bp,-0.1477614792,-0.310379257,-0.25,0.07739484128,-0.1576864737,0.4037110957,0
primary,20,A3,2025,2025-02-27,2025-02-28,2025-03-27,1,0.1829967498,0.1829967498,0.1798592788,73.8814994,0.2185395375,False,0.03,none,reserve_impulse_4w_bp,0.5478448461,-0.2046439628,-0.125,1.36056087,0.3946904383,-1.163696509,0
primary,20,A3,2025,2025-03-06,2025-03-07,2025-04-03,1,0.2010131126,0.2010131126,0.1798592788,79.56469166,0.2185395375,False,0.03,none,reserve_impulse_4w_bp,0.927428012,0.003405572755,1,1.252024927,0.7957146278,-0.9496537525,0
primary,20,A3,2025,2025-03-13,2025-03-14,2025-04-10,1,0.1900817904,0.1900817904,0.1798592788,76.42079807,0.2185395375,False,0.03,none,reserve_impulse_4w_bp,1.394398078,0.2808049536,1.875,0.4737899199,1.005998238,-1.325868379,0
primary,20,A3,2025,2025-03-20,2025-03-21,2025-04-17,1,0.1374780381,0.1374780381,0.1798592788,43.53083434,0.2185395375,False,0.03,none,reserve_impulse_4w_bp,0.898552227,0.2167182663,1.125,-0.7220076086,0.3795657212,-0.9653867121,0
primary,20,A3,2025,2025-03-27,2025-03-28,2025-04-25,1,0.1508601998,0.1508601998,0.1798592788,54.17170496,0.2185395375,False,0.03,none,reserve_impulse_4w_bp,0.9525024758,0.1390092879,1.125,-0.06255654168,0.5384888055,-0.4317041196,0
primary,20,A3,2025,2025-04-03,2025-04-04,2025-05-02,1,0.3444219431,0.3444219431,0.1798592788,94.92140266,0.2185395375,True,0.03,none,reserve_impulse_4w_bp,1.652051693,0.2052631579,0.75,3.035170982,1.410621458,-0.2713917659,0
primary,20,A3,2025,2025-04-10,2025-04-11,2025-05-09,0,0.4006667449,0.4006667449,0.1798592788,97.58162031,0.2185395375,True,0.03,none,reserve_impulse_4w_bp,1.78997473,0.9755417957,0.875,3.561759377,1.800568976,-0.1285511972,0
primary,20,A3,2025,2025-04-17,2025-04-21,2025-05-16,0,0.2223455794,0.2223455794,0.1798592788,85.48972189,0.2185395375,True,0.03,none,reserve_impulse_4w_bp,1.982974983,0.6582043344,0.75,-1.032657344,0.5896304933,1.012252946,0.5968552037
primary,20,A3,2025,2025-04-24,2025-04-25,2025-05-22,0,0.2952334575,0.2952334575,0.1798592788,93.34945586,0.2185395375,True,0.03,none,reserve_impulse_4w_bp,1.5040401,0.3913312693,0.625,0.007938745826,0.6320775287,1.667279573,1.053849952
primary,20,A3,2025,2025-05-01,2025-05-02,2025-05-30,0,0.3531516466,0.3531516466,0.1798592788,95.4050786,0.2185395375,True,0.03,none,reserve_impulse_4w_bp,1.210842217,0.5321981424,0,0.1484470276,0.4728718468,2.923333583,1.38236215
primary,20,A3,2025,2025-05-08,2025-05-09,2025-06-06,0,0.2188623588,0.2188623588,0.1798592788,85.24788392,0.2185395375,True,0.03,none,reserve_impulse_4w_bp,1.101490642,-0.3554179567,-0.875,-0.02852637985,-0.0393634236,1.954860668,0
primary,20,A3,2025,2025-05-15,2025-05-16,2025-06-13,0,0.134833826,0.134833826,0.1798592788,41.11245466,0.2185395375,False,0.03,none,reserve_impulse_4w_bp,0.6218031937,-0.5814241486,-1.125,-0.8007400645,-0.4713402549,0.3423300325,0
primary,20,A3,2025,2025-05-22,2025-05-23,2025-06-23,0,0.1742527367,0.1742527367,0.1798592788,70.37484885,0.2185395375,False,0.03,none,reserve_impulse_4w_bp,0.6107986132,-0.2315789474,-0.625,0.7237587853,0.1194946128,-0.4686017182,0
primary,20,A3,2025,2025-05-29,2025-05-30,2025-06-27,0,0.1107707343,0.1107707343,0.1798592788,17.17049577,0.2185395375,False,0.03,none,reserve_impulse_4w_bp,0.2693317261,-0.5950464396,-0.25,-0.03091258568,-0.1516568248,-1.953273984,0
primary,20,A3,2025,2025-06-05,2025-06-06,2025-07-07,0,0.1200281275,0.1200281275,0.1798592788,26.84401451,0.2185395375,False,0.03,none,reserve_impulse_4w_bp,-0.03756708849,-0.6696594427,-0.125,0.004169692014,-0.2070142098,-1.055648505,0
primary,20,A3,2025,2025-06-12,2025-06-13,2025-07-14,0,0.121396803,0.121396803,0.1798592788,28.05320435,0.2185395375,False,0.03,none,reserve_impulse_4w_bp,-0.2087385759,-0.4365325077,-0.5,0.02279408136,-0.2806192506,-1.276328997,0
primary,20,A3,2025,2025-06-19,2025-06-20,2025-07-18,0,0.1759123484,0.1759123484,0.1798592788,70.85852479,0.2185395375,False,0.03,none,reserve_impulse_4w_bp,0.127859442,-0.5835913313,0,1.167796325,0.178016109,-0.9545263107,0
primary,20,A3,2025,2025-06-26,2025-06-27,2025-07-25,0,0.09205319269,0.09205319269,0.1798592788,5.320435308,0.2185395375,False,0.03,none,reserve_impulse_4w_bp,-0.4098393204,-0.3513931889,-0.25,-1.056146918,-0.5168448568,-0.3255718104,0
primary,20,A3,2025,2025-07-03,2025-07-07,2025-08-01,0,0.1259941345,0.1259941345,0.1798592788,32.2853688,0.2185395375,False,0.03,none,reserve_impulse_4w_bp,-1.204337364,-0.5752321981,-0.5,-0.02818037413,-0.576937484,0.7557159784,0
primary,20,A3,2025,2025-07-10,2025-07-11,2025-08-07,0,0.1275565764,0.1275565764,0.1798592788,33.97823458,0.2185395375,False,0.03,none,reserve_impulse_4w_bp,-1.045494661,-0.2947368421,-0.25,-0.1401364285,-0.4325919829,0.6343225918,0
primary,20,A3,2025,2025-07-17,2025-07-18,2025-08-14,0,0.1294932171,0.1294932171,0.1798592788,36.63845224,0.2185395375,False,0.03,none,reserve_impulse_4w_bp,-1.200751782,-0.2947368421,-0.25,0.1644155734,-0.3952682628,0.4093622594,0
primary,20,A3,2025,2025-07-24,2025-07-25,2025-08-21,0,0.1138238095,0.1138238095,0.1798592788,20.55622733,0.2185395375,False,0.03,none,reserve_impulse_4w_bp,-0.9716051136,-0.5111455108,-0.5,-0.2664931351,-0.5623109399,-0.03850153883,0
primary,20,A3,2025,2025-07-31,2025-08-01,2025-08-28,0,0.1357993301,0.1357993301,0.1798592788,41.59613059,0.2185395375,False,0.03,none,reserve_impulse_4w_bp,-0.7273147744,-0.3157894737,0.5,0.290881545,-0.06305567577,-0.2575918044,0
primary,20,A3,2025,2025-08-07,2025-08-08,2025-09-05,0,0.1427838766,0.1427838766,0.1798592788,48.12575574,0.2185395375,False,0.03,none,reserve_impulse_4w_bp,-0.4691995994,-0.1959752322,0.75,-0.005033825143,0.0199478358,0.1166598627,0.002327111785
primary,20,A3,2025,2025-08-14,2025-08-15,2025-09-12,0,0.1292963689,0.1292963689,0.1798592788,36.27569528,0.2185395375,False,0.03,none,reserve_impulse_4w_bp,-0.5916552235,-0.3346749226,-0.125,-0.4186598711,-0.3674975043,0.3560885015,0
primary,20,A3,2025,2025-08-21,2025-08-22,2025-09-19,0,0.1637919411,0.1637919411,0.1798592788,64.44981862,0.2185395375,False,0.03,none,reserve_impulse_4w_bp,-0.4047211725,-0.206501548,-0.25,0.3688779311,-0.1230861974,0.4521615562,0
primary,20,A3,2025,2025-08-28,2025-08-29,2025-09-26,0,0.1330095012,0.1330095012,0.1798592788,39.66142684,0.2185395375,False,0.03,none,reserve_impulse_4w_bp,-0.6227729141,-0.008978328173,-0.375,-0.5262429771,-0.3832485548,0.6043630937,0
primary,20,A3,2025,2025-09-04,2025-09-05,2025-10-02,0,0.1673928309,0.1673928309,0.1798592788,66.38452237,0.2185395375,False,0.03,none,reserve_impulse_4w_bp,-0.5715666569,-0.1507739938,-0.125,0.1156475653,-0.1829232714,1.149649511,0
primary,20,A3,2025,2025-09-11,2025-09-12,2025-10-09,0,0.1547459793,0.1547459793,0.1798592788,57.79927449,0.2185395375,False,0.03,none,reserve_impulse_4w_bp,-0.7037074739,-0.1371517028,-0.25,-0.2030665858,-0.3234814406,1.251608533,0
primary,20,A3,2025,2025-09-18,2025-09-19,2025-10-16,0,0.1934637469,0.1934637469,0.1798592788,77.62998791,0.2185395375,False,0.03,none,reserve_impulse_4w_bp,-0.7149948533,-0.3693498452,0.125,0.1631531519,-0.1990478867,1.942179552,0
primary,20,A3,2025,2025-09-25,2025-09-26,2025-10-23,0,0.1695726599,0.1695726599,0.1798592788,67.35187424,0.2185395375,False,0.03,none,reserve_impulse_4w_bp,-0.5173735829,-0.5563467492,0.625,0.2358924833,-0.05320696221,1.532536722,0
primary,20,A3,2025,2025-10-02,2025-10-03,2025-10-30,0,0.1633733913,0.1633733913,0.1798592788,64.32889964,0.2185395375,False,0.03,none,reserve_impulse_4w_bp,-0.6667630082,-0.5510835913,0,0.00635557874,-0.3028727552,1.334164077,0
primary,20,A3,2025,2025-10-09,2025-10-10,2025-11-06,0,0.152169991,0.152169991,0.1798592788,55.25997582,0.2185395375,False,0.03,none,reserve_impulse_4w_bp,-0.6818590723,-0.4975232198,0.125,-0.02321116805,-0.2693983651,0.8429850549,0
primary,20,A3,2025,2025-10-16,2025-10-17,2025-11-13,0,0.2579669042,0.2579669042,0.1798592788,90.81015719,0.2185395375,True,0.03,none,reserve_impulse_4w_bp,-0.3239465678,-0.3504643963,1,2.274823707,0.6501031858,0.2584979929,0.1680503687
primary,20,A3,2025,2025-10-23,2025-10-24,2025-11-20,0,0.1079459444,0.1079459444,0.1798592788,15.23579202,0.2185395375,False,0.03,none,reserve_impulse_4w_bp,-0.5331851488,-0.2569659443,1.804112415e-16,-1.484033804,-0.5685462243,0.5192985807,0
primary,20,A3,2025,2025-10-30,2025-10-31,2025-11-28,0,0.157390922,0.157390922,0.1798592788,59.9758162,0.2185395375,False,0.03,none,reserve_impulse_4w_bp,-0.6921731979,-0.5637770898,0.75,-0.03093314629,-0.1342208585,1.084299812,0
primary,20,A3,2025,2025-11-06,2025-11-07,2025-12-05,0,0.2185723267,0.2185723267,0.1798592788,85.12696493,0.2185395375,True,0.03,none,reserve_impulse_4w_bp,-0.3327679434,-0.2222910217,0.75,0.7036035115,0.2246361366,1.292373054,0.29031369
primary,20,A3,2025,2025-11-13,2025-11-14,2025-12-12,0,0.1748264212,0.1748264212,0.1798592788,70.49576784,0.2185395375,False,0.03,none,reserve_impulse_4w_bp,-0.4181358213,-0.04891640867,0.25,0.3288769677,0.02795618441,0.7600835781,0.02124903668
primary,20,A3,2025,2025-11-20,2025-11-21,2025-12-19,0,0.2502767306,0.2502767306,0.1798592788,90.08464329,0.2185395375,True,0.03,none,reserve_impulse_4w_bp,0.1029761225,0.06037151703,1.125,1.865372641,0.78843007,0.1208365226,0.09527114795
primary,20,A3,2025,2025-11-27,2025-11-28,2025-12-26,0,0.08916597076,0.08916597076,0.1798592788,3.869407497,0.2185395375,False,0.03,none,reserve_impulse_4w_bp,-0.4818473531,0.2956656347,1.804112415e-16,-1.722048142,-0.4770574652,-0.5813100824,0
primary,20,A3,2025,2025-12-04,2025-12-05,2026-01-05,0,0.1292453315,0.1292453315,0.1798592788,36.27569528,0.2185395375,False,0.03,none,reserve_impulse_4w_bp,-0.4667824225,-0.03839009288,-0.5,-0.3009891416,-0.3265404142,-0.144216376,0
primary,20,A3,2025,2025-12-11,2025-12-12,2026-01-12,0,0.1211717204,0.1211717204,0.1798592788,27.93228537,0.2185395375,False,0.03,none,reserve_impulse_4w_bp,-0.4656574676,-0.220123839,-0.25,-0.2604706383,-0.2990629862,-0.5874899715,0
primary,20,A3,2025,2025-12-18,2025-12-19,2026-01-20,0,0.1700085034,0.1700085034,0.1798592788,67.95646917,0.2185395375,False,0.03,none,reserve_impulse_4w_bp,-0.1351573579,-0.2684210526,-0.375,0.43369614,-0.08622056762,-0.07450784043,0
primary,20,A3,2025,2025-12-25,2025-12-26,2026-01-26,0,0.1040609326,0.1040609326,0.1798592788,13.30108827,0.2185395375,False,0.03,none,reserve_impulse_4w_bp,-0.381955139,-0.407120743,-0.875,-0.8228145245,-0.6217226016,-0.07450784043,0
primary,20,A3,2026,2026-01-01,2026-01-02,2026-01-30,0,0.1767989198,0.1767989198,0.1795626577,71.10352673,0.218678924,False,0.03,none,reserve_impulse_4w_bp,-0.1140423759,-0.2943468296,0,0.2129180313,-0.04886779356,-0.676301442,0
primary,20,A3,2026,2026-01-08,2026-01-09,2026-02-06,0,0.1711459589,0.1711459589,0.1795626577,67.46302617,0.218678924,False,0.03,none,reserve_impulse_4w_bp,-0.316046694,-0.3341482047,0,0.05425570755,-0.1489847978,-0.3073555843,0
primary,20,A3,2026,2026-01-15,2026-01-16,2026-02-13,0,0.1584728218,0.1584728218,0.1795626577,60.40955631,0.218678924,False,0.03,none,reserve_impulse_4w_bp,-0.2499700888,-0.5660045837,-0.625,0.05707549735,-0.3459747938,-0.8522556502,0
primary,20,A3,2026,2026-01-22,2026-01-23,2026-02-20,0,0.1763612432,0.1763612432,0.1795626577,70.87599545,0.218678924,False,0.03,none,reserve_impulse_4w_bp,-0.09195541914,-0.6559969442,0.125,-0.06940154607,-0.1730884774,-0.1240575041,0
primary,20,A3,2026,2026-01-29,2026-01-30,2026-02-27,0,0.2093195672,0.2093195672,0.1795626577,82.93515358,0.218678924,False,0.03,none,reserve_impulse_4w_bp,-0.09627268099,-0.6854087089,0.125,0.2857425835,-0.09273470161,0.7069034433,0
primary,20,A3,2026,2026-02-05,2026-02-06,2026-03-06,0,0.2805320077,0.2805320077,0.1795626577,92.26393629,0.218678924,True,0.03,none,reserve_impulse_4w_bp,0.1691967057,-0.5573720397,0.5,1.293870318,0.3514237461,0.6243756507,0.2194204301
primary,20,A3,2026,2026-02-12,2026-02-13,2026-03-13,0,0.2175105126,0.2175105126,0.1795626577,84.75540387,0.218678924,False,0.03,none,reserve_impulse_4w_bp,0.1473094697,-0.3064935065,0.375,0.1055801841,0.08034903684,0.7461008802,0.05994848711
primary,20,A3,2026,2026-02-19,2026-02-20,2026-03-19,0,0.1892536558,0.1892536558,0.1795626577,75.88168373,0.218678924,False,0.03,none,reserve_impulse_4w_bp,-0.08385501443,-0.1300229183,0.125,0.138759173,0.01247031007,0.01054144461,0.0001314550829
primary,20,A3,2026,2026-02-26,2026-02-27,2026-03-26,1,0.1701314439,0.1701314439,0.1795626577,67.12172924,0.218678924,False,0.03,none,reserve_impulse_4w_bp,0.1625306315,0.07761650115,0.25,-0.155455627,0.08367287642,-0.8025352655,0
primary,20,A3,2026,2026-03-05,2026-03-06,2026-04-02,1,0.2570467493,0.2570467493,0.1795626577,90.78498294,0.218678924,True,0.03,none,reserve_impulse_4w_bp,0.367716295,0.05339954163,0.375,1.460693242,0.5642022696,-0.4893090886,0
primary,20,A3,2026,2026-03-12,2026-03-13,2026-04-10,1,0.2801444024,0.2801444024,0.1795626577,92.26393629,0.218678924,True,0.03,none,reserve_impulse_4w_bp,0.6538088029,0.3112299465,1.125,1.373804995,0.8659609362,-0.75133541,0
primary,20,A3,2026,2026-03-19,2026-03-20,2026-04-17,0,0.2243526191,0.2243526191,0.1795626577,85.66552901,0.218678924,True,0.03,none,reserve_impulse_4w_bp,0.8042904033,0.2074102368,1.125,-0.1352402617,0.5003650946,-0.2323022811,0
primary,20,A3,2026,2026-03-26,2026-03-27,2026-04-24,0,0.2816896326,0.2816896326,0.1795626577,92.26393629,0.218678924,True,0.03,none,reserve_impulse_4w_bp,1.137259029,-0.1420932009,1.125,1.35212506,0.8680727222,-0.1828654621,0
primary,20,A3,2026,2026-04-02,2026-04-06,2026-05-01,0,0.2067635333,0.2067635333,0.1795626577,82.36632537,0.218678924,False,0.03,none,reserve_impulse_4w_bp,0.9760833952,-0.2061115355,1,-0.2127435497,0.3893070775,-0.3131017797,0
primary,20,A3,2026,2026-04-09,2026-04-10,2026-05-07,0,0.1579449623,0.1579449623,0.1795626577,59.95449374,0.218678924,False,0.03,none,reserve_impulse_4w_bp,0.5554735071,-0.5694423224,-0.125,-0.6400376091,-0.1947516061,-0.7193128517,0
primary,20,A3,2026,2026-04-16,2026-04-17,2026-05-14,0,0.1711920307,0.1711920307,0.1795626577,67.46302617,0.218678924,False,0.03,none,reserve_impulse_4w_bp,-0.01127566111,-0.6196333079,-0.375,-0.1884165138,-0.2985813707,0.1611654962,0
primary,20,A3,2026,2026-04-23,2026-04-24,2026-05-21,0,0.2180427824,0.2180427824,0.1795626577,84.86916951,0.218678924,False,0.03,none,reserve_impulse_4w_bp,0.05463950955,-0.4725744843,-0.125,0.4610266688,-0.0204770765,0.8622776128,0
primary,20,A3,2026,2026-04-30,2026-05-01,2026-05-29,0,0.1723621987,0.1723621987,0.1795626577,68.03185438,0.218678924,False,0.03,none,reserve_impulse_4w_bp,-0.1740580915,-0.4431627196,-0.875,-0.421569928,-0.4784476848,1.021856547,0
primary,20,A3,2026,2026-05-07,2026-05-08,2026-06-05,0,0.1867479718,0.1867479718,0.1795626577,74.97155859,0.218678924,False,0.03,none,reserve_impulse_4w_bp,-0.3697949053,-0.4881588999,0.125,0.09500492671,-0.1594872196,0.9292792815,0
primary,20,A3,2026,2026-05-14,2026-05-15,2026-06-12,0,0.1383182043,0.1383182043,0.1795626577,41.7519909,0.218678924,False,0.03,none,reserve_impulse_4w_bp,-0.7176054661,-0.3705118411,-0.125,0.1041920994,-0.2772313019,-0.8939693616,0
primary,20,A3,2026,2026-05-21,2026-05-22,2026-06-22,0,0.1307483529,0.1307483529,0.1795626577,34.5847554,0.218678924,False,0.03,none,reserve_impulse_4w_bp,-0.5122864398,-0.6127578304,-0.25,-0.05822874895,-0.3583182548,-1.265489358,0
primary,20,A3,2026,2026-05-28,2026-05-29,2026-06-26,0,0.1215357624,0.1215357624,0.1795626577,24.57337884,0.218678924,False,0.03,none,reserve_impulse_4w_bp,-0.8455820031,-0.6819709702,-0.125,-0.2218303358,-0.4685958273,-0.9671643152,0
primary,20,A3,2026,2026-06-04,2026-06-05,2026-07-06,0,0.1405763457,0.1405763457,0.1795626577,44.36860068,0.218678924,False,0.03,none,reserve_impulse_4w_bp,-0.8947089591,-0.6975553858,-0.125,-0.1113093947,-0.4571434349,0.07362151908,0
primary,20,A3,2026,2026-06-11,2026-06-12,2026-07-13,0,0.1924192738,0.1924192738,0.1795626577,77.01934016,0.218678924,False,0.03,none,reserve_impulse_4w_bp,-0.5626708891,-0.7321619557,0.125,0.9854998031,-0.04608326041,0.07409018384,0
primary,20,A3,2026,2026-06-18,2026-06-22,2026-07-20,0,0.157680994,0.157680994,0.1795626577,59.8407281,0.218678924,False,0.03,none,reserve_impulse_4w_bp,-0.9191124087,-0.6300993125,0.5,-0.5717675045,-0.4052448064,1.185534057,0
primary,20,A3,2026,2026-06-25,2026-06-26,2026-07-24,0,0.1718518307,0.1718518307,0.1795626577,67.80432309,0.218678924,False,0.03,none,reserve_impulse_4w_bp,-0.8991847597,-0.5020626432,0,0.6517111445,-0.1873840646,0.7959643063,0
primary,20,A3,2026,2026-07-02,2026-07-06,2026-07-31,0,0.1281254705,0.1281254705,0.1795626577,32.19567691,0.218678924,False,0.03,none,reserve_impulse_4w_bp,-0.7687695014,-0.3446142093,-0.125,-0.5291868262,-0.4418926342,-0.1778193003,0
primary,20,A3,2026,2026-07-09,2026-07-10,2026-08-06,0,0.1499901374,0.1499901374,0.1795626577,52.33219568,0.218678924,False,0.03,none,reserve_impulse_4w_bp,-0.5951724306,-0.2459893048,0.25,-0.07832102103,-0.1673706891,-0.1406674873,0
primary,20,A3,2026,2026-07-16,2026-07-17,2026-08-13,0,0.1510527796,0.1510527796,0.1795626577,53.69738339,0.218678924,False,0.03,none,reserve_impulse_4w_bp,-0.3260484597,-0.01932773109,0,0.2087764837,-0.03414992677,-1.070995433,0
primary,20,A3,2026,2026-07-23,2026-07-24,2026-08-20,0,0.1828277993,0.1828277993,0.1795626577,73.9476678,0.218678924,False,0.03,none,reserve_impulse_4w_bp,-0.01028604255,-0.1473644003,0.5,0.539391609,0.2204352915,-0.7096526329,0
primary,20,A3,2026,2026-07-30,2026-07-31,2026-08-27,0,0.1856180738,0.1856180738,0.1795626577,74.7440273,0.218678924,False,0.03,none,reserve_impulse_4w_bp,-0.02972191707,-0.1369747899,0.125,-0.2525396931,-0.07355910001,0.9280682331,0
primary,20,A3,2026,2026-08-06,2026-08-07,,,0.1670819627,0.1670819627,0.1795626577,65.30147895,0.218678924,False,0.03,none,reserve_impulse_4w_bp,-0.3006003591,-0.1265851795,-0.5,-0.436233552,-0.3408547726,0.9412063666,0
primary,20,A3,2026,2026-08-13,2026-08-14,,,0.175244879,0.175244879,0.1795626577,69.96587031,0.218678924,False,0.03,none,reserve_impulse_4w_bp,-0.4482261706,-0.1058059587,-0.25,-0.1937005573,-0.2494331717,1.062482169,0
primary,20,A3,2026,2026-08-20,2026-08-21,,,0.2068194802,0.2068194802,0.1795626577,82.36632537,0.218678924,False,0.03,none,reserve_impulse_4w_bp,-0.04105402857,-0.1161955691,-0.25,0.2590684117,-0.0370452965,0.9358116604,0
primary,20,A3,2026,2026-08-27,2026-08-28,,,0.1643662163,0.1643662163,0.1795626577,63.93629124,0.218678924,False,0.03,none,reserve_impulse_4w_bp,-0.09101619329,-0.2788388083,0.125,-0.3906699555,-0.1588812393,0.2208505035,0
