signal_date,signal_at,market_asof_date,spy_adj_close,spy_mom60,spy_dist200,sector_breadth50,sector_breadth50_change20,reserve_impulse_4w_bp,reserve_impulse_13w_bp,tga_change_4w_bp_assets,onrrp_change_4w_bp_assets,fed_asset_change_4w_bp,currency_change_4w_bp_assets,accounting_known_impulse_4w_bp,other_liability_residual_4w_bp,baa10y,baa10y_change20,vix,vix_change5,reserves_bn,assets_bn,tga_dts_bn,onrrp_bn,currency_bn,sofr,iorb,sofr_admin_bp,reserves_bn__observation_date,reserves_bn__age_days,reserves_bn__stale,assets_bn__observation_date,assets_bn__age_days,assets_bn__stale,tga_dts_bn__observation_date,tga_dts_bn__age_days,tga_dts_bn__stale,onrrp_bn__observation_date,onrrp_bn__age_days,onrrp_bn__stale,currency_bn__observation_date,currency_bn__age_days,currency_bn__stale,baa10y__observation_date,baa10y__age_days,baa10y__stale,vix__observation_date,vix__age_days,vix__stale,sofr__observation_date,sofr__age_days,sofr__stale,iorb__observation_date,iorb__age_days,iorb__stale
2017-01-05,2017-01-05 18:00:00-05:00,2017-01-05,194.9670715,5.354559541,6.909672711,1,0.4444444444,-304.4473587,-146.2481447,62.49356542,105.9137917,10.07728692,33.20806597,-191.5381361,-112.9092226,2.25,-0.19,11.67,-1.7,1998.165,4453.101,371.833,233.43,1509.346,,,,2017-01-04,1,False,2017-01-04,1,False,2017-01-04,1,False,2017-01-05,0,False,2017-01-04,1,False,2017-01-04,1,False,2017-01-05,0,False,,,False,,,False
2017-01-12,2017-01-12 18:00:00-05:00,2017-01-12,195.0790863,7.291276693,6.645383986,1,0,-28.24217458,-114.7655135,97.82881713,-130.7008564,-41.29749833,17.77689107,-26.20235014,-2.039824441,2.22,-0.1,11.54,-0.13,2110.927,4452.509,369.01,141.218,1505.424,,,,2017-01-11,1,False,2017-01-11,1,False,2017-01-11,1,False,2017-01-12,0,False,2017-01-11,1,False,2017-01-11,1,False,2017-01-12,0,False,,,False,,,False
2017-01-19,2017-01-19 18:00:00-05:00,2017-01-19,194.5451355,6.197573126,6.113137502,1,0,349.2053973,29.11548643,22.15664087,-388.6720537,-18.64138306,8.717660355,339.1563695,10.04902789,2.22,-0.04,12.78,1.24,2118.818,4460.758,396.916,138.637,1503.204,,,,2017-01-18,1,False,2017-01-18,1,False,2017-01-18,1,False,2017-01-19,0,False,2017-01-18,1,False,2017-01-18,1,False,2017-01-19,0,False,,,False,,,False
2017-01-26,2017-01-26 18:00:00-05:00,2017-01-26,197.4902802,8.535648094,7.389273809,0.8888888889,-0.1111111111,435.8960707,161.6226563,64.94511565,-565.6627468,3.115837959,-12.85198916,516.6854583,-80.78938755,2.21,-0.05,10.63,-2.15,2137.012,4452.838,401.735,94.67,1500.341,,,,2017-01-25,1,False,2017-01-25,1,False,2017-01-25,1,False,2017-01-26,0,False,2017-01-25,1,False,2017-01-25,1,False,2017-01-26,0,False,,,False,,,False
2017-02-02,2017-02-02 18:00:00-05:00,2017-02-02,196.1468964,9.859742697,6.376914217,0.8888888889,-0.1111111111,390.5772629,78.33666847,-73.2163946,-274.6625329,1.751588388,-24.57837808,374.208894,16.36836892,2.23,-0.02,11.93,1.3,2172.093,4453.881,339.229,111.12,1498.401,,,,2017-02-01,1,False,2017-02-01,1,False,2017-02-01,1,False,2017-02-02,0,False,2017-02-01,1,False,2017-02-01,1,False,2017-02-02,0,False,,,False,,,False
2017-02-09,2017-02-09 18:00:00-05:00,2017-02-09,198.5839539,7.18007984,7.402207377,0.8888888889,-0.1111111111,284.1835918,106.3458469,-184.1096784,-128.7453883,8.370561407,-7.007285106,328.2329132,-44.04932141,2.25,0.03,10.88,-1.05,2237.46,4456.236,287.035,83.894,1502.304,,,,2017-02-08,1,False,2017-02-08,1,False,2017-02-08,1,False,2017-02-09,0,False,2017-02-08,1,False,2017-02-08,1,False,2017-02-09,0,False,,,False,,,False
2017-02-16,2017-02-16 18:00:00-05:00,2017-02-16,202.1319427,8.056476515,8.948324286,0.8888888889,-0.1111111111,303.6546703,172.1875152,-275.1505462,-75.45578577,-13.63445405,7.944838075,329.0270398,-25.37236945,2.19,-0.03,11.76,0.88,2254.271,4454.676,274.178,104.978,1506.748,,,,2017-02-15,1,False,2017-02-15,1,False,2017-02-15,1,False,2017-02-16,0,False,2017-02-15,1,False,2017-02-15,1,False,2017-02-16,0,False,,,False,,,False
2017-02-23,2017-02-23 18:00:00-05:00,2017-02-23,203.613205,7.364418176,9.401835329,0.8888888889,-0.1111111111,238.3738191,147.2303623,-389.7828756,207.746161,35.62671716,24.31033871,193.353093,45.02072611,2.21,0,11.71,-0.05,2243.156,4468.702,228.171,187.176,1511.166,,,,2017-02-22,1,False,2017-02-22,1,False,2017-02-22,1,False,2017-02-23,0,False,2017-02-22,1,False,2017-02-22,1,False,2017-02-23,0,False,,,False,,,False
2017-03-02,2017-03-02 18:00:00-05:00,2017-03-02,205.1891022,9.101617895,9.812052456,0.8888888889,0,305.0395823,658.168678,-428.489221,128.0276685,9.288528364,38.36878444,271.3812964,33.65828589,2.18,-0.05,11.81,0.1,2307.954,4458.018,148.385,168.142,1515.49,,,,2017-03-01,1,False,2017-03-01,1,False,2017-03-01,1,False,2017-03-02,0,False,2017-03-01,1,False,2017-03-01,1,False,2017-03-02,0,False,,,False,,,False
2017-03-09,2017-03-09 18:00:00-05:00,2017-03-09,203.9748535,5.185665814,8.71564676,0.8888888889,0,255.0829893,488.9810723,-495.6469989,300.5608321,8.08754294,50.99819668,152.1755131,102.9074762,2.15,-0.1,12.3,0.49,2351.131,4459.84,66.163,217.831,1525.03,,,,2017-03-08,1,False,2017-03-08,1,False,2017-03-08,1,False,2017-03-09,0,False,2017-03-08,1,False,2017-03-08,1,False,2017-03-09,0,False,,,False,,,False
2017-03-16,2017-03-16 18:00:00-04:00,2017-03-16,205.3699036,5.972273609,9.058792533,0.8888888889,0,255.5718979,547.0084476,-562.9186051,233.767843,33.45024419,50.20791636,312.3930899,-56.82119193,2.2,0.01,11.21,-1.09,2368.12,4469.577,23.416,209.114,1529.114,,,,2017-03-15,1,False,2017-03-15,1,False,2017-03-15,1,False,2017-03-16,0,False,2017-03-15,1,False,2017-03-15,1,False,2017-03-16,0,False,,,False,,,False
2017-03-23,2017-03-23 18:00:00-04:00,2017-03-23,202.414566,4.137263816,7.138328967,0.7777777778,-0.1111111111,158.4486949,785.8581469,-389.2092156,99.10484073,21.33505434,46.22371328,265.2157159,-106.7670209,2.23,0.02,13.12,1.91,2313.962,4478.236,54.245,231.463,1531.822,,,,2017-03-22,1,False,2017-03-22,1,False,2017-03-22,1,False,2017-03-23,0,False,2017-03-22,1,False,2017-03-22,1,False,2017-03-23,0,False,,,False,,,False
2017-03-30,2017-03-30 18:00:00-04:00,2017-03-30,204.3692169,5.362244096,7.815362326,0.7777777778,-0.1111111111,-85.1723793,734.6121523,-191.3047457,125.5984162,26.02053199,41.83024833,49.89661325,-135.0689925,2.23,0.05,11.54,-1.58,2269.984,4469.618,63.101,224.134,1534.138,,,,2017-03-29,1,False,2017-03-29,1,False,2017-03-29,1,False,2017-03-30,0,False,2017-03-29,1,False,2017-03-29,1,False,2017-03-30,0,False,,,False,,,False
2017-04-06,2017-04-06 18:00:00-04:00,2017-04-06,203.6340942,4.417690668,7.04732003,0.7777777778,-0.1111111111,-29.94502045,762.6393383,37.64709048,-225.3309536,33.1715936,27.27676329,193.5786934,-223.5237139,2.29,0.14,12.39,0.85,2337.776,4474.634,82.953,117.337,1537.195,,,,2017-04-05,1,False,2017-04-05,1,False,2017-04-05,1,False,2017-04-06,0,False,2017-04-05,1,False,2017-04-05,1,False,2017-04-06,0,False,,,False,,,False
2017-04-13,2017-04-13 18:00:00-04:00,2017-04-13,201.0998993,2.98635255,5.325541331,0.3333333333,-0.5555555556,-0.7897839102,576.8433034,214.2059528,-231.7579494,33.37004822,23.91501478,27.00702997,-27.79681388,2.28,0.08,15.96,3.57,2367.767,4484.492,119.157,105.528,1539.803,,,,2017-04-12,1,False,2017-04-12,1,False,2017-04-12,1,False,2017-04-12,1,False,2017-04-12,1,False,2017-04-12,1,False,2017-04-13,0,False,,,False,,,False
2017-04-20,2017-04-20 18:00:00-04:00,2017-04-20,203.5475769,3.850545827,6.329622323,0.6666666667,-0.1111111111,-127.9343027,309.0326801,391.3147945,-229.4139925,2.308944861,18.49612213,-178.0879793,50.15367658,2.29,0.06,14.15,-1.81,2256.67,4479.27,229.485,128.726,1540.105,,,,2017-04-19,1,False,2017-04-19,1,False,2017-04-19,1,False,2017-04-20,0,False,2017-04-19,1,False,2017-04-19,1,False,2017-04-20,0,False,,,False,,,False
2017-04-27,2017-04-27 18:00:00-04:00,2017-04-27,206.3671722,5.321506966,7.454982164,0.7777777778,0,-155.0781297,142.9605119,464.7913983,-215.4725527,1.172359696,14.87599164,-263.0224775,107.9443478,2.27,0.04,10.36,-3.79,2200.67,4470.142,270.845,127.826,1540.787,,,,2017-04-26,1,False,2017-04-26,1,False,2017-04-26,1,False,2017-04-27,0,False,2017-04-26,1,False,2017-04-26,1,False,2017-04-27,0,False,,,False,,,False
2017-05-04,2017-05-04 18:00:00-04:00,2017-05-04,206.5055389,4.743035466,7.214040035,0.7777777778,0.1111111111,-306.0697255,64.50104976,269.1952012,79.23776559,-7.571568982,13.94527463,-369.9498104,63.88008494,2.23,-0.06,10.46,0.1,2200.821,4471.246,203.408,152.793,1543.435,,,,2017-05-03,1,False,2017-05-03,1,False,2017-05-03,1,False,2017-05-04,0,False,2017-05-03,1,False,2017-05-03,1,False,2017-05-04,0,False,,,False,,,False
2017-05-11,2017-05-11 18:00:00-04:00,2017-05-11,207.0418091,2.87606114,7.178516985,0.7777777778,0.2222222222,-329.6895167,-39.36506056,154.0843422,124.2147383,-24.60256368,15.15667772,-318.0583219,-11.63119479,2.22,-0.06,10.6,0.14,2219.918,4473.459,188.256,161.232,1546.6,,,,2017-05-10,1,False,2017-05-10,1,False,2017-05-10,1,False,2017-05-11,0,False,2017-05-10,1,False,2017-05-10,1,False,2017-05-11,0,False,,,False,,,False
2017-05-18,2017-05-18 18:00:00-04:00,2017-05-18,204.7843933,0.6433314171,5.713054027,0.4444444444,-0.2222222222,-20.08586221,-14.81140267,-126.3464806,126.2728078,-27.15174571,16.39329623,-43.47136922,23.38550701,2.26,-0.03,14.66,4.06,2247.673,4467.108,172.891,185.287,1547.448,,,,2017-05-17,1,False,2017-05-17,1,False,2017-05-17,1,False,2017-05-18,0,False,2017-05-17,1,False,2017-05-17,1,False,2017-05-18,0,False,,,False,,,False
2017-05-25,2017-05-25 18:00:00-04:00,2017-05-25,209.1002655,1.264416418,7.629326514,0.8888888889,0.1111111111,12.28820024,-82.78242765,-241.1265682,57.32480087,1.588316434,17.02183063,168.3682532,-156.0800529,2.25,-0.02,9.99,-4.67,2206.163,4470.852,163.058,153.451,1548.396,,,,2017-05-24,1,False,2017-05-24,1,False,2017-05-24,1,False,2017-05-25,0,False,2017-05-24,1,False,2017-05-24,1,False,2017-05-25,0,False,,,False,,,False
2017-06-01,2017-06-01 18:00:00-04:00,2017-06-01,210.4841156,3.130245093,8.083236932,0.7777777778,0.2222222222,-159.2732764,-400.0611931,-30.36513759,24.51665598,-25.34416581,25.72437303,-45.22005723,-114.0532192,2.23,0,9.89,-0.1,2129.606,4459.914,189.831,163.755,1554.937,,,,2017-05-31,1,False,2017-05-31,1,False,2017-05-31,1,False,2017-06-01,0,False,2017-05-31,1,False,2017-05-31,1,False,2017-06-01,0,False,,,False,,,False
2017-06-08,2017-06-08 18:00:00-04:00,2017-06-08,210.8473816,3.351843993,7.926839343,0.8888888889,0.2222222222,113.8447899,-180.0176688,-74.87718117,-21.57167418,-24.62523966,20.10748282,51.71613286,62.12865704,2.23,0.01,10.16,0.27,2270.846,4462.443,154.76,151.582,1555.595,,,,2017-06-07,1,False,2017-06-07,1,False,2017-06-07,1,False,2017-06-08,0,False,2017-06-07,1,False,2017-06-07,1,False,2017-06-08,0,False,,,False,,,False
2017-06-15,2017-06-15 18:00:00-04:00,2017-06-15,210.8386688,4.295495386,7.57550502,0.8888888889,0.5555555556,-36.86725282,-306.3287644,-20.03533382,-120.6798672,20.50767521,16.03498281,145.1878934,-182.0551462,2.19,-0.07,10.9,0.74,2231.204,4476.269,163.941,131.378,1554.611,,,,2017-06-14,1,False,2017-06-14,1,False,2017-06-14,1,False,2017-06-15,0,False,2017-06-14,1,False,2017-06-14,1,False,2017-06-15,0,False,,,False,,,False
2017-06-22,2017-06-22 18:00:00-04:00,2017-06-22,211.0586243,3.698892811,7.336345578,0.8888888889,0.1111111111,-92.92859616,-333.49292,138.8281249,93.25515584,7.615998025,14.17403215,-238.6413149,145.7127187,2.15,-0.1,10.48,-0.42,2164.616,4474.257,225.126,195.144,1554.733,,,,2017-06-21,1,False,2017-06-21,1,False,2017-06-21,1,False,2017-06-22,0,False,2017-06-21,1,False,2017-06-21,1,False,2017-06-22,0,False,,,False,,,False
2017-06-29,2017-06-29 18:00:00-04:00,2017-06-29,209.7636566,2.992606402,6.316541369,0.4444444444,-0.3333333333,-25.78076618,-339.7963763,17.41289182,237.2467272,7.697457843,2.159234461,-249.1213956,223.3406294,2.14,-0.09,11.44,0.96,2118.108,4463.347,197.597,269.565,1555.9,,,,2017-06-28,1,False,2017-06-28,1,False,2017-06-28,1,False,2017-06-29,0,False,2017-06-28,1,False,2017-06-28,1,False,2017-06-29,0,False,,,False,,,False
2017-07-06,2017-07-06 18:00:00-04:00,2017-07-06,209.0683594,2.712281106,5.668458582,0.4444444444,-0.4444444444,-226.7726445,-375.7312889,23.04567252,86.07392856,10.82142674,16.43718474,-114.7353591,-112.0372854,2.08,-0.15,12.54,1.1,2169.65,4467.272,165.044,189.992,1562.93,,,,2017-07-05,1,False,2017-07-05,1,False,2017-07-05,1,False,2017-07-06,0,False,2017-07-05,1,False,2017-07-05,1,False,2017-07-06,0,False,,,False,,,False
2017-07-13,2017-07-13 18:00:00-04:00,2017-07-13,212.4318542,5.020710798,7.005183296,0.6666666667,-0.2222222222,17.30682405,-287.2476972,-3.987696003,69.25633826,-21.37271017,23.13980683,-109.7811593,127.0879833,2.09,-0.1,9.9,-2.64,2238.951,4466.702,162.156,162.379,1564.969,,,,2017-07-12,1,False,2017-07-12,1,False,2017-07-12,1,False,2017-07-13,0,False,2017-07-12,1,False,2017-07-12,1,False,2017-07-13,0,False,,,False,,,False
2017-07-20,2017-07-20 18:00:00-04:00,2017-07-20,214.7611237,4.089295348,7.782057641,0.8888888889,0,192.2777346,-13.44861998,-80.11162524,-153.0265249,5.913831056,16.05853218,222.993449,-30.71571436,2.07,-0.08,9.58,-0.32,2250.646,4476.903,189.282,126.676,1561.918,,,,2017-07-19,1,False,2017-07-19,1,False,2017-07-19,1,False,2017-07-20,0,False,2017-07-19,1,False,2017-07-19,1,False,2017-07-20,0,False,,,False,,,False
2017-07-27,2017-07-27 18:00:00-04:00,2017-07-27,214.8480377,4.035483963,7.416674694,1,0.2222222222,393.2206033,207.9262806,-31.5077452,-389.6828994,4.339792537,10.42491207,415.1055251,-21.88492179,2.07,-0.07,10.11,0.53,2293.616,4465.284,183.534,95.636,1560.553,,,,2017-07-26,1,False,2017-07-26,1,False,2017-07-26,1,False,2017-07-27,0,False,2017-07-26,1,False,2017-07-26,1,False,2017-07-27,0,False,,,False,,,False
2017-08-03,2017-08-03 18:00:00-04:00,2017-08-03,214.6394501,3.643638457,6.881155585,0.8888888889,0.4444444444,272.9316684,202.9747413,0.8125764449,-228.6585639,-0.9536021088,-0.3245828774,227.2169682,45.71470016,2.05,-0.03,10.44,0.33,2291.576,4466.846,165.407,87.844,1562.785,,,,2017-08-02,1,False,2017-08-02,1,False,2017-08-02,1,False,2017-08-03,0,False,2017-08-02,1,False,2017-08-02,1,False,2017-08-03,0,False,,,False,,,False
2017-08-10,2017-08-10 18:00:00-04:00,2017-08-10,211.8582306,2.027980435,5.089537667,0.3333333333,-0.3333333333,217.9773802,260.1946279,-50.60333105,-161.4300663,5.330554848,0.8417843859,216.5221678,1.455212369,2.09,0,16.04,5.6,2336.315,4469.083,139.553,90.273,1565.345,,,,2017-08-09,1,False,2017-08-09,1,False,2017-08-09,1,False,2017-08-10,0,False,2017-08-09,1,False,2017-08-09,1,False,2017-08-10,0,False,,,False,,,False
2017-08-17,2017-08-17 18:00:00-04:00,2017-08-17,211.2759399,1.760247126,4.40238532,0.3333333333,-0.5555555556,255.3662655,262.5815181,-208.2980132,-107.4269422,-31.34309589,8.472374764,275.9094847,-20.54321927,2.09,0.02,15.55,-0.49,2364.971,4462.871,96.029,78.582,1565.711,,,,2017-08-16,1,False,2017-08-16,1,False,2017-08-16,1,False,2017-08-17,0,False,2017-08-16,1,False,2017-08-16,1,False,2017-08-17,0,False,,,False,,,False
2017-08-24,2017-08-24 18:00:00-04:00,2017-08-24,212.0581665,1.548994674,4.376272295,0.2222222222,-0.7777777778,99.7764084,295.2591587,-258.8950669,78.92667073,-3.24055536,10.88620567,165.8416352,-66.06522676,2.12,0.05,12.23,-3.32,2338.169,4463.837,67.93,130.879,1565.414,,,,2017-08-23,1,False,2017-08-23,1,False,2017-08-23,1,False,2017-08-24,0,False,2017-08-23,1,False,2017-08-23,1,False,2017-08-24,0,False,,,False,,,False
2017-08-31,2017-08-31 18:00:00-04:00,2017-08-31,215.1000824,2.067170235,5.505153004,0.5555555556,-0.3333333333,90.39935561,453.7083002,-220.5806961,281.2767666,-32.43004124,9.852589501,-102.9787013,193.3780569,2.14,0.09,10.59,-1.64,2331.956,4452.36,66.877,213.486,1567.186,,,,2017-08-30,1,False,2017-08-30,1,False,2017-08-30,1,False,2017-08-31,0,False,2017-08-30,1,False,2017-08-30,1,False,2017-08-31,0,False,,,False,,,False
2017-09-07,2017-09-07 18:00:00-04:00,2017-09-07,214.561203,1.440958968,4.956476842,0.6666666667,0,46.39206746,193.1722153,-225.7532474,81.30079482,-34.92662812,21.82774408,87.69808034,-41.30601289,2.17,0.08,11.55,0.96,2357.048,4453.474,38.662,126.607,1575.1,,,,2017-09-06,1,False,2017-09-06,1,False,2017-09-06,1,False,2017-09-07,0,False,2017-09-06,1,False,2017-09-06,1,False,2017-09-07,0,False,,,False,,,False
2017-09-14,2017-09-14 18:00:00-04:00,2017-09-14,217.3598175,2.91345892,5.966885684,0.8888888889,0.1111111111,-10.71283485,288.1551578,-51.10835603,42.53315859,18.60461573,30.8344113,-3.654598128,-7.058236727,2.13,0.04,10.44,-1.11,2360.19,4471.174,73.22,97.564,1579.472,,,,2017-09-13,1,False,2017-09-13,1,False,2017-09-13,1,False,2017-09-14,0,False,2017-09-13,1,False,2017-09-13,1,False,2017-09-14,0,False,,,False,,,False
2017-09-21,2017-09-21 18:00:00-04:00,2017-09-21,217.8270721,3.852675218,5.814758945,0.7777777778,0.4444444444,-243.6468894,144.8128706,186.5525108,49.2558308,-11.78582462,31.92096844,-279.5151346,35.86824519,2.06,-0.06,9.67,-0.77,2229.409,4458.576,151.204,152.866,1579.663,,,,2017-09-20,1,False,2017-09-20,1,False,2017-09-20,1,False,2017-09-21,0,False,2017-09-20,1,False,2017-09-20,1,False,2017-09-21,0,False,,,False,,,False
2017-09-28,2017-09-28 18:00:00-04:00,2017-09-28,218.6656189,3.634081434,5.894252903,0.7777777778,0.3333333333,-343.9075007,136.0593295,198.2813609,-10.21929943,7.414045585,26.41295852,-207.0609744,-136.8465263,2.06,-0.08,9.55,-0.12,2178.836,4455.661,155.159,208.936,1578.946,,,,2017-09-27,1,False,2017-09-27,1,False,2017-09-27,1,False,2017-09-28,0,False,2017-09-27,1,False,2017-09-27,1,False,2017-09-28,0,False,,,False,,,False
2017-10-05,2017-10-05 18:00:00-04:00,2017-10-05,222.4301605,4.882527216,7.369805749,0.7777777778,0.1111111111,-288.6061533,131.7761712,260.3742606,13.96662471,15.60130361,11.79977698,-270.5393587,-18.0667946,2.01,-0.16,9.19,-0.36,2228.518,4460.422,154.619,132.827,1580.355,,,,2017-10-04,1,False,2017-10-04,1,False,2017-10-04,1,False,2017-10-05,0,False,2017-10-04,1,False,2017-10-04,1,False,2017-10-05,0,False,,,False,,,False
2017-10-12,2017-10-12 18:00:00-04:00,2017-10-12,222.4126892,3.608945489,7.002830157,0.8888888889,0,-206.771197,64.45023644,183.5916026,11.72622671,-26.29958038,11.84923691,-233.4666466,26.69544956,1.97,-0.16,9.91,0.72,2267.739,4459.415,155.307,102.807,1584.77,,,,2017-10-11,1,False,2017-10-11,1,False,2017-10-11,1,False,2017-10-12,0,False,2017-10-11,1,False,2017-10-11,1,False,2017-10-12,0,False,,,False,,,False
2017-10-19,2017-10-19 18:00:00-04:00,2017-10-19,223.4171295,3.891806492,7.105934024,0.8888888889,0.1111111111,57.63050804,9.957776615,100.7092848,-112.7131174,25.00125601,10.51008214,26.49500648,31.13550156,1.95,-0.11,10.05,0.14,2255.104,4469.723,196.106,102.612,1584.349,,,,2017-10-18,1,False,2017-10-18,1,False,2017-10-18,1,False,2017-10-19,0,False,2017-10-18,1,False,2017-10-18,1,False,2017-10-19,0,False,,,False,,,False
2017-10-26,2017-10-26 18:00:00-04:00,2017-10-26,223.2685852,3.818525241,6.670707248,0.8888888889,0.1111111111,140.9038973,-116.44948,67.17970689,-248.0529825,12.24509674,10.40698563,182.7113867,-41.80748939,1.93,-0.13,11.3,1.25,2241.618,4461.117,185.092,98.412,1583.583,,,,2017-10-25,1,False,2017-10-25,1,False,2017-10-25,1,False,2017-10-26,0,False,2017-10-25,1,False,2017-10-25,1,False,2017-10-26,0,False,,,False,,,False
2017-11-02,2017-11-02 18:00:00-04:00,2017-11-02,224.9892578,4.699027758,7.112589438,0.7777777778,0,118.7197086,-22.61998735,60.85747044,-166.0582788,-10.16719943,11.3442181,83.68939082,35.03031776,1.92,-0.09,9.93,-1.37,2281.472,4455.887,181.764,58.758,1585.415,,,,2017-11-01,1,False,2017-11-01,1,False,2017-11-01,1,False,2017-11-02,0,False,2017-11-01,1,False,2017-11-01,1,False,2017-11-02,0,False,,,False,,,False
2017-11-09,2017-11-09 18:00:00-05:00,2017-11-09,225.4959412,5.066512872,6.975977538,0.7777777778,-0.1111111111,111.8330543,-41.85422379,11.50375105,-126.5390191,-1.935231415,12.10472674,100.9953099,10.83774441,1.92,-0.05,10.5,0.57,2317.61,4458.552,160.437,46.378,1590.168,,,,2017-11-08,1,False,2017-11-08,1,False,2017-11-08,1,False,2017-11-09,0,False,2017-11-08,1,False,2017-11-08,1,False,2017-11-09,0,False,,,False,,,False
2017-11-16,2017-11-16 18:00:00-05:00,2017-11-16,225.8889465,6.273903153,6.795600579,0.6666666667,-0.2222222222,229.772628,-16.05468767,-107.2572059,-183.239543,-47.95375463,15.47523191,227.0677624,2.704865604,1.95,0,11.76,1.26,2357.806,4448.289,148.165,20.709,1591.266,,,,2017-11-15,1,False,2017-11-15,1,False,2017-11-15,1,False,2017-11-16,0,False,2017-11-15,1,False,2017-11-15,1,False,2017-11-16,0,False,,,False,,,False
2017-11-23,2017-11-23 18:00:00-05:00,2017-11-22,226.8846741,6.615945906,6.974054085,0.7777777778,-0.1111111111,260.4459825,43.99130165,-82.7752332,-104.8571468,-28.75513016,17.22214414,141.6551057,118.7908768,1.88,-0.05,9.88,-1.88,2357.806,4448.289,162.665,51.634,1591.266,,,,2017-11-15,8,False,2017-11-15,8,False,2017-11-21,2,False,2017-11-22,1,False,2017-11-15,8,False,2017-11-21,2,False,2017-11-22,1,False,,,False,,,False
2017-11-30,2017-11-30 18:00:00-05:00,2017-11-30,231.4702606,7.867651953,8.768735879,1,0.2222222222,-23.11773167,-136.5231024,-6.90995979,98.65824694,-38.81382091,31.02188184,-161.5839899,138.4662582,1.92,0,11.28,1.4,2271.171,4438.592,178.685,102.719,1599.238,,,,2017-11-29,1,False,2017-11-29,1,False,2017-11-29,1,False,2017-11-30,0,False,2017-11-29,1,False,2017-11-29,1,False,2017-11-30,0,False,,,False,,,False
2017-12-07,2017-12-07 18:00:00-05:00,2017-12-07,230.6492157,6.08008071,8.035614209,0.8888888889,0.1111111111,17.23205202,-71.30388546,-85.92475763,38.51923225,-48.0066174,21.09204962,-21.69314163,38.92519365,1.86,-0.06,10.16,-1.12,2325.293,4437.148,122.127,63.552,1599.572,,,,2017-12-06,1,False,2017-12-06,1,False,2017-12-06,1,False,2017-12-07,0,False,2017-12-06,1,False,2017-12-06,1,False,2017-12-07,0,False,,,False,,,False
2017-12-14,2017-12-14 18:00:00-05:00,2017-12-14,232.0379639,6.238501973,8.332986171,1,0.4444444444,-78.78085259,-83.70955816,-187.5575081,195.513376,9.974621703,25.1737241,-23.15497037,-55.62588222,1.83,-0.12,10.49,0.33,2322.762,4452.726,64.734,107.679,1602.464,,,,2017-12-13,1,False,2017-12-13,1,False,2017-12-13,1,False,2017-12-14,0,False,2017-12-13,1,False,2017-12-13,1,False,2017-12-14,0,False,,,False,,,False
2017-12-21,2017-12-21 18:00:00-05:00,2017-12-21,234.9096375,7.5576099,9.287202788,0.8888888889,0.1111111111,-271.2616019,17.34185982,50.92295037,146.8969305,-1.841157353,28.67619437,-228.3372326,-42.92436935,1.82,-0.06,9.62,-0.87,2237.141,4447.47,170.817,116.978,1604.022,,,,2017-12-20,1,False,2017-12-20,1,False,2017-12-20,1,False,2017-12-21,0,False,2017-12-20,1,False,2017-12-20,1,False,2017-12-21,0,False,,,False,,,False
2017-12-28,2017-12-28 18:00:00-05:00,2017-12-28,235.1641693,6.477577777,9.101090046,0.8888888889,0,-213.3987535,-5.350496817,17.57539328,125.6231706,22.72792814,29.02271711,-149.4933528,-63.90540063,1.76,-0.16,10.18,0.56,2176.452,4448.68,186.486,158.478,1612.12,,,,2017-12-27,1,False,2017-12-27,1,False,2017-12-27,1,False,2017-12-28,0,False,2017-12-27,1,False,2017-12-27,1,False,2017-12-28,0,False,,,False,,,False
2018-01-04,2018-01-04 18:00:00-05:00,2018-01-04,238.447525,7.500823614,10.29480439,0.8888888889,-0.1111111111,-294.4278622,-75.92779338,107.7944662,29.46036508,14.80680834,41.55822614,-164.0062491,-130.4216132,1.77,-0.09,9.22,-0.96,2194.651,4443.718,169.957,76.624,1618.012,,,,2018-01-03,1,False,2018-01-03,1,False,2018-01-03,1,False,2018-01-04,0,False,2018-01-03,1,False,2018-01-03,1,False,2018-01-04,0,False,,,False,,,False
2018-01-11,2018-01-11 18:00:00-05:00,2018-01-11,242.4069061,8.712222018,11.6313385,0.8888888889,-0.1111111111,-145.6815443,-22.07688677,300.5776686,-166.3744861,-14.96611289,27.22152677,-176.3908222,30.70927787,1.73,-0.1,9.88,0.66,2257.894,4446.062,198.573,33.597,1614.585,,,,2018-01-10,1,False,2018-01-10,1,False,2018-01-10,1,False,2018-01-11,0,False,2018-01-10,1,False,2018-01-10,1,False,2018-01-11,0,False,,,False,,,False
2018-01-18,2018-01-18 18:00:00-05:00,2018-01-18,245.0581665,9.123269007,12.43250594,0.8888888889,0,-6.046134094,-46.2042055,193.150263,-211.747353,-18.71850738,14.89610947,-15.01752682,8.971392724,1.66,-0.16,12.22,2.34,2234.452,4439.145,256.72,22.804,1610.647,,,,2018-01-17,1,False,2018-01-17,1,False,2018-01-17,1,False,2018-01-18,0,False,2018-01-17,1,False,2018-01-17,1,False,2018-01-18,0,False,,,False,,,False
2018-01-25,2018-01-25 18:00:00-05:00,2018-01-25,248.7102051,10.49163592,13.52723407,0.8888888889,0,12.96564374,-133.146026,201.1315716,-311.5238678,-16.55097692,-9.951266443,103.7925857,-90.82694192,1.65,-0.11,11.58,-0.64,2182.22,4441.317,275.963,19.891,1607.693,,,,2018-01-24,1,False,2018-01-24,1,False,2018-01-24,1,False,2018-01-25,0,False,2018-01-24,1,False,2018-01-24,1,False,2018-01-25,0,False,,,False,,,False
2018-02-01,2018-02-01 18:00:00-05:00,2018-02-01,247.2002716,9.506407509,12.24476227,0.8888888889,0,-117.6379779,-312.1623147,238.1721792,-100.8142281,-55.11825908,-27.55800436,-164.9182059,47.28022795,1.56,-0.21,13.47,1.89,2142.376,4419.225,275.794,31.825,1605.766,,,,2018-01-31,1,False,2018-01-31,1,False,2018-01-31,1,False,2018-02-01,0,False,2018-01-31,1,False,2018-01-31,1,False,2018-02-01,0,False,,,False,,,False
2018-02-08,2018-02-08 18:00:00-05:00,2018-02-08,226.1744537,0.3320197667,2.346477285,0,-0.8888888889,-40.21536362,-174.0385668,8.205013785,-0.7309839584,-56.94252577,-12.47171092,-51.94484467,11.72948106,1.62,-0.11,33.46,19.99,2240.014,4420.745,202.221,33.272,1609.04,,,,2018-02-07,1,False,2018-02-07,1,False,2018-02-07,1,False,2018-02-08,0,False,2018-02-07,1,False,2018-02-07,1,False,2018-02-08,0,False,,,False,,,False
2018-02-15,2018-02-15 18:00:00-05:00,2018-02-15,239.6942444,6.424297576,8.119468183,0.4444444444,-0.4444444444,48.46654029,-228.9397114,-170.9225538,14.13785763,-9.646001651,6.744542023,140.3941525,-91.92761219,1.66,0,19.13,-14.33,2255.967,4434.863,180.845,29.08,1613.641,,,,2018-02-14,1,False,2018-02-14,1,False,2018-02-14,1,False,2018-02-15,0,False,2018-02-14,1,False,2018-02-14,1,False,2018-02-15,0,False,,,False,,,False
2018-02-22,2018-02-22 18:00:00-05:00,2018-02-22,237.3852386,4.387028247,6.776626496,0.4444444444,-0.4444444444,74.5702232,-320.2737052,-151.184885,36.99127984,-66.77523807,26.17466846,21.24369866,53.32652454,1.67,0.02,18.72,-0.41,2215.339,4411.66,208.817,36.32,1619.318,,,,2018-02-21,1,False,2018-02-21,1,False,2018-02-21,1,False,2018-02-22,0,False,2018-02-21,1,False,2018-02-21,1,False,2018-02-22,0,False,,,False,,,False
2018-03-01,2018-03-01 18:00:00-05:00,2018-03-01,235.0149689,1.742577873,5.323360533,0.1111111111,-0.7777777778,149.1935803,-141.6282461,-172.8900429,-39.57933801,-58.43558543,39.27838026,114.7554153,34.43816506,1.68,0.12,22.47,3.75,2208.308,4393.401,199.39,14.334,1623.124,,,,2018-02-28,1,False,2018-02-28,1,False,2018-02-28,1,False,2018-03-01,0,False,2018-02-28,1,False,2018-02-28,1,False,2018-03-01,0,False,,,False,,,False
2018-03-08,2018-03-08 18:00:00-05:00,2018-03-08,240.633606,3.76297073,7.443701647,0.3333333333,0.2222222222,48.26788245,-144.1038252,-33.26588618,-59.51259347,-55.75530821,46.21845413,-9.195282696,57.46316515,1.77,0.15,16.54,-5.93,2261.352,4396.097,187.515,6.963,1629.472,,,,2018-03-07,1,False,2018-03-07,1,False,2018-03-07,1,False,2018-03-08,0,False,2018-03-07,1,False,2018-03-07,1,False,2018-03-08,0,False,,,False,,,False
2018-03-15,2018-03-15 18:00:00-04:00,2018-03-15,241.4236755,3.185645104,7.382643021,0.3333333333,0,-148.4239761,-297.837774,124.727641,-57.12465075,-62.24544028,44.27194256,-174.1203731,25.69639693,1.8,0.14,16.59,0.05,2190.143,4407.258,236.16,3.746,1633.275,,,,2018-03-14,1,False,2018-03-14,1,False,2018-03-14,1,False,2018-03-15,0,False,2018-03-14,1,False,2018-03-14,1,False,2018-03-15,0,False,,,False,,,False
2018-03-22,2018-03-22 18:00:00-04:00,2018-03-22,232.4041443,-1.040691869,3.055002366,0.1111111111,-0.3333333333,-181.9519183,-229.5080124,204.3584501,-56.05146362,-23.6600282,33.62679808,-205.5938128,23.64189443,1.82,0.15,23.34,6.75,2135.068,4401.222,298.973,11.592,1634.153,,,,2018-03-21,1,False,2018-03-21,1,False,2018-03-21,1,False,2018-03-22,0,False,2018-03-21,1,False,2018-03-21,1,False,2018-03-22,0,False,,,False,,,False
2018-03-29,2018-03-29 18:00:00-04:00,2018-03-29,231.9457245,-1.698896964,2.629479525,0.1111111111,0,-203.2662168,-129.1326865,229.8105727,8.112166406,-2.738197583,27.60276151,-268.2636982,64.99748145,1.86,0.18,19.97,-3.37,2119.005,4392.198,300.355,17.898,1635.251,,,,2018-03-28,1,False,2018-03-28,1,False,2018-03-28,1,False,2018-03-28,1,False,2018-03-28,1,False,2018-03-28,1,False,2018-03-29,0,False,,,False,,,False
2018-04-05,2018-04-05 18:00:00-04:00,2018-04-05,234.1404572,-2.634404256,3.422972976,0.2222222222,-0.1111111111,-369.9213188,-215.8552815,257.2486458,-5.272859084,-22.73152753,18.75982263,-293.4671369,-76.45418197,1.85,0.08,18.94,-1.03,2098.731,4386.104,300.604,4.645,1637.719,1.74,,-1,2018-04-04,1,False,2018-04-04,1,False,2018-04-04,1,False,2018-04-05,0,False,2018-04-04,1,False,2018-04-04,1,False,2018-04-05,0,False,2018-04-04,1,False,,,False
2018-04-12,2018-04-12 18:00:00-04:00,2018-04-12,234.3960724,-3.601424462,3.300021877,0.2222222222,-0.2222222222,-139.0864796,-290.256861,117.1794345,0.8486001954,-53.48904012,15.1318575,-186.6489323,47.56245266,1.8,0,18.49,-0.45,2128.844,4383.684,287.804,4.12,1639.944,1.76,,1,2018-04-11,1,False,2018-04-11,1,False,2018-04-11,1,False,2018-04-12,0,False,2018-04-11,1,False,2018-04-11,1,False,2018-04-12,0,False,2018-04-11,1,False,,,False
2018-04-19,2018-04-19 18:00:00-04:00,2018-04-19,237.005127,-4.702950144,4.149158958,0.6666666667,0.4444444444,-154.2957842,-376.8586068,118.0808421,5.289440069,-34.80624245,14.23013881,-172.4066634,18.11087921,1.76,-0.06,15.96,-2.53,2067.159,4385.903,350.943,13.92,1640.416,1.75,,0,2018-04-18,1,False,2018-04-18,1,False,2018-04-18,1,False,2018-04-19,0,False,2018-04-18,1,False,2018-04-18,1,False,2018-04-19,0,False,2018-04-18,1,False,,,False
2018-04-26,2018-04-26 18:00:00-04:00,2018-04-26,234.7310028,-5.104840147,2.884842693,0.4444444444,0.3333333333,-246.0203297,-385.6333606,233.851024,-32.10920819,-43.9688739,14.7374959,-260.4481856,14.42785594,1.8,-0.06,16.24,0.28,2010.948,4372.886,403.067,3.795,1641.724,1.71,,-4,2018-04-25,1,False,2018-04-25,1,False,2018-04-25,1,False,2018-04-26,0,False,2018-04-25,1,False,2018-04-25,1,False,2018-04-26,0,False,2018-04-25,1,False,,,False
2018-05-03,2018-05-03 18:00:00-04:00,2018-05-03,231.4785919,-2.028065879,1.23677828,0.2222222222,0,-243.7425104,-340.6773812,192.3278609,2.5763183,-68.34083278,13.36493617,-276.6099481,32.86743771,1.83,-0.02,15.9,-0.34,1991.823,4356.129,384.961,5.775,1643.581,1.75,,0,2018-05-02,1,False,2018-05-02,1,False,2018-05-02,1,False,2018-05-03,0,False,2018-05-02,1,False,2018-05-02,1,False,2018-05-03,0,False,2018-05-02,1,False,,,False
2018-05-10,2018-05-10 18:00:00-04:00,2018-05-10,239.7639008,2.67268944,4.611533399,0.7777777778,0.5555555556,-187.2146806,-437.1186305,115.3664361,1.197622821,-58.11778404,15.40028889,-190.0821318,2.867451212,1.86,0.06,13.23,-2.67,2046.775,4358.207,338.377,4.645,1646.695,1.72,,-3,2018-05-09,1,False,2018-05-09,1,False,2018-05-09,1,False,2018-05-10,0,False,2018-05-09,1,False,2018-05-09,1,False,2018-05-10,0,False,2018-05-09,1,False,,,False
2018-05-17,2018-05-17 18:00:00-04:00,2018-05-17,239.7551422,1.12920345,4.321292709,0.7777777778,0.1111111111,-101.4568722,-526.0726205,-52.88534653,-27.41510699,-110.1118743,23.34296951,-53.15439033,-48.30248184,1.8,0.04,13.43,0.2,2022.661,4337.609,327.748,1.896,1650.654,1.75,,0,2018-05-16,1,False,2018-05-16,1,False,2018-05-16,1,False,2018-05-17,0,False,2018-05-16,1,False,2018-05-16,1,False,2018-05-17,0,False,2018-05-16,1,False,,,False
2018-05-24,2018-05-24 18:00:00-04:00,2018-05-24,240.4514313,0.8255380954,4.336584805,0.8888888889,0.4444444444,67.68299014,-396.2091367,-207.8672986,6.460264457,-81.37646396,28.04783843,91.98273177,-24.29974164,1.84,0.04,12.53,-0.9,2040.545,4337.301,312.169,6.62,1653.989,1.67,,-8,2018-05-23,1,False,2018-05-23,1,False,2018-05-23,1,False,2018-05-24,0,False,2018-05-23,1,False,2018-05-23,1,False,2018-05-24,0,False,2018-05-23,1,False,,,False
2018-05-31,2018-05-31 18:00:00-04:00,2018-05-31,238.8119812,-0.3132618648,3.394367876,0.7777777778,0.5555555556,32.28324965,-460.7410068,-119.9436472,36.04117325,-65.6775775,36.48652278,-18.26162632,50.54487597,1.91,0.08,15.43,2.9,2005.886,4327.519,332.712,21.475,1659.475,1.72,,-3,2018-05-30,1,False,2018-05-30,1,False,2018-05-30,1,False,2018-05-31,0,False,2018-05-30,1,False,2018-05-30,1,False,2018-05-31,0,False,2018-05-30,1,False,,,False
2018-06-07,2018-06-07 18:00:00-04:00,2018-06-07,244.4794617,0.6363082489,5.49933623,0.7777777778,0.2222222222,-33.98186456,-521.7969485,-112.2548791,2.583631296,-89.52305386,33.2200834,-13.07188943,-20.90997513,1.91,0.05,12.13,-3.3,2031.965,4319.191,289.454,5.771,1661.173,1.73,,-2,2018-06-06,1,False,2018-06-06,1,False,2018-06-06,1,False,2018-06-07,0,False,2018-06-06,1,False,2018-06-06,1,False,2018-06-07,0,False,2018-06-06,1,False,,,False
2018-06-14,2018-06-14 18:00:00-04:00,2018-06-14,245.678299,2.871372744,5.642233517,0.7777777778,0,93.08584522,-288.3992723,-103.2365988,2.395328855,-29.28571939,23.619003,47.93654753,45.14929769,1.87,0.07,12.12,-0.01,2063.038,4324.906,282.968,2.935,1660.899,1.71,,-24,2018-06-13,1,False,2018-06-13,1,False,2018-06-13,1,False,2018-06-14,0,False,2018-06-13,1,False,2018-06-13,1,False,2018-06-14,0,False,2018-06-13,1,False,,,False
2018-06-21,2018-06-21 18:00:00-04:00,2018-06-21,242.8061371,5.706627882,4.070874203,0.5555555556,-0.2222222222,-203.8179965,-415.6232065,156.5973863,-12.10430173,-49.35096734,15.82089876,-209.6649506,5.846954131,1.92,0.08,14.64,2.52,1952.143,4315.896,380.09,1.37,1660.851,1.87,,-8,2018-06-20,1,False,2018-06-20,1,False,2018-06-20,1,False,2018-06-21,0,False,2018-06-20,1,False,2018-06-20,1,False,2018-06-21,0,False,2018-06-20,1,False,,,False
2018-06-28,2018-06-28 18:00:00-04:00,2018-06-28,239.8401184,3.242685464,2.5258278,0.6666666667,-0.1111111111,-150.132212,-405.4666934,68.08288999,-2.440197259,-50.90214509,6.213721996,-122.7585598,-27.3736522,1.98,0.07,16.85,2.21,1940.916,4305.491,362.175,20.419,1662.164,1.9,,-5,2018-06-27,1,False,2018-06-27,1,False,2018-06-27,1,False,2018-06-28,0,False,2018-06-27,1,False,2018-06-27,1,False,2018-06-28,0,False,2018-06-27,1,False,,,False
2018-07-05,2018-07-05 18:00:00-04:00,2018-07-05,241.8056183,3.464597641,3.163212248,0.5555555556,-0.2222222222,-180.0221384,-329.497431,83.55499907,5.635314576,-68.13081431,17.11663133,-174.4377593,-5.584379112,1.99,0.08,14.97,-1.88,1954.21,4289.764,325.543,8.205,1668.566,2,,5,2018-07-04,1,False,2018-07-04,1,False,2018-07-03,2,False,2018-07-05,0,False,2018-07-04,1,False,2018-07-03,2,False,2018-07-05,0,False,2018-07-03,2,False,,,False
2018-07-12,2018-07-12 18:00:00-04:00,2018-07-12,247.348114,3.861896316,5.214895825,0.6666666667,-0.2222222222,-189.9925686,-337.5608278,77.37971646,-1.109850711,-77.93232963,26.0005651,-180.2027605,-9.789808148,1.91,0.04,12.58,-2.39,1980.868,4291.201,316.434,2.455,1672.144,1.89,,-6,2018-07-11,1,False,2018-07-11,1,False,2018-07-11,1,False,2018-07-12,0,False,2018-07-11,1,False,2018-07-11,1,False,2018-07-12,0,False,2018-07-11,1,False,,,False
2018-07-19,2018-07-19 18:00:00-04:00,2018-07-19,247.9058075,6.950019482,5.126820527,0.7777777778,0.1111111111,-5.09511814,-267.2539726,-102.6183207,5.213285955,-56.25946501,18.02870134,23.11686843,-28.21198657,1.89,-0.03,12.87,0.29,1949.944,4291.615,335.801,3.62,1668.632,1.9,,-5,2018-07-18,1,False,2018-07-18,1,False,2018-07-18,1,False,2018-07-19,0,False,2018-07-18,1,False,2018-07-18,1,False,2018-07-19,0,False,2018-07-18,1,False,,,False
2018-07-26,2018-07-26 18:00:00-04:00,2018-07-26,250.8630066,7.408961092,6.06833025,1,0.4444444444,14.79738316,-145.581202,-53.87771104,-43.77665637,-64.5919362,10.96506763,22.09736358,-7.29998042,1.87,-0.11,12.14,-0.73,1947.287,4277.681,338.978,1.571,1666.885,1.87,,-8,2018-07-25,1,False,2018-07-25,1,False,2018-07-25,1,False,2018-07-26,0,False,2018-07-25,1,False,2018-07-25,1,False,2018-07-26,0,False,2018-07-25,1,False,,,False
2018-08-02,2018-08-02 18:00:00-04:00,2018-08-02,250.0220032,6.270855539,5.419494938,0.8888888889,0.3333333333,28.49107783,-58.28798918,-35.75721182,-14.89126208,-79.51719489,-1.906864807,-26.96185618,55.45293401,1.83,-0.16,12.19,0.05,1966.432,4255.653,310.204,1.817,1667.748,1.88,,-7,2018-08-01,1,False,2018-08-01,1,False,2018-08-01,1,False,2018-08-02,0,False,2018-08-01,1,False,2018-08-01,1,False,2018-08-02,0,False,2018-08-01,1,False,,,False
2018-08-09,2018-08-09 18:00:00-04:00,2018-08-09,252.3947449,5.625252474,6.100274811,0.8888888889,0.2222222222,-34.40761689,-185.1036447,-11.05518012,-1.654548459,-77.30003791,-6.464390738,-58.12591859,23.71830171,1.84,-0.07,11.27,-0.92,1966.103,4258.03,311.69,1.745,1669.37,1.88,,-7,2018-08-08,1,False,2018-08-08,1,False,2018-08-08,1,False,2018-08-09,0,False,2018-08-08,1,False,2018-08-08,1,False,2018-08-09,0,False,2018-08-08,1,False,,,False
2018-08-16,2018-08-16 18:00:00-04:00,2018-08-16,251.5005341,4.668033508,5.429375405,0.7777777778,0,-72.69990435,-239.5720776,-41.20593296,-7.19542643,-146.0778751,5.382589072,-103.0591048,30.35920044,1.9,0.01,13.45,2.18,1918.744,4228.924,318.117,0.532,1670.942,1.98,,3,2018-08-15,1,False,2018-08-15,1,False,2018-08-15,1,False,2018-08-16,0,False,2018-08-15,1,False,2018-08-15,1,False,2018-08-16,0,False,2018-08-15,1,False,,,False
2018-08-23,2018-08-23 18:00:00-04:00,2018-08-23,253.0322266,5.305484411,5.763535683,0.7777777778,-0.2222222222,-104.0330029,-317.6168774,-9.318132886,1.975369365,-114.227779,15.86607323,-122.7510887,18.7180858,1.91,0.04,12.41,-1.04,1902.785,4228.818,334.992,2.416,1673.672,1.9,,-5,2018-08-22,1,False,2018-08-22,1,False,2018-08-22,1,False,2018-08-23,0,False,2018-08-22,1,False,2018-08-22,1,False,2018-08-23,0,False,2018-08-22,1,False,,,False
2018-08-30,2018-08-30 18:00:00-04:00,2018-08-30,257.025238,5.120264444,7.087675925,0.8888888889,0,-201.9079093,-289.7248978,82.36338818,-1.955046617,-86.32987699,20.11442192,-186.8526405,-15.05526884,1.88,0.05,13.53,1.12,1880.507,4218.914,345.255,0.985,1676.308,1.93,,-2,2018-08-29,1,False,2018-08-29,1,False,2018-08-29,1,False,2018-08-30,0,False,2018-08-29,1,False,2018-08-29,1,False,2018-08-30,0,False,2018-08-29,1,False,,,False
2018-09-06,2018-09-06 18:00:00-04:00,2018-09-06,255.1305695,3.776685421,6.023411977,0.8888888889,0,-160.172662,-310.3914599,29.93637903,-2.184108614,-116.3307915,38.08333901,-182.1664009,21.99373889,1.95,0.11,14.65,1.12,1897.901,4208.496,324.437,0.815,1685.586,1.95,,0,2018-09-05,1,False,2018-09-05,1,False,2018-09-05,1,False,2018-09-06,0,False,2018-09-05,1,False,2018-09-05,1,False,2018-09-06,0,False,2018-09-05,1,False,,,False
2018-09-13,2018-09-13 18:00:00-04:00,2018-09-13,257.4945068,5.564428096,6.684752069,0.8888888889,0.1111111111,12.44761079,-321.4636341,-48.28651449,2.977116638,-42.82886143,37.71881453,-35.23827811,47.68588889,1.89,-0.01,12.37,-2.28,1924.008,4210.812,297.697,1.791,1686.893,1.94,,-1,2018-09-12,1,False,2018-09-12,1,False,2018-09-12,1,False,2018-09-13,0,False,2018-09-12,1,False,2018-09-12,1,False,2018-09-13,0,False,2018-09-12,1,False,,,False
2018-09-20,2018-09-20 18:00:00-04:00,2018-09-20,259.9292603,8.09278096,7.389145964,0.8888888889,0,-189.3365948,-299.8797932,152.5887376,36.53976123,-49.08936729,26.99808788,-265.215954,75.8793592,1.88,-0.03,11.8,-0.57,1822.718,4208.059,399.519,17.868,1685.089,1.92,,-3,2018-09-19,1,False,2018-09-19,1,False,2018-09-19,1,False,2018-09-20,0,False,2018-09-19,1,False,2018-09-19,1,False,2018-09-20,0,False,2018-09-19,1,False,,,False
2018-09-27,2018-09-27 18:00:00-04:00,2018-09-27,258.535675,7.79104432,6.508676063,0.6666666667,-0.3333333333,-101.0520717,-239.3269432,52.11767768,68.90635837,-61.63908532,19.39598674,-202.0591081,101.0070364,1.84,-0.04,12.41,0.61,1837.874,4192.909,367.243,30.056,1684.491,1.92,,-28,2018-09-26,1,False,2018-09-26,1,False,2018-09-26,1,False,2018-09-27,0,False,2018-09-26,1,False,2018-09-26,1,False,2018-09-27,0,False,2018-09-26,1,False,,,False
2018-10-04,2018-10-04 18:00:00-04:00,2018-10-04,257.4238281,5.017036567,5.774490686,0.5555555556,-0.3333333333,-143.3148564,-271.8634405,61.40911147,5.821557155,-80.29471811,2.509209941,-150.0345967,6.719740259,1.83,-0.12,14.22,1.81,1837.587,4174.704,350.281,3.265,1686.642,2.2,,0,2018-10-03,1,False,2018-10-03,1,False,2018-10-03,1,False,2018-10-04,0,False,2018-10-03,1,False,2018-10-03,1,False,2018-10-04,0,False,2018-10-03,1,False,,,False
2018-10-11,2018-10-11 18:00:00-04:00,2018-10-11,242.0641937,-2.724661558,-0.7077844261,0,-0.8888888889,-107.1551045,-237.6514174,26.53169982,0.5343387451,-80.52128663,11.71508013,-119.3024053,12.14730081,1.86,-0.03,24.98,10.76,1878.887,4176.906,308.869,2.016,1691.826,2.15,,-5,2018-10-10,1,False,2018-10-10,1,False,2018-10-10,1,False,2018-10-11,0,False,2018-10-10,1,False,2018-10-10,1,False,2018-10-11,0,False,2018-10-10,1,False,,,False
2018-10-18,2018-10-18 18:00:00-04:00,2018-10-18,245.8262787,-2.238947848,0.7184910485,0.1111111111,-0.7777777778,21.14989357,-275.7143872,-92.3965182,-18.00830264,-77.50128979,14.37242206,18.531109,2.618784575,1.88,0,20.06,-4.92,1831.618,4175.446,360.638,10.29,1691.137,2.18,,-2,2018-10-17,1,False,2018-10-17,1,False,2018-10-17,1,False,2018-10-18,0,False,2018-10-17,1,False,2018-10-17,1,False,2018-10-18,0,False,2018-10-17,1,False,,,False
2018-10-25,2018-10-25 18:00:00-04:00,2018-10-25,240.2053528,-3.402924071,-1.602974974,0.2222222222,-0.4444444444,-30.6827551,-285.8511422,-15.65023233,-67.04653023,-47.31559879,12.49490509,22.88625868,-53.56901378,1.99,0.15,24.22,4.16,1825.009,4173.07,360.681,1.944,1689.73,2.18,,-2,2018-10-24,1,False,2018-10-24,1,False,2018-10-24,1,False,2018-10-25,0,False,2018-10-24,1,False,2018-10-24,1,False,2018-10-25,0,False,2018-10-24,1,False,,,False
2018-11-01,2018-11-01 18:00:00-04:00,2018-11-01,243.2560272,-3.752493272,-0.2975148202,0.2222222222,-0.3333333333,-158.2052284,-457.9579209,39.08061506,3.293646687,-83.77360407,11.21516639,-137.3630322,-20.84219624,2.03,0.2,19.34,-4.88,1771.541,4139.731,366.596,4.64,1691.324,2.22,,2,2018-10-31,1,False,2018-10-31,1,False,2018-10-31,1,False,2018-11-01,0,False,2018-10-31,1,False,2018-10-31,1,False,2018-11-01,0,False,2018-10-31,1,False,,,False
2018-11-08,2018-11-08 18:00:00-05:00,2018-11-08,249.4727783,-0.003602438331,2.274233917,0.4444444444,0.4444444444,-119.8542653,-322.3979164,17.4483218,-2.034999112,-83.72225758,11.47739499,-110.6129753,-9.241290084,1.96,0.1,16.72,-2.62,1828.825,4141.936,316.157,1.166,1696.62,2.18,,-2,2018-11-07,1,False,2018-11-07,1,False,2018-11-07,1,False,2018-11-08,0,False,2018-11-07,1,False,2018-11-07,1,False,2018-11-08,0,False,2018-11-07,1,False,,,False
2018-11-15,2018-11-15 18:00:00-05:00,2018-11-15,242.8201599,-4.163298156,-0.3938799741,0.2222222222,0.1111111111,-76.85406541,-281.9062248,-76.52356179,-23.4609668,-70.78046273,23.47533653,5.728729338,-82.58279475,2.09,0.21,19.98,3.26,1799.528,4145.892,328.686,0.494,1700.939,2.2,,0,2018-11-14,1,False,2018-11-14,1,False,2018-11-14,1,False,2018-11-15,0,False,2018-11-14,1,False,2018-11-14,1,False,2018-11-15,0,False,2018-11-14,1,False,,,False
2018-11-22,2018-11-22 18:00:00-05:00,2018-11-21,235.7050934,-8.174769554,-3.329594121,0.1111111111,-0.1111111111,-61.06056213,-244.1746133,-76.67017328,34.17388158,-65.12711265,26.86032106,-49.49114201,-11.56942012,2.17,0.18,20.8,0.82,1799.528,4145.892,329.967,16.205,1700.939,2.2,,0,2018-11-14,8,False,2018-11-14,8,False,2018-11-20,2,False,2018-11-21,1,False,2018-11-14,8,False,2018-11-20,2,False,2018-11-21,1,False,2018-11-20,2,False,,,False
2018-11-29,2018-11-29 18:00:00-05:00,2018-11-29,243.6739502,-4.777965638,-0.1426982074,0.3333333333,0.1111111111,-31.0648204,-288.7615154,-82.75900052,-6.826530516,-102.8110281,35.61342512,-48.83892214,17.77410175,2.22,0.19,18.79,-2.01,1758.681,4097.17,332.336,1.814,1706.067,2.19,,-1,2018-11-28,1,False,2018-11-28,1,False,2018-11-28,1,False,2018-11-29,0,False,2018-11-28,1,False,2018-11-28,1,False,2018-11-29,0,False,2018-11-28,1,False,,,False
2018-12-06,2018-12-06 18:00:00-05:00,2018-12-06,239.9918671,-6.223328863,-1.690112548,0.3333333333,0.1111111111,-223.3738039,-383.9756531,30.07289345,5.297039838,-134.9417277,18.90178892,-189.2134499,-34.160354,2.25,0.29,21.19,2.4,1736.305,4086.044,328.613,3.36,1704.449,2.27,,7,2018-12-05,1,False,2018-12-05,1,False,2018-12-05,1,False,2018-12-06,0,False,2018-12-05,1,False,2018-12-04,2,False,2018-12-06,0,False,2018-12-04,2,False,,,False
2018-12-13,2018-12-13 18:00:00-05:00,2018-12-13,236.0163879,-8.366423169,-3.26784639,0.3333333333,0.1111111111,-116.0546391,-409.8853143,-14.52763362,-0.1905500674,-138.8796428,9.756645856,-133.918105,17.86346581,2.24,0.15,20.65,-0.54,1751.413,4088.314,322.663,0.415,1704.984,2.2,,0,2018-12-12,1,False,2018-12-12,1,False,2018-12-12,1,False,2018-12-13,0,False,2018-12-12,1,False,2018-12-12,1,False,2018-12-13,0,False,2018-12-12,1,False,,,False
2018-12-20,2018-12-20 18:00:00-05:00,2018-12-20,219.8295441,-14.98882273,-9.790605432,0,-0.2222222222,-362.684315,-412.4348066,163.0698532,-16.12198292,-148.6242285,11.51260091,-307.0846997,-55.59961523,2.27,0.1,28.38,7.73,1649.163,4084.274,396.293,9.521,1705.712,2.3,,-10,2018-12-19,1,False,2018-12-19,1,False,2018-12-19,1,False,2018-12-20,0,False,2018-12-19,1,False,2018-12-19,1,False,2018-12-20,0,False,2018-12-19,1,False,,,False
2018-12-27,2018-12-27 18:00:00-05:00,2018-12-27,221.9184113,-14.46932224,-8.73530765,0,-0.2222222222,-238.5768714,-422.0029579,87.62145579,3.13875187,-52.55822922,15.51558759,-158.8340245,-79.74284689,2.33,0.11,29.96,1.58,1660.932,4075.636,368.236,3.1,1712.424,2.44,,4,2018-12-26,1,False,2018-12-26,1,False,2018-12-26,1,False,2018-12-27,0,False,2018-12-26,1,False,2018-12-26,1,False,2018-12-27,0,False,2018-12-26,1,False,,,False
2019-01-03,2019-01-03 18:00:00-05:00,2019-01-03,218.4653015,-14.65636551,-10.0152767,0,-0.6666666667,-315.6353676,-551.5408997,132.1645092,9.392948289,-67.70852198,35.70690869,-244.9728882,-70.66247941,2.45,0.2,25.45,-4.51,1607.335,4058.378,382.616,7.198,1719.039,3.15,,75,2019-01-02,1,False,2019-01-02,1,False,2019-01-02,1,False,2019-01-03,0,False,2019-01-02,1,False,2019-01-02,1,False,2019-01-03,0,False,2019-01-02,1,False,,,False
2019-01-10,2019-01-10 18:00:00-05:00,2019-01-10,231.5888214,-5.638057965,-4.560037876,0.2222222222,0,-213.3568997,-514.0192286,65.50377491,4.405238932,-77.6628214,25.59001094,-173.1618462,-40.19505351,2.39,0.15,19.5,-5.95,1664.186,4056.563,349.443,2.216,1715.446,2.45,,5,2019-01-09,1,False,2019-01-09,1,False,2019-01-09,1,False,2019-01-10,0,False,2019-01-09,1,False,2019-01-09,1,False,2019-01-10,0,False,2019-01-09,1,False,,,False
2019-01-17,2019-01-17 18:00:00-05:00,2019-01-17,235.2386475,-4.255020516,-3.088065361,0.5555555556,0.5555555556,-57.93440891,-493.6406793,0.2962582824,-18.25538639,-83.80926451,2.548800595,-68.398937,10.46452809,2.45,0.18,18.06,-1.44,1625.501,4050.044,396.414,2.065,1706.753,2.43,,3,2019-01-16,1,False,2019-01-16,1,False,2019-01-16,1,False,2019-01-17,0,False,2019-01-16,1,False,2019-01-16,1,False,2019-01-17,0,False,2019-01-16,1,False,,,False
2019-01-24,2019-01-24 18:00:00-05:00,2019-01-24,235.766449,-1.84796207,-2.909635756,0.7777777778,0.7777777778,-120.7566132,-511.1177143,83.40048032,29.34511325,-70.13383923,-18.79706627,-164.0823665,43.32575333,2.37,0.04,18.89,0.83,1611.716,4047.052,402.227,15.06,1704.763,2.4,,0,2019-01-23,1,False,2019-01-23,1,False,2019-01-23,1,False,2019-01-24,0,False,2019-01-23,1,False,2019-01-23,1,False,2019-01-24,0,False,2019-01-23,1,False,,,False
2019-01-31,2019-01-31 18:00:00-05:00,2019-01-31,241.473938,-0.7325981822,-0.6007476853,1,1,4.447589653,-392.2984368,70.88546212,-15.14644521,-46.07752161,-40.43733728,-61.37920125,65.8267909,2.37,-0.08,16.57,-2.32,1609.14,4039.678,411.384,1.051,1702.628,2.39,,-1,2019-01-30,1,False,2019-01-30,1,False,2019-01-30,1,False,2019-01-31,0,False,2019-01-30,1,False,2019-01-30,1,False,2019-01-31,0,False,2019-01-30,1,False,,,False
2019-02-07,2019-02-07 18:00:00-05:00,2019-02-07,241.6617737,-3.13100479,-0.587675809,1,0.8888888889,-13.12194584,-410.3443414,10.97727313,0.2563746699,-74.47930674,-29.76411312,-55.94884142,42.82689558,2.28,-0.11,16.37,-0.2,1658.863,4026.35,353.896,2.32,1703.372,2.38,,-2,2019-02-06,1,False,2019-02-06,1,False,2019-02-06,1,False,2019-02-07,0,False,2019-02-06,1,False,2019-02-06,1,False,2019-02-07,0,False,2019-02-06,1,False,,,False
2019-02-14,2019-02-14 18:00:00-05:00,2019-02-14,245.4547882,1.085012174,0.8612174036,1,0.7777777778,22.01457564,-398.2520529,-52.57967568,-1.7876349,-53.36485233,-1.646895688,2.649353933,19.36522171,2.27,-0.18,16.22,-0.15,1634.417,4028.431,375.119,1.341,1706.086,2.38,,-2,2019-02-13,1,False,2019-02-13,1,False,2019-02-13,1,False,2019-02-14,0,False,2019-02-13,1,False,2019-02-13,1,False,2019-02-14,0,False,2019-02-13,1,False,,,False
2019-02-21,2019-02-21 18:00:00-05:00,2019-02-21,248.1743317,5.290186182,1.848102992,1,0.3333333333,19.83913229,-433.6413008,-175.9898316,-32.94991021,-162.1723665,15.03316488,31.73421048,-11.8950782,2.23,-0.14,14.46,-1.76,1619.745,3981.42,331.003,1.725,1710.847,2.39,,-1,2019-02-20,1,False,2019-02-20,1,False,2019-02-20,1,False,2019-02-21,0,False,2019-02-20,1,False,2019-02-20,1,False,2019-02-21,0,False,2019-02-20,1,False,,,False
2019-02-28,2019-02-28 18:00:00-05:00,2019-02-28,249.3015747,2.309489589,2.184132492,1,0.2222222222,180.8807534,-186.6434637,-359.8306598,5.851951566,-161.1217528,20.30854934,172.5484061,8.332347281,2.25,-0.12,14.78,0.32,1682.21,3974.59,266.024,3.415,1710.832,2.37,,-3,2019-02-27,1,False,2019-02-27,1,False,2019-02-27,1,False,2019-02-28,0,False,2019-02-27,1,False,2019-02-27,1,False,2019-02-28,0,False,2019-02-27,1,False,,,False
2019-03-07,2019-03-07 18:00:00-05:00,2019-03-07,246.0183716,4.949697822,0.7432493168,1,0,192.9390142,0.5922598973,-348.417301,-3.981273362,-142.1038906,28.31348492,181.9811989,10.95781539,2.25,-0.03,16.59,1.81,1736.547,3969.134,213.611,0.717,1714.772,2.38,,-2,2019-03-06,1,False,2019-03-06,1,False,2019-03-06,1,False,2019-03-07,0,False,2019-03-06,1,False,2019-03-06,1,False,2019-03-07,0,False,2019-03-06,1,False,,,False
2019-03-14,2019-03-14 18:00:00-04:00,2019-03-14,251.5200653,8.573685949,2.90066564,1,0,180.4871425,-108.3282742,-339.4323994,-3.281674677,-141.1765524,34.25403091,167.2834908,13.20365174,2.26,-0.01,13.5,-3.09,1707.125,3971.559,238.381,0.019,1719.885,2.4,,0,2019-03-13,1,False,2019-03-13,1,False,2019-03-13,1,False,2019-03-14,0,False,2019-03-13,1,False,2019-03-13,1,False,2019-03-14,0,False,2019-03-13,1,False,,,False
2019-03-21,2019-03-21 18:00:00-04:00,2019-03-21,255.8356476,18.81353877,4.51802284,1,0,10.21494844,-62.06978278,-40.82463041,-3.300330033,-46.89784047,24.50382025,-27.27670027,37.49164871,2.29,0.06,13.63,0.13,1623.812,3962.748,314.749,0.411,1720.603,2.47,,7,2019-03-20,1,False,2019-03-20,1,False,2019-03-20,1,False,2019-03-21,0,False,2019-03-20,1,False,2019-03-20,1,False,2019-03-21,0,False,2019-03-20,1,False,,,False
2019-03-28,2019-03-28 18:00:00-04:00,2019-03-28,252.2236176,12.81472193,2.967655967,0.8888888889,-0.1111111111,-124.344901,-69.05425313,74.39509484,-7.296350064,-47.7357413,27.56762333,-142.4021094,18.05720842,2.28,0.03,14.43,0.8,1632.788,3955.617,295.593,0.515,1721.789,2.4,,0,2019-03-27,1,False,2019-03-27,1,False,2019-03-27,1,False,2019-03-28,0,False,2019-03-27,1,False,2019-03-27,1,False,2019-03-28,0,False,2019-03-27,1,False,,,False
2019-04-04,2019-04-04 18:00:00-04:00,2019-04-04,258.0369873,12.33590249,5.22026678,1,0,-265.9522203,58.2794407,143.2529111,-0.2569830094,-84.71621265,25.12890721,-252.8410479,-13.11117236,2.23,-0.02,13.58,-0.85,1630.987,3935.509,270.47,0.615,1724.746,2.47,,7,2019-04-03,1,False,2019-04-03,1,False,2019-04-03,1,False,2019-04-04,0,False,2019-04-03,1,False,2019-04-03,1,False,2019-04-04,0,False,2019-04-03,1,False,,,False
2019-04-11,2019-04-11 18:00:00-04:00,2019-04-11,258.9624634,11.18858381,5.424257165,0.8888888889,-0.1111111111,-152.4967903,-43.45057626,18.33788696,0.2593440007,-87.56007402,17.14440098,-123.301706,-29.19508435,2.21,-0.05,13.02,-0.56,1646.56,3936.784,245.664,0.122,1726.694,2.45,,5,2019-04-10,1,False,2019-04-10,1,False,2019-04-10,1,False,2019-04-11,0,False,2019-04-10,1,False,2019-04-10,1,False,2019-04-11,0,False,2019-04-10,1,False,,,False
2019-04-18,2019-04-18 18:00:00-04:00,2019-04-18,260.5887756,10.58710034,5.864446932,0.8888888889,-0.1111111111,-251.1262387,-249.883705,137.8235507,-0.9993065418,-78.02918581,16.13274425,-230.9861742,-20.14006442,2.13,-0.16,12.09,-0.93,1524.297,3931.827,369.365,0.015,1726.996,2.5,,10,2019-04-17,1,False,2019-04-17,1,False,2019-04-17,1,False,2019-04-17,1,False,2019-04-17,1,False,2019-04-17,1,False,2019-04-18,0,False,2019-04-17,1,False,,,False
2019-04-25,2019-04-25 18:00:00-04:00,2019-04-25,262.4128418,11.36118659,6.438118503,0.8888888889,0.1111111111,-404.4274256,-343.2226717,261.205774,0.2401648087,-69.12701609,13.67675384,-344.2497087,-60.1777169,2.14,-0.14,13.25,1.16,1472.812,3928.273,398.916,0.61,1727.199,2.44,,4,2019-04-24,1,False,2019-04-24,1,False,2019-04-24,1,False,2019-04-25,0,False,2019-04-24,1,False,2019-04-24,1,False,2019-04-25,0,False,2019-04-24,1,False,,,False
2019-05-02,2019-05-02 18:00:00-04:00,2019-05-02,261.631134,7.089939331,5.946095859,0.6666666667,-0.3333333333,-434.44698,-369.1630868,249.7618478,-1.50425269,-116.4220435,9.36600577,-374.0456444,-60.40133563,2.11,-0.12,14.42,1.17,1460.01,3889.691,368.764,0.023,1728.432,2.54,,19,2019-05-01,1,False,2019-05-01,1,False,2019-05-01,1,False,2019-05-02,0,False,2019-05-01,1,False,2019-05-01,1,False,2019-05-02,0,False,2019-05-01,1,False,,,False
2019-05-09,2019-05-09 18:00:00-04:00,2019-05-09,257.5697937,5.042902444,4.172498502,0.5555555556,-0.4444444444,-395.9577157,-417.7058626,250.9586505,1.00081691,-113.2091575,11.91835773,-377.0869827,-18.87073307,2.17,-0.04,19.1,4.68,1490.68,3892.216,344.461,0.516,1731.386,2.43,,8,2019-05-08,1,False,2019-05-08,1,False,2019-05-08,1,False,2019-05-09,0,False,2019-05-08,1,False,2019-05-08,1,False,2019-05-09,0,False,2019-05-08,1,False,,,False
2019-05-16,2019-05-16 18:00:00-04:00,2019-05-16,258.5042419,3.791980979,4.483191071,0.5555555556,-0.3333333333,-20.0390302,-292.9155296,-189.2148357,4.412706866,-170.6026232,11.70193907,2.497566653,-22.53659685,2.26,0.13,15.29,-3.81,1516.418,3864.749,294.969,1.75,1731.597,2.48,,13,2019-05-15,1,False,2019-05-15,1,False,2019-05-15,1,False,2019-05-16,0,False,2019-05-15,1,False,2019-05-15,1,False,2019-05-16,0,False,2019-05-15,1,False,,,False
2019-05-23,2019-05-23 18:00:00-04:00,2019-05-23,253.5084381,1.498096063,2.404624049,0.2222222222,-0.6666666667,152.7923339,-218.2939755,-341.9696136,10.99719902,-172.6916637,12.58059203,145.7001588,7.092175111,2.26,0.12,16.92,1.63,1532.833,3860.435,264.581,4.93,1732.141,2.37,,2,2019-05-22,1,False,2019-05-22,1,False,2019-05-22,1,False,2019-05-23,0,False,2019-05-22,1,False,2019-05-22,1,False,2019-05-23,0,False,2019-05-22,1,False,,,False
2019-05-30,2019-05-30 18:00:00-04:00,2019-05-30,250.714035,0.4440598588,1.28019483,0,-0.7777777778,192.2569171,-370.9011496,-307.8727848,2.578611,-98.32914748,23.510865,183.4541613,8.802755797,2.33,0.22,17.3,0.38,1534.792,3851.444,249.011,1.026,1737.577,2.4,,5,2019-05-29,1,False,2019-05-29,1,False,2019-05-29,1,False,2019-05-30,0,False,2019-05-29,1,False,2019-05-29,1,False,2019-05-30,0,False,2019-05-29,1,False,,,False
2019-06-06,2019-06-06 18:00:00-04:00,2019-06-06,255.8985138,2.348760847,3.370887443,0.5555555556,0,177.3539804,-445.5304356,-351.5066995,4.352276441,-114.5131719,18.64490563,213.9963455,-36.64236517,2.45,0.28,15.93,-1.37,1559.71,3847.645,207.647,2.21,1738.643,2.4,,5,2019-06-05,1,False,2019-06-05,1,False,2019-06-05,1,False,2019-06-06,0,False,2019-06-05,1,False,2019-06-05,1,False,2019-06-06,0,False,2019-06-05,1,False,,,False
2019-06-13,2019-06-13 18:00:00-04:00,2019-06-13,260.1933594,2.542455185,5.042994206,0.7777777778,0.3333333333,241.4645815,-245.2110116,-315.4331627,-0.245811565,-38.2793294,14.56756959,262.8320753,-21.36749372,2.41,0.15,15.82,-0.11,1609.738,3849.955,173.062,1.655,1737.227,2.37,,2,2019-06-12,1,False,2019-06-12,1,False,2019-06-12,1,False,2019-06-13,0,False,2019-06-12,1,False,2019-06-12,1,False,2019-06-13,0,False,2019-06-12,1,False,,,False
2019-06-20,2019-06-20 18:00:00-04:00,2019-06-20,265.8361816,5.24334379,7.263879903,0.8888888889,0.5555555556,-81.1022592,-308.5939353,-15.38686702,58.28358721,-42.53147638,12.47786843,-97.90606499,16.80380579,2.41,0.15,14.75,-1.07,1501.524,3844.016,258.641,27.43,1736.958,2.36,,1,2019-06-19,1,False,2019-06-19,1,False,2019-06-19,1,False,2019-06-20,0,False,2019-06-19,1,False,2019-06-19,1,False,2019-06-20,0,False,2019-06-19,1,False,,,False
2019-06-27,2019-06-27 18:00:00-04:00,2019-06-27,263.1925354,2.429530723,6.108940147,1,1,-68.39253018,-314.3302296,-21.03626588,40.94048881,-63.94225127,1.656521554,-85.50299576,17.11046558,2.32,-0.01,15.82,1.07,1508.451,3826.817,240.909,16.794,1738.215,2.43,,8,2019-06-26,1,False,2019-06-26,1,False,2019-06-26,1,False,2019-06-27,0,False,2019-06-26,1,False,2019-06-26,1,False,2019-06-27,0,False,2019-06-26,1,False,,,False
2019-07-04,2019-07-04 18:00:00-04:00,2019-07-03,269.7836609,3.969465433,8.674237145,1,0.4444444444,-133.2217499,-311.3599791,86.44768423,12.05672561,-54.1318131,-1.112368735,-151.5238542,18.30210427,2.29,-0.16,12.57,-3.25,1508.451,3826.817,239.653,6.849,1738.215,2.51,,16,2019-06-26,8,False,2019-06-26,8,False,2019-07-02,2,False,2019-07-03,1,False,2019-06-26,8,False,2019-07-02,2,False,2019-07-03,1,False,2019-07-02,2,False,,,False
2019-07-11,2019-07-11 18:00:00-04:00,2019-07-11,270.2440491,3.723068814,8.740422268,1,0.2222222222,-219.1869775,-307.8858276,57.56950406,8.558541593,-90.69456656,35.6471699,-192.4697821,-26.7171954,2.25,-0.16,12.93,0.36,1525.352,3815.038,195.226,4.95,1750.951,2.46,,11,2019-07-10,1,False,2019-07-10,1,False,2019-07-10,1,False,2019-07-11,0,False,2019-07-10,1,False,2019-07-10,1,False,2019-07-11,0,False,2019-07-10,1,False,,,False
2019-07-18,2019-07-18 18:00:00-04:00,2019-07-18,269.8106079,2.527756289,8.435178753,1,0.1111111111,35.23138301,-23.47509186,-136.4146247,-28.0123704,-93.40751964,27.01861803,44.00085744,-8.769474425,2.24,-0.17,13.53,0.6,1515.067,3808.11,206.203,16.662,1747.344,2.47,,12,2019-07-17,1,False,2019-07-17,1,False,2019-07-17,1,False,2019-07-18,0,False,2019-07-17,1,False,2019-07-17,1,False,2019-07-18,0,False,2019-07-17,1,False,,,False
2019-07-25,2019-07-25 18:00:00-04:00,2019-07-25,270.8671265,2.53017792,8.729605142,1,0.1111111111,44.13328361,133.7177941,-163.796701,-35.11795835,-61.09777395,18.33377452,119.4831109,-75.34982728,2.15,-0.17,12.74,-0.79,1525.34,3803.436,178.227,3.355,1745.231,2.41,,6,2019-07-24,1,False,2019-07-24,1,False,2019-07-24,1,False,2019-07-25,0,False,2019-07-24,1,False,2019-07-24,1,False,2019-07-25,0,False,2019-07-24,1,False,,,False
2019-08-01,2019-08-01 18:00:00-04:00,2019-08-01,266.2081604,2.89795135,6.635693584,0.7777777778,-0.2222222222,-46.78823158,78.50495065,-167.8862616,-2.103575896,-124.6858682,19.52536534,25.77860399,-72.56683557,2.13,-0.16,17.87,5.13,1490.546,3779.102,176.662,6.044,1745.687,2.55,,45,2019-07-31,1,False,2019-07-31,1,False,2019-07-31,1,False,2019-08-01,0,False,2019-07-31,1,False,2019-07-31,1,False,2019-08-01,0,False,2019-07-31,1,False,,,False
2019-08-08,2019-08-08 18:00:00-04:00,2019-08-08,265.1066589,4.110131958,6.043565534,0.5555555556,-0.4444444444,68.856457,156.571475,-162.9053236,-4.964563918,-87.79729062,-7.609360641,87.68195756,-18.82550056,2.23,-0.02,16.91,-0.96,1551.621,3781.543,133.077,3.056,1748.048,2.1,,0,2019-08-07,1,False,2019-08-07,1,False,2019-08-07,1,False,2019-08-08,0,False,2019-08-07,1,False,2019-08-07,1,False,2019-08-08,0,False,2019-08-07,1,False,,,False
2019-08-15,2019-08-15 18:00:00-04:00,2019-08-15,257.0076294,-0.1660219609,2.59712535,0.2222222222,-0.7777777778,-9.98658127,-13.33592427,-197.5310587,-34.53681748,-58.01303009,0.8718235555,173.1830225,-183.1696038,2.23,-0.01,21.18,4.27,1511.264,3786.018,130.981,3.51,1747.676,2.13,,3,2019-08-14,1,False,2019-08-14,1,False,2019-08-14,1,False,2019-08-15,0,False,2019-08-14,1,False,2019-08-14,1,False,2019-08-15,0,False,2019-08-14,1,False,,,False
2019-08-22,2019-08-22 18:00:00-04:00,2019-08-22,263.9689331,5.574389331,5.132461209,0.3333333333,-0.6666666667,-19.771596,-38.88939977,-122.9940506,29.59429316,-101.4083055,10.3879755,-18.39652356,-1.375072435,2.25,0.1,16.68,-4.5,1517.82,3764.866,131.447,14.611,1749.182,2.1,,0,2019-08-21,1,False,2019-08-21,1,False,2019-08-21,1,False,2019-08-22,0,False,2019-08-21,1,False,2019-08-21,1,False,2019-08-22,0,False,2019-08-21,1,False,,,False
2019-08-29,2019-08-29 18:00:00-04:00,2019-08-29,264.1676636,3.902710648,5.071496504,0.4444444444,-0.3333333333,36.2440601,-79.31830243,-70.16481693,-15.72331205,-50.68929074,15.52749833,19.67133991,16.57272019,2.26,0.13,17.88,1.2,1504.243,3759.946,150.146,0.102,1751.555,2.12,,2,2019-08-28,1,False,2019-08-28,1,False,2019-08-28,1,False,2019-08-29,0,False,2019-08-28,1,False,2019-08-28,1,False,2019-08-29,0,False,2019-08-28,1,False,,,False
2019-09-05,2019-09-05 18:00:00-04:00,2019-09-05,268.8988037,3.588985512,6.754944186,0.6666666667,0.4444444444,-256.950668,-273.559541,110.2777358,-5.238602338,-52.98101859,33.3329543,-191.3531064,-65.59756163,2.29,0.06,16.27,-1.61,1454.454,3761.508,174.779,1.075,1760.653,2.21,,11,2019-09-04,1,False,2019-09-04,1,False,2019-09-04,1,False,2019-09-05,0,False,2019-09-04,1,False,2019-09-04,1,False,2019-09-05,0,False,2019-09-04,1,False,,,False
2019-09-12,2019-09-12 18:00:00-04:00,2019-09-12,272.0317993,3.54148251,7.650185504,1,0.8888888889,-138.9269676,-392.3993917,138.9322502,-0.1082931988,-43.17200816,49.02512349,-231.0210886,92.09412105,2.22,-0.01,14.22,-2.05,1458.666,3769.673,183.581,3.469,1766.237,2.15,,5,2019-09-11,1,False,2019-09-11,1,False,2019-09-11,1,False,2019-09-12,0,False,2019-09-11,1,False,2019-09-11,1,False,2019-09-12,0,False,2019-09-11,1,False,,,False
2019-09-19,2019-09-19 18:00:00-04:00,2019-09-19,271.8421631,3.549324682,7.259770793,1,0.6666666667,-351.6566061,-302.0226763,455.8196759,-25.51750846,212.0367631,34.30135362,-252.566758,-99.08984808,2.18,-0.07,14.05,-0.17,1385.426,3844.695,303.057,5.004,1762.096,2.55,,75,2019-09-18,1,False,2019-09-18,1,False,2019-09-18,1,False,2019-09-19,0,False,2019-09-18,1,False,2019-09-18,1,False,2019-09-19,0,False,2019-09-18,1,False,,,False
2019-09-26,2019-09-26 18:00:00-04:00,2019-09-26,269.396759,0.6549371881,5.979708014,0.8888888889,0.6666666667,-204.667833,-212.0874868,414.0059458,13.50551311,260.0276706,26.8807052,-194.3644935,-10.30333946,2.2,-0.06,16.07,2.02,1427.289,3857.715,305.81,5.18,1761.662,2.01,,21,2019-09-25,1,False,2019-09-25,1,False,2019-09-25,1,False,2019-09-26,0,False,2019-09-25,1,False,2019-09-25,1,False,2019-09-26,0,False,2019-09-25,1,False,,,False
2019-10-03,2019-10-03 18:00:00-04:00,2019-10-03,263.4282532,-2.293594493,3.302469324,0.2222222222,-0.4444444444,85.75284168,-56.81222802,426.4406722,5.907205302,490.0242137,5.697183151,51.97915304,33.77368864,2.26,-0.03,19.12,3.05,1486.71,3945.831,335.185,3.297,1762.796,1.85,,5,2019-10-02,1,False,2019-10-02,1,False,2019-10-02,1,False,2019-10-03,0,False,2019-10-02,1,False,2019-10-02,1,False,2019-10-03,0,False,2019-10-02,1,False,,,False
2019-10-10,2019-10-10 18:00:00-04:00,2019-10-10,265.9861145,-1.056578422,3.838040669,0.5555555556,-0.4444444444,184.9709511,7.973708257,301.9041705,-6.284364718,478.2430731,0.1538594992,182.4694078,2.501543237,2.29,0.07,17.57,-1.55,1528.394,3949.955,297.389,1.1,1766.295,1.85,,5,2019-10-09,1,False,2019-10-09,1,False,2019-10-09,1,False,2019-10-10,0,False,2019-10-09,1,False,2019-10-09,1,False,2019-10-10,0,False,2019-10-09,1,False,,,False
2019-10-17,2019-10-17 18:00:00-04:00,2019-10-17,271.4649048,-0.2580514659,5.484256456,0.8888888889,-0.1111111111,219.6403096,-118.6835464,152.0016542,-10.41174918,316.7377386,22.53754849,152.6102851,67.03002449,2.22,0.04,13.79,-3.78,1469.871,3966.471,361.497,1.001,1770.761,2.05,,25,2019-10-16,1,False,2019-10-16,1,False,2019-10-16,1,False,2019-10-17,0,False,2019-10-16,1,False,2019-10-16,1,False,2019-10-17,0,False,2019-10-16,1,False,,,False
2019-10-24,2019-10-24 18:00:00-04:00,2019-10-24,272.4534607,1.454793478,5.406007392,1,0.1111111111,62.90252131,-193.9956397,179.7955525,-12.32594943,287.696214,25.58768597,94.63892486,-31.73640354,2.18,-0.02,13.71,-0.08,1451.555,3968.7,375.17,0.425,1771.533,1.87,,7,2019-10-23,1,False,2019-10-23,1,False,2019-10-23,1,False,2019-10-24,0,False,2019-10-23,1,False,2019-10-23,1,False,2019-10-24,0,False,2019-10-23,1,False,,,False
2019-10-31,2019-10-31 18:00:00-04:00,2019-10-31,275.1384583,5.820335163,6.004279931,0.8888888889,0.6666666667,-5.048366238,-15.42165308,165.8231181,-1.130306899,187.5194351,33.56200506,-10.73538122,5.687014979,2.17,-0.09,13.22,-0.49,1484.718,4019.823,400.616,2.851,1776.039,1.82,,27,2019-10-30,1,False,2019-10-30,1,False,2019-10-30,1,False,2019-10-31,0,False,2019-10-30,1,False,2019-10-30,1,False,2019-10-31,0,False,2019-10-30,1,False,,,False
2019-11-07,2019-11-07 18:00:00-05:00,2019-11-07,279.5377197,9.053616557,7.259279895,0.7777777778,0.2222222222,0.9189978114,-60.4620918,204.5466341,-0.1139253485,226.5544797,40.39033356,-18.26856255,19.18756036,2.14,-0.15,12.73,-0.49,1528.757,4039.443,378.184,1.055,1782.249,1.57,,2,2019-11-06,1,False,2019-11-06,1,False,2019-11-06,1,False,2019-11-07,0,False,2019-11-06,1,False,2019-11-06,1,False,2019-11-07,0,False,2019-11-06,1,False,,,False
2019-11-14,2019-11-14 18:00:00-05:00,2019-11-14,280.7803345,6.335979074,7.301401853,0.8888888889,0,183.5208174,82.93674251,21.90360146,2.183300975,205.2479395,40.60284318,140.5581939,42.96262345,2.11,-0.11,13.05,0.32,1542.664,4047.882,370.185,1.867,1786.866,1.57,,2,2019-11-13,1,False,2019-11-13,1,False,2019-11-13,1,False,2019-11-14,0,False,2019-11-13,1,False,2019-11-13,1,False,2019-11-14,0,False,2019-11-13,1,False,,,False
2019-11-21,2019-11-21 18:00:00-05:00,2019-11-21,281.4334412,7.896702427,7.147145839,0.7777777778,-0.2222222222,198.0572984,32.77141869,-44.39489001,63.73371633,155.0860483,35.16264772,100.5845743,97.47272407,2.16,-0.02,13.13,0.08,1530.158,4030.249,357.551,25.719,1785.488,1.57,,2,2019-11-20,1,False,2019-11-20,1,False,2019-11-20,1,False,2019-11-21,0,False,2019-11-20,1,False,2019-11-20,1,False,2019-11-21,0,False,2019-11-20,1,False,,,False
2019-11-28,2019-11-28 18:00:00-05:00,2019-11-27,286.1592102,7.787007875,8.611192355,0.8888888889,0,113.039803,68.9238622,-107.1315827,-5.833590185,25.93646536,23.50601009,115.3956281,-2.35582512,2.11,-0.06,11.75,-1.38,1530.158,4030.249,374.167,0.506,1785.488,1.54,,-1,2019-11-20,8,False,2019-11-20,8,False,2019-11-26,2,False,2019-11-27,1,False,2019-11-20,8,False,2019-11-26,2,False,2019-11-27,1,False,2019-11-26,2,False,,,False
2019-12-05,2019-12-05 18:00:00-05:00,2019-12-05,283.020752,4.399961815,7.06501723,0.6666666667,-0.2222222222,160.8192021,370.2371496,-98.3576201,-2.609270635,64.99163375,27.07551511,138.8830094,21.93619269,2.11,-0.03,14.52,2.77,1593.719,4065.696,338.453,0.001,1793.186,1.54,,-1,2019-12-04,1,False,2019-12-04,1,False,2019-12-04,1,False,2019-12-05,0,False,2019-12-04,1,False,2019-12-04,1,False,2019-12-05,0,False,2019-12-04,1,False,,,False
2019-12-12,2019-12-12 18:00:00-05:00,2019-12-12,287.6558838,5.810199615,8.451579368,0.8888888889,0.1111111111,317.5290189,563.7889546,-163.1099918,-3.130031953,117.6145945,12.51518695,271.3394313,46.18958754,2.04,-0.07,13.94,-0.58,1671.196,4095.491,304.16,0.6,1791.932,1.54,,-1,2019-12-11,1,False,2019-12-11,1,False,2019-12-11,1,False,2019-12-12,0,False,2019-12-11,1,False,2019-12-11,1,False,2019-12-12,0,False,2019-12-11,1,False,,,False
2019-12-19,2019-12-19 18:00:00-05:00,2019-12-19,291.0754089,7.822037481,9.320517027,1,0.3333333333,251.3244219,639.899914,52.16054889,-41.64258834,265.0034775,18.18249939,236.3030175,15.02140438,1.98,-0.18,12.5,-1.44,1631.448,4137.052,378.573,8.936,1792.816,1.53,,-2,2019-12-18,1,False,2019-12-18,1,False,2019-12-18,1,False,2019-12-19,0,False,2019-12-18,1,False,2019-12-18,1,False,2019-12-19,0,False,2019-12-18,1,False,,,False
2019-12-26,2019-12-26 18:00:00-05:00,2019-12-26,294.3661804,10.66975469,10.19224922,1,0.1111111111,292.9843789,572.7457834,-13.93710413,6.664600624,335.8154794,33.7869943,309.3009886,-16.31660972,1.97,-0.14,12.65,0.15,1648.238,4165.591,351.934,3.192,1799.105,1.52,,-3,2019-12-25,1,False,2019-12-25,1,False,2019-12-24,2,False,2019-12-26,0,False,2019-12-25,1,False,2019-12-24,2,False,2019-12-26,0,False,2019-12-24,2,False,,,False
2020-01-02,2020-01-02 18:00:00-05:00,2020-01-02,296.1252747,11.39187366,10.50994077,1,0.3333333333,-110.3624078,157.4801354,160.8580671,7.622311161,265.4650028,31.22220648,65.76241805,-176.1248259,1.98,-0.13,12.47,-0.18,1548.849,4173.626,403.853,3.1,1805.88,1.55,,0,2020-01-01,1,False,2020-01-01,1,False,2019-12-31,2,False,2020-01-02,0,False,2020-01-01,1,False,2019-12-31,2,False,2020-01-02,0,False,2019-12-31,2,False,,,False
2020-01-09,2020-01-09 18:00:00-05:00,2020-01-09,297.7478027,10.91605617,10.67452128,1,0.1111111111,-35.56838484,324.6492682,113.9790076,-0.4859002254,131.9817331,31.8228022,-13.33417654,-22.2342083,2.05,0.01,12.54,0.07,1656.629,4149.544,350.84,0.401,1804.965,1.55,,0,2020-01-08,1,False,2020-01-08,1,False,2020-01-08,1,False,2020-01-09,0,False,2020-01-08,1,False,2020-01-08,1,False,2020-01-09,0,False,2020-01-08,1,False,,,False
2020-01-16,2020-01-16 18:00:00-05:00,2020-01-16,301.6399536,10.85270266,11.6563988,1,0,101.3136891,513.0278275,5.387894568,-20.87476783,93.7817557,10.63559269,98.63303628,2.680652793,2.01,0.03,12.32,-0.22,1673.362,4175.85,380.802,0.3,1797.216,1.56,,1,2020-01-15,1,False,2020-01-15,1,False,2020-01-15,1,False,2020-01-16,0,False,2020-01-15,1,False,2020-01-15,1,False,2020-01-16,0,False,2020-01-15,1,False,,,False
2020-01-23,2020-01-23 18:00:00-05:00,2020-01-23,302.3692322,10.52754405,11.56541814,0.8888888889,-0.1111111111,-92.76954939,398.2135208,143.4946446,23.31481895,-47.24179594,-10.61073927,-203.4405202,110.6709708,1.97,0,12.98,0.66,1609.594,4145.912,411.708,12.904,1794.685,1.54,,-1,2020-01-22,1,False,2020-01-22,1,False,2020-01-22,1,False,2020-01-23,0,False,2020-01-22,1,False,2020-01-22,1,False,2020-01-23,0,False,2020-01-22,1,False,,,False
2020-01-30,2020-01-30 18:00:00-05:00,2020-01-30,298.6867065,7.562254808,9.818652546,0.7777777778,-0.2222222222,151.8439841,317.1905828,111.8547757,2.491838032,-52.70237439,-32.83475807,-134.21423,286.0582141,2.05,0.07,15.49,2.51,1612.223,4151.63,450.537,4.14,1792.176,1.53,,-7,2020-01-29,1,False,2020-01-29,1,False,2020-01-29,1,False,2020-01-30,0,False,2020-01-29,1,False,2020-01-29,1,False,2020-01-30,0,False,2020-01-29,1,False,,,False
2020-02-06,2020-02-06 18:00:00-05:00,2020-02-06,304.4293213,8.636652774,11.53813309,0.8888888889,0,-9.051596995,307.2601841,158.439096,0.004819806706,41.36117125,-29.83219361,-87.2505509,78.19895391,2.07,0.02,14.96,-0.53,1652.873,4166.707,416.585,0.403,1792.586,1.59,,-1,2020-02-05,1,False,2020-02-05,1,False,2020-02-05,1,False,2020-02-06,0,False,2020-02-05,1,False,2020-02-05,1,False,2020-02-06,0,False,2020-02-05,1,False,,,False
2020-02-13,2020-02-13 18:00:00-05:00,2020-02-13,307.2366943,8.636284717,12.13241961,0.8888888889,-0.1111111111,52.01336255,376.537656,56.36936193,0.3592083049,16.37750398,-6.848905013,-33.50216124,85.51552379,2.06,0.05,14.15,-0.81,1695.082,4182.689,404.341,0.45,1794.356,1.57,,-3,2020-02-12,1,False,2020-02-12,1,False,2020-02-12,1,False,2020-02-13,0,False,2020-02-12,1,False,2020-02-12,1,False,2020-02-13,0,False,2020-02-12,1,False,,,False
2020-02-20,2020-02-20 18:00:00-05:00,2020-02-20,307.1365356,9.132921225,11.73073399,0.8888888889,0,119.2186424,319.7395496,22.53545179,-22.44138322,61.88746891,8.229793589,53.56360675,65.65503561,2.05,0.08,15.56,1.41,1659.021,4171.57,421.051,3.6,1798.097,1.59,,-1,2020-02-19,1,False,2020-02-19,1,False,2020-02-19,1,False,2020-02-20,0,False,2020-02-19,1,False,2020-02-19,1,False,2020-02-20,0,False,2020-02-19,1,False,,,False
2020-02-27,2020-02-27 18:00:00-05:00,2020-02-27,271.1862183,-4.879666687,-1.61955888,0,-0.6666666667,163.4225593,371.9670919,-151.5597488,-9.309596472,16.87770827,16.18641353,161.56064,1.861919294,2.2,0.15,39.16,23.6,1680.07,4158.637,387.615,0.275,1798.896,1.58,,-2,2020-02-26,1,False,2020-02-26,1,False,2020-02-26,1,False,2020-02-27,0,False,2020-02-26,1,False,2020-02-26,1,False,2020-02-27,0,False,2020-02-26,1,False,,,False
2020-03-05,2020-03-05 18:00:00-05:00,2020-03-05,275.6981201,-3.469037586,-0.1730387856,0.1111111111,-0.7777777778,197.1148919,347.5075362,-84.67838031,1.072789615,179.5182623,26.12134715,237.0025058,-39.88761389,2.47,0.4,39.62,0.46,1735.005,4241.507,381.302,0.85,1803.47,1.23,,13,2020-03-04,1,False,2020-03-04,1,False,2020-03-04,1,False,2020-03-05,0,False,2020-03-04,1,False,2020-03-04,1,False,2020-03-05,0,False,2020-03-04,1,False,,,False
2020-03-12,2020-03-12 18:00:00-04:00,2020-03-12,226.1570587,-21.426385,-18.09176902,0,-0.8888888889,202.9985973,265.6433624,-76.51537085,49.25061366,308.944796,47.00086475,289.2086885,-86.21009116,2.99,0.93,75.47,35.85,1779.99,4311.911,372.337,21.05,1814.015,1.15,,5,2020-03-11,1,False,2020-03-11,1,False,2020-03-11,1,False,2020-03-12,0,False,2020-03-11,1,False,2020-03-11,1,False,2020-03-12,0,False,2020-03-11,1,False,,,False
2020-03-19,2020-03-19 18:00:00-04:00,2020-03-19,219.2295074,-25.0116939,-20.43605837,0,-0.8888888889,686.4849445,758.8616242,-47.21723476,-5.765215494,1190.539773,69.49182202,1174.030401,-487.5454565,3.81,1.76,72,-3.47,1945.393,4668.212,401.354,1.195,1827.086,0.1,,0,2020-03-18,1,False,2020-03-18,1,False,2020-03-18,1,False,2020-03-19,0,False,2020-03-18,1,False,2020-03-18,1,False,2020-03-19,0,False,2020-03-18,1,False,,,False
2020-03-26,2020-03-26 18:00:00-04:00,2020-03-26,239.4888611,-18.17119089,-12.79077634,0,0,1605.518827,1679.255117,-6.5526277,332.3324445,2634.61562,146.2883151,2162.547489,-557.0286611,4.13,1.93,61,-11,2347.747,5254.278,384.89,138.48,1859.732,0.01,,-9,2020-03-25,1,False,2020-03-25,1,False,2020-03-25,1,False,2020-03-26,0,False,2020-03-25,1,False,2020-03-25,1,False,2020-03-26,0,False,2020-03-25,1,False,,,False
2020-04-02,2020-04-02 18:00:00-04:00,2020-04-02,230.8977509,-21.50996114,-15.70927999,0,-0.1111111111,2238.338873,2720.773256,296.1942536,428.5670164,3701.750345,172.9786135,2804.010461,-565.671588,3.97,1.5,50.91,-10.09,2684.398,5811.607,506.933,182.627,1876.839,0.01,,-9,2020-04-01,1,False,2020-04-01,1,False,2020-04-01,1,False,2020-04-02,0,False,2020-04-01,1,False,2020-04-01,1,False,2020-04-02,0,False,2020-04-01,1,False,,,False
2020-04-09,2020-04-09 18:00:00-04:00,2020-04-09,255.0758514,-14.54086573,-6.708486722,0.1111111111,0.1111111111,2306.432113,2693.968301,1054.847839,-36.00491754,4107.761037,155.2629449,2933.655171,-627.2230572,3.75,0.76,41.67,-9.24,2774.503,6083.141,827.178,5.525,1880.963,0.01,,-9,2020-04-08,1,False,2020-04-08,1,False,2020-04-08,1,False,2020-04-09,0,False,2020-04-08,1,False,2020-04-08,1,False,2020-04-09,0,False,2020-04-08,1,False,,,False
2020-04-16,2020-04-16 18:00:00-04:00,2020-04-16,255.9010773,-15.26071627,-6.349418607,0.3333333333,0.3333333333,2408.8002,3344.253266,974.2509552,0.7069087694,3640.955038,123.8182842,2542.17889,-133.3786897,3.33,-0.48,40.11,-1.56,3069.872,6367.887,856.155,1.525,1884.887,0.03,,-7,2020-04-15,1,False,2020-04-15,1,False,2020-04-15,1,False,2020-04-16,0,False,2020-04-15,1,False,2020-04-15,1,False,2020-04-16,0,False,2020-04-15,1,False,,,False
2020-04-23,2020-04-23 18:00:00-04:00,2020-04-23,255.8827515,-14.12366619,-6.253024142,0.4444444444,0.4444444444,1431.658165,3594.832693,1075.521699,-260.7970115,2510.065132,59.22412175,1636.116323,-204.4581577,3.3,-0.83,41.38,1.27,3099.98,6573.136,949.999,1.45,1890.85,0.01,,-9,2020-04-22,1,False,2020-04-22,1,False,2020-04-22,1,False,2020-04-23,0,False,2020-04-22,1,False,2020-04-22,1,False,2020-04-23,0,False,2020-04-22,1,False,,,False
2020-04-30,2020-04-30 18:00:00-04:00,2020-04-30,266.3351135,-11.20520742,-2.363296644,0.7777777778,0.7777777778,824.4088081,3736.578163,979.5896385,-311.1910355,1452.820192,45.63281722,738.7887722,85.6200359,3.24,-0.73,34.15,-7.23,3163.512,6655.929,1076.232,1.775,1903.359,0.01,,-9,2020-04-29,1,False,2020-04-29,1,False,2020-04-29,1,False,2020-04-30,0,False,2020-04-29,1,False,2020-04-29,1,False,2020-04-30,0,False,2020-04-29,1,False,,,False
2020-05-07,2020-05-07 18:00:00-04:00,2020-05-07,263.7678223,-13.68741243,-3.232190907,0.5555555556,0.4444444444,642.9277243,3630.521657,519.6164284,-7.468181323,1049.258927,57.59853339,479.5121468,163.4155776,3.31,-0.44,31.44,-2.71,3165.605,6721.42,1143.268,0.982,1916.001,0.05,,-5,2020-05-06,1,False,2020-05-06,1,False,2020-05-06,1,False,2020-05-07,0,False,2020-05-06,1,False,2020-05-06,1,False,2020-05-07,0,False,2020-05-06,1,False,,,False
2020-05-14,2020-05-14 18:00:00-04:00,2020-05-14,261.2830811,-15.27881363,-4.072001185,0.6666666667,0.3333333333,303.9611099,3749.618965,442.8737507,-2.185968438,889.3687969,63.99296972,384.6880449,-80.72693501,3.43,0.1,32.61,1.17,3263.431,6934.227,1138.172,0.133,1925.637,0.04,,-6,2020-05-13,1,False,2020-05-13,1,False,2020-05-13,1,False,2020-05-14,0,False,2020-05-13,1,False,2020-05-13,1,False,2020-05-14,0,False,2020-05-13,1,False,,,False
2020-05-21,2020-05-21 18:00:00-04:00,2020-05-21,270.3694458,-4.778770878,-0.787401189,1,0.5555555556,310.7207884,3943.83889,370.139915,-2.201384545,706.0891483,64.37870751,273.7719104,36.94887798,3.24,-0.06,29.53,-3.08,3304.221,7037.258,1193.297,0.003,1933.167,0.01,,-9,2020-05-20,1,False,2020-05-20,1,False,2020-05-20,1,False,2020-05-21,0,False,2020-05-20,1,False,2020-05-20,1,False,2020-05-21,0,False,2020-05-20,1,False,,,False
2020-05-28,2020-05-28 18:00:00-04:00,2020-05-28,277.7868958,1.502637,1.836013188,1,0.1111111111,231.6370863,3937.871952,376.6040774,-2.666795274,663.1486003,61.22360981,227.9877084,3.64937787,3.11,-0.13,28.59,-0.94,3317.688,7097.316,1326.897,0,1944.109,0.06,,-4,2020-05-27,1,False,2020-05-27,1,False,2020-05-27,1,False,2020-05-28,0,False,2020-05-27,1,False,2020-05-27,1,False,2020-05-28,0,False,2020-05-27,1,False,,,False
2020-06-04,2020-06-04 18:00:00-04:00,2020-06-04,285.4795532,8.588485755,4.443352993,1,0.4444444444,136.622916,3589.361045,428.769516,-1.4610008,660.2726805,50.11292257,182.8512427,-46.22832675,3.02,-0.29,25.81,-2.78,3257.435,7165.217,1431.462,0,1949.684,0.06,,-4,2020-06-03,1,False,2020-06-03,1,False,2020-06-03,1,False,2020-06-04,0,False,2020-06-03,1,False,2020-06-03,1,False,2020-06-04,0,False,2020-06-03,1,False,,,False
2020-06-11,2020-06-11 18:00:00-04:00,2020-06-11,275.6230164,19.61138152,0.5720171802,0.7777777778,0.1111111111,-104.953299,3271.551755,528.3891052,0.3489934783,338.4789682,40.67504568,-230.9341762,125.9808772,2.86,-0.57,40.79,14.98,3190.654,7168.936,1504.569,0.375,1953.842,0.07,,-3,2020-06-10,1,False,2020-06-10,1,False,2020-06-10,1,False,2020-06-11,0,False,2020-06-10,1,False,2020-06-10,1,False,2020-06-11,0,False,2020-06-10,1,False,,,False
2020-06-18,2020-06-18 18:00:00-04:00,2020-06-18,285.864624,28.22536052,4.103104348,1,0,-333.6271031,2407.87265,528.6277695,-0.002842016024,81.61133214,33.57699831,-480.5905937,146.9634906,2.87,-0.37,32.94,-7.85,3069.439,7094.69,1565.306,0.001,1956.796,0.09,,-1,2020-06-17,1,False,2020-06-17,1,False,2020-06-17,1,False,2020-06-18,0,False,2020-06-17,1,False,2020-06-17,1,False,2020-06-18,0,False,2020-06-17,1,False,,,False
2020-06-25,2020-06-25 18:00:00-04:00,2020-06-25,283.0429993,19.76821554,2.927817656,0.7777777778,-0.2222222222,-535.4573475,1122.723236,365.8791577,0.00140898334,-21.15447586,24.02175696,-411.0567995,-124.400548,2.89,-0.22,32.22,-0.72,2937.657,7082.302,1586.573,0.001,1961.158,0.08,,-2,2020-06-24,1,False,2020-06-24,1,False,2020-06-24,1,False,2020-06-25,0,False,2020-06-24,1,False,2020-06-24,1,False,2020-06-25,0,False,2020-06-24,1,False,,,False
2020-07-02,2020-07-02 18:00:00-04:00,2020-07-02,287.5369263,18.28306204,4.45473649,0.8888888889,-0.1111111111,-550.2122266,307.656729,314.4147623,0,-217.9654852,24.27281686,-556.6530644,6.44083773,2.89,-0.13,27.68,-4.54,2863.196,7009.04,1656.747,0,1967.076,0.11,,1,2020-07-01,1,False,2020-07-01,1,False,2020-07-01,1,False,2020-07-02,0,False,2020-07-01,1,False,2020-07-01,1,False,2020-07-02,0,False,2020-07-01,1,False,,,False
2020-07-09,2020-07-09 18:00:00-04:00,2020-07-09,289.5169983,11.26660046,5.027387707,0.6666666667,-0.3333333333,-526.3793679,63.77133129,167.1586969,-0.5230901768,-346.2438499,29.08102402,-541.9604806,15.58111273,2.77,-0.09,29.26,1.58,2813.296,6920.716,1624.404,0,1974.69,0.1,,0,2020-07-08,1,False,2020-07-08,1,False,2020-07-08,1,False,2020-07-09,0,False,2020-07-08,1,False,2020-07-08,1,False,2020-07-09,0,False,2020-07-08,1,False,,,False
2020-07-16,2020-07-16 18:00:00-04:00,2020-07-16,295.420105,18.00533091,6.930150622,0.8888888889,-0.1111111111,-474.7071401,-529.5681283,246.8733659,0,-191.8138777,30.60598842,-469.293232,-5.413908148,2.71,-0.16,28,-1.26,2732.649,6958.604,1740.455,0.001,1978.51,0.13,,3,2020-07-15,1,False,2020-07-15,1,False,2020-07-15,1,False,2020-07-16,0,False,2020-07-15,1,False,2020-07-15,1,False,2020-07-16,0,False,2020-07-15,1,False,,,False
2020-07-23,2020-07-23 18:00:00-04:00,2020-07-23,297.4184265,13.52719773,7.324919061,0.8888888889,0.3333333333,-392.5263283,-669.8811648,269.1314208,-0.001411970289,-165.9728715,30.66093482,-465.7638152,73.23748691,2.61,-0.28,26.08,-1.92,2659.658,6964.755,1777.18,0,1982.873,0.1,,0,2020-07-22,1,False,2020-07-22,1,False,2020-07-22,1,False,2020-07-23,0,False,2020-07-22,1,False,2020-07-22,1,False,2020-07-23,0,False,2020-07-22,1,False,,,False
2020-07-30,2020-07-30 18:00:00-04:00,2020-07-30,298.339386,13.69566128,7.352011216,0.8888888889,0,-253.7009348,-718.3610282,193.5885656,0.4380057754,-85.61514844,30.12395421,-309.765674,56.06473925,2.61,-0.28,24.76,-1.32,2685.376,6949.032,1792.434,0.307,1988.19,0.09,,-1,2020-07-29,1,False,2020-07-29,1,False,2020-07-29,1,False,2020-07-30,0,False,2020-07-29,1,False,2020-07-29,1,False,2020-07-30,0,False,2020-07-29,1,False,,,False
2020-08-06,2020-08-06 18:00:00-04:00,2020-08-06,307.8892212,17.13862125,10.45932967,0.8888888889,0.2222222222,-86.35667177,-613.0758084,118.8215208,0,35.43130508,31.69614242,-115.0863581,28.72968635,2.59,-0.18,22.65,-2.11,2753.531,6945.237,1706.637,0,1996.626,0.09,,-1,2020-08-05,1,False,2020-08-05,1,False,2020-08-05,1,False,2020-08-06,0,False,2020-08-05,1,False,2020-08-05,1,False,2020-08-06,0,False,2020-08-05,1,False,,,False
2020-08-13,2020-08-13 18:00:00-04:00,2020-08-13,310.1915894,15.87227868,10.9267618,0.8888888889,0,137.2703491,-627.6993816,-151.3406999,0.1796337311,-1.90699169,35.22114493,114.0329296,23.23741946,2.55,-0.16,22.13,-0.52,2828.17,6957.277,1635.143,0.126,2003.019,0.09,,-1,2020-08-12,1,False,2020-08-12,1,False,2020-08-12,1,False,2020-08-13,0,False,2020-08-12,1,False,2020-08-12,1,False,2020-08-13,0,False,2020-08-12,1,False,,,False
2020-08-20,2020-08-20 18:00:00-04:00,2020-08-20,311.526886,11.93909081,11.06112367,0.8888888889,0,232.8739489,-685.4544767,-202.142071,0.2153701028,65.87740703,35.29915984,232.5049481,0.3690007761,2.65,0.04,22.72,0.59,2821.849,7010.637,1636.393,0.15,2007.458,0.09,,-1,2020-08-19,1,False,2020-08-19,1,False,2020-08-19,1,False,2020-08-20,0,False,2020-08-19,1,False,2020-08-19,1,False,2020-08-20,0,False,2020-08-19,1,False,,,False
2020-08-27,2020-08-27 18:00:00-04:00,2020-08-27,320.782074,12.07089495,13.97526596,0.7777777778,-0.1111111111,273.4524751,-623.1778323,-266.2025445,-0.4389100525,59.5564965,32.81176429,293.3861867,-19.93371163,2.66,0.05,24.47,1.75,2875.399,6990.418,1607.449,0.002,2010.991,0.07,,-3,2020-08-26,1,False,2020-08-26,1,False,2020-08-26,1,False,2020-08-27,0,False,2020-08-26,1,False,2020-08-26,1,False,2020-08-27,0,False,2020-08-26,1,False,,,False
2020-09-03,2020-09-03 18:00:00-04:00,2020-09-03,318.0745239,8.749179503,12.59426387,0.8888888889,0,139.7634091,-567.7915965,-78.92315266,0,104.0353267,29.18402929,153.77445,-14.01104095,2.64,0.05,33.6,9.13,2850.6,7017.492,1651.823,0,2016.895,0.09,,-1,2020-09-02,1,False,2020-09-02,1,False,2020-09-02,1,False,2020-09-03,0,False,2020-09-02,1,False,2020-09-02,1,False,2020-09-03,0,False,2020-09-02,1,False,,,False
2020-09-10,2020-09-10 18:00:00-04:00,2020-09-10,307.4840088,7.157259598,8.625378867,0.6666666667,-0.3333333333,113.094534,-395.8760407,-92.86679257,-0.1667318981,76.66361423,34.46607056,135.2310681,-22.13653416,2.69,0.14,29.71,-3.89,2906.853,7010.614,1570.533,0.01,2026.998,0.09,,-1,2020-09-09,1,False,2020-09-09,1,False,2020-09-09,1,False,2020-09-10,0,False,2020-09-09,1,False,2020-09-09,1,False,2020-09-10,0,False,2020-09-09,1,False,,,False
2020-09-17,2020-09-17 18:00:00-04:00,2020-09-17,309.2797852,7.62378698,9.007853869,0.6666666667,-0.2222222222,67.69712938,-282.0842066,80.47200276,-0.212534182,76.79473349,30.83885245,-34.30358753,102.0007169,2.67,0.02,26.46,-3.25,2869.309,7064.475,1692.809,0.001,2029.078,0.1,,0,2020-09-16,1,False,2020-09-16,1,False,2020-09-16,1,False,2020-09-17,0,False,2020-09-16,1,False,2020-09-16,1,False,2020-09-17,0,False,2020-09-16,1,False,,,False
2020-09-24,2020-09-24 18:00:00-04:00,2020-09-24,299.1082458,5.329798976,5.248056644,0,-0.7777777778,-39.07777761,-126.4772386,77.65343932,0.002861059239,146.9769047,24.85545213,44.46515216,-83.54292976,2.68,0.02,28.51,2.05,2848.082,7093.161,1661.732,0.004,2028.366,0.06,,-4,2020-09-23,1,False,2020-09-23,1,False,2020-09-23,1,False,2020-09-24,0,False,2020-09-23,1,False,2020-09-23,1,False,2020-09-24,0,False,2020-09-23,1,False,,,False
2020-10-01,2020-10-01 18:00:00-04:00,2020-10-01,311.6274109,7.024246089,9.447876328,0.5555555556,-0.3333333333,-152.9820055,-171.1375595,185.0461675,0.001425010531,55.05813188,18.52371189,-148.5131725,-4.468833025,2.75,0.11,26.7,-1.81,2743.245,7056.129,1781.679,0.001,2029.894,0.08,,-2,2020-09-30,1,False,2020-09-30,1,False,2020-09-30,1,False,2020-10-01,0,False,2020-09-30,1,False,2020-09-30,1,False,2020-10-01,0,False,2020-09-30,1,False,,,False
2020-10-08,2020-10-08 18:00:00-04:00,2020-10-08,317.8591309,7.241271981,11.4224225,0.8888888889,0.2222222222,-62.04306784,72.33500118,166.7485901,0.2881345343,91.34007378,11.22868839,-86.92533921,24.88227137,2.69,0,26.36,-0.34,2863.357,7074.649,1687.434,0.212,2034.87,0.09,,-1,2020-10-07,1,False,2020-10-07,1,False,2020-10-07,1,False,2020-10-08,0,False,2020-10-07,1,False,2020-10-07,1,False,2020-10-08,0,False,2020-10-07,1,False,,,False
2020-10-15,2020-10-15 18:00:00-04:00,2020-10-15,321.2986755,6.740185555,12.34111709,0.8888888889,0.2222222222,54.39186918,251.6093745,-63.51781272,0,123.0820408,16.93402553,169.665828,-115.2739588,2.64,-0.03,26.97,0.61,2907.734,7151.426,1647.937,0.001,2041.041,0.09,,-1,2020-10-14,1,False,2020-10-14,1,False,2020-10-14,1,False,2020-10-15,0,False,2020-10-14,1,False,2020-10-14,1,False,2020-10-15,0,False,2020-10-14,1,False,,,False
2020-10-22,2020-10-22 18:00:00-04:00,2020-10-22,318.6265869,6.418996087,11.18251897,0.8888888889,0.8888888889,59.27963569,330.9118555,53.24142509,-0.004229426063,118.5705499,19.27208476,46.06126944,13.21836625,2.63,-0.05,28.11,1.14,2890.13,7177.265,1699.497,0.001,2042.036,0.07,,-3,2020-10-21,1,False,2020-10-21,1,False,2020-10-21,1,False,2020-10-22,0,False,2020-10-21,1,False,2020-10-21,1,False,2020-10-22,0,False,2020-10-21,1,False,,,False
2020-10-29,2020-10-29 18:00:00-04:00,2020-10-29,305.0997009,-0.2436258989,6.347078172,0.1111111111,-0.4444444444,289.1259499,376.8582444,-182.3095921,0.01842369945,127.7995343,18.37267998,291.7180227,-2.592072792,2.62,-0.13,37.59,9.48,2947.256,7146.306,1653.039,0.014,2042.858,0.08,,-2,2020-10-28,1,False,2020-10-28,1,False,2020-10-28,1,False,2020-10-29,0,False,2020-10-28,1,False,2020-10-28,1,False,2020-10-29,0,False,2020-10-28,1,False,,,False
2020-11-05,2020-11-05 18:00:00-05:00,2020-11-05,323.8320618,4.208750042,12.78062766,0.8888888889,0,164.2201613,325.4115014,-97.34193173,-0.2996615097,117.0800134,16.78669853,197.9349081,-33.71474684,2.58,-0.11,27.58,-10.01,2979.537,7157.479,1618.568,0,2046.746,0.1,,0,2020-11-04,1,False,2020-11-04,1,False,2020-11-04,1,False,2020-11-05,0,False,2020-11-04,1,False,2020-11-04,1,False,2020-11-05,0,False,2020-11-04,1,False,,,False
2020-11-12,2020-11-12 18:00:00-05:00,2020-11-12,326.578125,5.157861906,13.44786928,1,0.1111111111,117.9680808,235.6209189,-107.9071503,-0.001398322516,33.54715549,18.36137296,123.0943311,-5.126250345,2.44,-0.2,25.35,-2.23,2992.098,7175.417,1570.768,0,2054.172,0.1,,0,2020-11-11,1,False,2020-11-11,1,False,2020-11-10,2,False,2020-11-12,0,False,2020-11-11,1,False,2020-11-10,2,False,2020-11-12,0,False,2020-11-10,2,False,,,False
2020-11-19,2020-11-19 18:00:00-05:00,2020-11-19,330.8035889,3.349598525,14.59031592,1,0.1111111111,199.3767821,301.5118312,-212.5781896,2.785183493,91.69927542,24.3867267,277.1055548,-77.72877273,2.39,-0.24,23.11,-2.24,3033.228,7243.08,1546.924,2,2059.539,0.07,,-3,2020-11-18,1,False,2020-11-18,1,False,2020-11-18,1,False,2020-11-19,0,False,2020-11-18,1,False,2020-11-18,1,False,2020-11-19,0,False,2020-11-18,1,False,,,False
2020-11-26,2020-11-26 18:00:00-05:00,2020-11-25,335.3156433,3.264823588,15.93409946,1,0.8888888889,120.302713,225.7790593,-148.4893034,-0.0195905409,135.4182147,23.34212949,260.5849791,-140.2822661,2.31,-0.31,21.25,-1.86,3033.228,7243.08,1508.389,0,2059.539,0.07,,-3,2020-11-18,8,False,2020-11-18,8,False,2020-11-24,2,False,2020-11-25,1,False,2020-11-18,8,False,2020-11-24,2,False,2020-11-25,1,False,2020-11-24,2,False,,,False
2020-12-03,2020-12-03 18:00:00-05:00,2020-12-03,339.041748,8.348633534,16.91886674,0.8888888889,0.2222222222,170.0291401,357.1575144,-85.68519726,0,90.72328399,28.46393262,147.9445486,22.08459152,2.24,-0.34,21.28,0.03,3101.235,7222.414,1557.239,0,2067.119,0.08,,-2,2020-12-02,1,False,2020-12-02,1,False,2020-12-02,1,False,2020-12-03,0,False,2020-12-02,1,False,2020-12-02,1,False,2020-12-03,0,False,2020-12-02,1,False,,,False
2020-12-10,2020-12-10 18:00:00-05:00,2020-12-10,339.0787048,8.670642968,16.39819924,0.8888888889,-0.1111111111,216.7929752,343.4834666,-95.33522581,0.001393647226,93.71023315,16.89379168,172.1502736,44.6427016,2.24,-0.2,22.52,1.24,3147.656,7242.658,1502.361,0.001,2066.294,0.08,,-2,2020-12-09,1,False,2020-12-09,1,False,2020-12-09,1,False,2020-12-10,0,False,2020-12-09,1,False,2020-12-09,1,False,2020-12-10,0,False,2020-12-09,1,False,,,False
2020-12-17,2020-12-17 18:00:00-05:00,2020-12-17,344.1733093,15.37316403,17.50638055,0.8888888889,-0.1111111111,187.2104132,423.976304,95.19292897,-2.741927467,165.0016291,9.468347719,63.08227991,124.1281333,2.25,-0.14,21.93,-0.59,3168.826,7362.592,1615.873,0.014,2066.397,0.09,,-1,2020-12-16,1,False,2020-12-16,1,False,2020-12-16,1,False,2020-12-17,0,False,2020-12-16,1,False,2020-12-16,1,False,2020-12-17,0,False,2020-12-16,1,False,,,False
2020-12-24,2020-12-24 18:00:00-05:00,2020-12-24,342.6318665,10.6551239,16.09018473,0.8888888889,-0.1111111111,198.9181398,464.1428554,50.2327739,0.01380628131,222.2245233,16.30797948,155.6699636,43.24817619,2.24,-0.07,21.53,-0.4,3177.306,7404.039,1583.308,0.01,2071.351,0.06,,-4,2020-12-23,1,False,2020-12-23,1,False,2020-12-23,1,False,2020-12-24,0,False,2020-12-23,1,False,2020-12-23,1,False,2020-12-24,0,False,2020-12-23,1,False,,,False
2020-12-31,2020-12-31 18:00:00-05:00,2020-12-31,347.163208,12.10512483,16.69681884,0.8888888889,-0.1111111111,57.78538865,566.493328,77.91716177,13.36256825,195.1383568,19.87147234,83.98715443,-26.20176578,2.2,-0.04,22.75,1.22,3142.97,7363.351,1613.514,9.651,2081.471,0.09,,-1,2020-12-30,1,False,2020-12-30,1,False,2020-12-30,1,False,2020-12-31,0,False,2020-12-30,1,False,2020-12-30,1,False,2020-12-31,0,False,2020-12-30,1,False,,,False
2021-01-07,2021-01-07 18:00:00-05:00,2021-01-07,352.0101624,8.025985045,17.28189951,0.8888888889,0,22.25978363,424.6443887,145.0227251,0,127.2336758,33.29992939,-51.08897866,73.34876229,2.27,0.03,22.37,-0.38,3163.778,7334.809,1607.396,0.001,2090.412,0.1,,0,2021-01-06,1,False,2021-01-06,1,False,2021-01-06,1,False,2021-01-07,0,False,2021-01-06,1,False,2021-01-06,1,False,2021-01-07,0,False,2021-01-06,1,False,,,False
2021-01-14,2021-01-14 18:00:00-05:00,2021-01-14,351.4159241,11.12927902,15.94993511,0.7777777778,-0.1111111111,43.5213577,409.8972708,-54.3259765,0.7959153516,-38.87761267,34.33165929,-19.6792108,63.2005685,2.13,-0.12,23.25,0.88,3200.869,7333.968,1575.875,0.6,2091.674,0.08,,-2,2021-01-13,1,False,2021-01-13,1,False,2021-01-13,1,False,2021-01-14,0,False,2021-01-13,1,False,2021-01-13,1,False,2021-01-14,0,False,2021-01-13,1,False,,,False
2021-01-21,2021-01-21 18:00:00-05:00,2021-01-21,356.7828674,11.59635796,16.78308133,0.8888888889,0,-37.1405391,361.8049494,74.31484356,1.608581478,14.72574631,31.92311656,-93.12079528,55.98025618,2.11,-0.13,21.32,-1.93,3149.807,7414.942,1638.331,1.201,2094.987,0.06,,-4,2021-01-20,1,False,2021-01-20,1,False,2021-01-20,1,False,2021-01-21,0,False,2021-01-20,1,False,2021-01-20,1,False,2021-01-21,0,False,2021-01-20,1,False,,,False
2021-01-28,2021-01-28 18:00:00-05:00,2021-01-28,350.6452332,16.13879352,13.83375679,0.6666666667,-0.2222222222,116.4972307,393.902808,-0.186056593,-9.501108938,56.46206462,21.17785774,44.97137241,71.52585827,2.16,-0.04,30.21,8.89,3228.751,7404.926,1613.377,2.655,2097.065,0.03,,-7,2021-01-27,1,False,2021-01-27,1,False,2021-01-27,1,False,2021-01-28,0,False,2021-01-27,1,False,2021-01-27,1,False,2021-01-28,0,False,2021-01-27,1,False,,,False
2021-02-04,2021-02-04 18:00:00-05:00,2021-02-04,358.5935364,10.7597051,15.51688397,0.7777777778,-0.1111111111,53.09477043,311.8206843,30.44796395,0.680317647,103.327844,9.514903524,62.68465886,-9.589888435,2.17,-0.1,21.77,-8.44,3202.722,7410.598,1629.729,0.5,2097.391,0.07,,-3,2021-02-03,1,False,2021-02-03,1,False,2021-02-03,1,False,2021-02-04,0,False,2021-02-03,1,False,2021-02-03,1,False,2021-02-04,0,False,2021-02-03,1,False,,,False
2021-02-11,2021-02-11 18:00:00-05:00,2021-02-11,362.7904968,9.571446268,15.9100823,0.8888888889,0.1111111111,133.3111898,427.2100144,1.184897453,-0.6708510318,147.6104068,10.45000469,136.6463557,-3.335165902,2.16,0.03,21.25,-0.52,3298.639,7442.225,1576.744,0.108,2099.338,0.06,,-4,2021-02-10,1,False,2021-02-10,1,False,2021-02-10,1,False,2021-02-11,0,False,2021-02-10,1,False,2021-02-10,1,False,2021-02-11,0,False,2021-02-10,1,False,,,False
2021-02-18,2021-02-18 18:00:00-05:00,2021-02-18,362.7997742,9.672260634,15.17425375,0.8888888889,0,348.0323919,517.2426647,-93.64604605,-1.619702487,192.1255756,9.491645383,277.8996788,70.13271311,2.13,0.02,22.49,1.24,3407.871,7557.402,1568.893,0,2102.025,0.06,,-4,2021-02-17,1,False,2021-02-17,1,False,2021-02-17,1,False,2021-02-18,0,False,2021-02-17,1,False,2021-02-17,1,False,2021-02-18,0,False,2021-02-17,1,False,,,False
2021-02-25,2021-02-25 18:00:00-05:00,2021-02-25,355.0093689,5.579157365,11.85419501,0.4444444444,0,209.9035156,484.5383456,-234.6154438,9.886661933,250.0835255,6.81438275,467.9979246,-258.094409,2.22,0.06,28.89,6.4,3384.183,7590.111,1439.646,9.976,2102.111,0.02,,-8,2021-02-24,1,False,2021-02-24,1,False,2021-02-24,1,False,2021-02-25,0,False,2021-02-24,1,False,2021-02-24,1,False,2021-02-25,0,False,2021-02-24,1,False,,,False
2021-03-04,2021-03-04 18:00:00-05:00,2021-03-04,349.7817383,2.286278296,9.409927368,0.3333333333,-0.4444444444,488.6623185,641.9114163,-282.6910865,2.159070024,198.2647014,6.582464735,472.2142532,16.44806532,2.14,-0.03,28.57,-0.32,3564.85,7557.524,1420.238,2.1,2102.269,0.04,,-6,2021-03-03,1,False,2021-03-03,1,False,2021-03-03,1,False,2021-03-04,0,False,2021-03-03,1,False,2021-03-03,1,False,2021-03-04,0,False,2021-03-03,1,False,,,False
2021-03-11,2021-03-11 18:00:00-05:00,2021-03-11,365.4091187,7.891807649,13.51359286,0.7777777778,-0.1111111111,467.7270574,689.0785123,-358.0528673,14.70393599,184.9930632,6.50880617,521.8331883,-54.10613089,2.17,0.01,21.91,-6.66,3646.732,7579.901,1310.273,11.051,2104.182,0.02,,-8,2021-03-10,1,False,2021-03-10,1,False,2021-03-10,1,False,2021-03-11,0,False,2021-03-10,1,False,2021-03-10,1,False,2021-03-11,0,False,2021-03-10,1,False,,,False
2021-03-18,2021-03-18 18:00:00-04:00,2021-03-18,363.5055847,6.040413107,12.16226015,0.6666666667,-0.2222222222,615.8888994,956.8600297,-634.3343916,35.15758458,180.0936354,9.83274411,769.4376983,-153.5487989,2.23,0.1,21.58,-0.33,3873.323,7693.506,1089.501,26.57,2109.456,0.01,,-9,2021-03-17,1,False,2021-03-17,1,False,2021-03-17,1,False,2021-03-18,0,False,2021-03-17,1,False,2021-03-17,1,False,2021-03-18,0,False,2021-03-17,1,False,,,False
2021-03-25,2021-03-25 18:00:00-04:00,2021-03-25,363.0379333,5.053164057,11.39840867,0.6666666667,0.2222222222,559.8811401,853.3626038,-537.1963598,0.1633704698,170.6312332,26.07339998,681.5908226,-121.7096825,2.1,-0.12,19.81,-1.77,3809.139,7719.622,1031.908,10.1,2121.901,0.01,,-9,2021-03-24,1,False,2021-03-24,1,False,2021-03-24,1,False,2021-03-25,0,False,2021-03-24,1,False,2021-03-24,1,False,2021-03-25,0,False,2021-03-24,1,False,,,False
2021-04-01,2021-04-01 18:00:00-04:00,2021-04-01,373.2014465,8.23853845,13.76268207,1,0.6666666667,142.7081145,719.4170154,-394.6887896,9.890805507,173.9511512,48.07262273,510.6765126,-367.9683981,2.03,-0.11,17.33,-2.48,3672.702,7688.988,1121.951,9.575,2138.6,0.01,,-9,2021-03-31,1,False,2021-03-31,1,False,2021-03-31,1,False,2021-04-01,0,False,2021-03-31,1,False,2021-03-31,1,False,2021-04-01,0,False,2021-03-31,1,False,,,False
2021-04-08,2021-04-08 18:00:00-04:00,2021-04-08,380.5703125,8.230479676,15.3508111,1,0.4444444444,392.2518249,1063.800025,-468.7462277,21.88551011,170.161853,56.3622137,560.6603569,-168.408532,1.96,-0.21,16.95,-0.38,3944.055,7708.882,954.968,27.64,2146.904,0.01,,-9,2021-04-07,1,False,2021-04-07,1,False,2021-04-07,1,False,2021-04-08,0,False,2021-04-07,1,False,2021-04-07,1,False,2021-04-08,0,False,2021-04-07,1,False,,,False
2021-04-15,2021-04-15 18:00:00-04:00,2021-04-15,387.41745,10.18936757,16.51680649,1,0.1111111111,82.05751708,1002.983651,-218.1268202,2.672383696,129.4572332,56.7582582,288.1534115,-206.0958944,1.98,-0.25,16.57,-0.38,3936.454,7793.104,921.685,28.626,2153.123,0.01,,-9,2021-04-14,1,False,2021-04-14,1,False,2021-04-14,1,False,2021-04-15,0,False,2021-04-14,1,False,2021-04-14,1,False,2021-04-15,0,False,2021-04-14,1,False,,,False
2021-04-22,2021-04-22 18:00:00-04:00,2021-04-22,384.0636902,7.772537158,14.65857466,0.8888888889,0.2222222222,-53.99875797,832.9761716,-36.87356713,119.8815175,131.2577222,46.981575,1.268196811,-55.26695478,2.01,-0.09,18.71,2.14,3767.454,7820.948,1003.443,102.644,2158.169,0.01,,-9,2021-04-21,1,False,2021-04-21,1,False,2021-04-21,1,False,2021-04-22,0,False,2021-04-21,1,False,2021-04-21,1,False,2021-04-22,0,False,2021-04-21,1,False,,,False
2021-04-29,2021-04-29 18:00:00-04:00,2021-04-29,391.3207703,10.45364574,15.97754439,1,0,281.3322117,891.6591469,-246.6696528,213.1541888,119.6178223,29.23791792,123.8953683,157.4368434,1.98,-0.05,17.61,-1.1,3889.018,7780.962,932.287,173.469,2161.081,0.01,,-9,2021-04-28,1,False,2021-04-28,1,False,2021-04-28,1,False,2021-04-29,0,False,2021-04-28,1,False,2021-04-28,1,False,2021-04-29,0,False,2021-04-28,1,False,,,False
2021-05-06,2021-05-06 18:00:00-04:00,2021-05-06,390.398468,7.736726292,14.92563645,1,0,-56.10670912,942.0036008,-11.45950866,165.1095451,131.8012132,23.34320333,-45.19202655,-10.91468257,1.98,0.02,18.39,0.78,3900.803,7810.486,946.134,154.921,2164.899,0.01,,-9,2021-05-05,1,False,2021-05-05,1,False,2021-05-05,1,False,2021-05-06,0,False,2021-05-05,1,False,2021-05-05,1,False,2021-05-06,0,False,2021-05-05,1,False,,,False
2021-05-13,2021-05-13 18:00:00-04:00,2021-05-13,382.2098083,4.901676333,11.78945369,0.7777777778,-0.2222222222,24.9066354,883.1028355,-73.69592399,265.0946272,48.19517358,19.31066235,-162.514192,187.4208274,2.02,0.04,23.13,4.74,3955.864,7830.663,864.253,235.217,2168.172,0.01,,-9,2021-05-12,1,False,2021-05-12,1,False,2021-05-12,1,False,2021-05-13,0,False,2021-05-12,1,False,2021-05-12,1,False,2021-05-13,0,False,2021-05-12,1,False,,,False
2021-05-20,2021-05-20 18:00:00-04:00,2021-05-20,386.8677673,6.348146122,12.45558692,0.8888888889,0,72.27384711,550.5966204,-182.3436238,317.7070094,130.3358621,13.30017793,-18.32770145,90.60154856,2.02,0.01,20.67,-2.46,3823.979,7922.883,860.833,351.121,2168.571,0.01,,-9,2021-05-19,1,False,2021-05-19,1,False,2021-05-19,1,False,2021-05-20,0,False,2021-05-19,1,False,2021-05-19,1,False,2021-05-20,0,False,2021-05-19,1,False,,,False
2021-05-27,2021-05-27 18:00:00-04:00,2021-05-27,390.603363,10.28870529,12.86836187,0.8888888889,-0.1111111111,-48.05961011,615.853971,-197.1157294,400.7987701,157.5370757,11.58340061,-57.7293656,9.669755488,1.98,0,16.74,-3.93,3851.623,7903.541,778.912,485.329,2170.094,0.01,,-9,2021-05-26,1,False,2021-05-26,1,False,2021-05-26,1,False,2021-05-27,0,False,2021-05-26,1,False,2021-05-26,1,False,2021-05-27,0,False,2021-05-26,1,False,,,False
2021-06-03,2021-06-03 18:00:00-04:00,2021-06-03,390.1190491,8.516052173,12.20701823,0.7777777778,-0.2222222222,-67.26982162,375.0064174,-171.6244034,415.0586788,160.319089,15.29354255,-98.40872898,31.13890736,1.98,0,18.04,1.3,3848.262,7935.703,812.087,479.102,2176.844,0.01,,-9,2021-06-02,1,False,2021-06-02,1,False,2021-06-02,1,False,2021-06-03,0,False,2021-06-02,1,False,2021-06-02,1,False,2021-06-03,0,False,2021-06-02,1,False,,,False
2021-06-10,2021-06-10 18:00:00-04:00,2021-06-10,394.6278687,7.346958665,12.84589761,0.8888888889,0.1111111111,-49.9817193,356.195945,-243.5272722,382.7594164,155.3687089,15.11493982,1.021624861,-51.00334416,1.96,-0.06,16.1,-1.94,3916.725,7952.327,673.555,534.943,2180.008,0.01,,-9,2021-06-09,1,False,2021-06-09,1,False,2021-06-09,1,False,2021-06-10,0,False,2021-06-09,1,False,2021-06-09,1,False,2021-06-10,0,False,2021-06-09,1,False,,,False
2021-06-17,2021-06-17 18:00:00-04:00,2021-06-17,393.1001282,8.336356202,11.81605753,0.3333333333,-0.4444444444,103.1897101,42.12903714,-120.8133453,510.7724044,178.4375713,12.54341381,-224.0649016,327.2546117,1.91,-0.11,17.75,1.65,3905.735,8064.257,765.114,755.8,2178.509,0.01,,-14,2021-06-16,1,False,2021-06-16,1,False,2021-06-16,1,False,2021-06-17,0,False,2021-06-16,1,False,2021-06-16,1,False,2021-06-17,0,False,2021-06-16,1,False,,,False
2021-06-24,2021-06-24 18:00:00-04:00,2021-06-24,397.3115234,8.046203471,12.41546271,0.4444444444,-0.4444444444,-108.6981139,-56.25404974,-56.98078874,414.6483203,251.0317844,10.43962447,-117.0753717,8.377257738,1.89,-0.09,15.97,-1.78,3765.713,8101.945,733.877,813.048,2178.345,0.05,,-10,2021-06-23,1,False,2021-06-23,1,False,2021-06-23,1,False,2021-06-24,0,False,2021-06-23,1,False,2021-06-23,1,False,2021-06-24,0,False,2021-06-23,1,False,,,False
2021-07-01,2021-07-01 18:00:00-04:00,2021-07-01,402.2931213,6.209698543,13.10911146,0.6666666667,-0.1111111111,-424.1993431,-209.4840049,50.20601199,332.1003823,179.9979157,4.619628532,-206.9281071,-217.2712361,1.87,-0.11,15.48,-0.49,3511.63,8078.544,851.929,742.647,2180.51,0.05,,-10,2021-06-30,1,False,2021-06-30,1,False,2021-06-30,1,False,2021-07-01,0,False,2021-06-30,1,False,2021-06-30,1,False,2021-07-01,0,False,2021-06-30,1,False,,,False
2021-07-08,2021-07-08 18:00:00-04:00,2021-07-08,402.7510681,4.715825448,12.62124792,0.3333333333,-0.4444444444,-76.10602532,-113.9620505,64.56349192,325.0067559,182.8974085,8.498141487,-215.1709808,139.0649555,1.89,-0.07,19,3.52,3856.203,8097.773,724.898,793.399,2186.766,0.05,,-10,2021-07-07,1,False,2021-07-07,1,False,2021-07-07,1,False,2021-07-08,0,False,2021-07-07,1,False,2021-07-07,1,False,2021-07-08,0,False,2021-07-07,1,False,,,False
2021-07-15,2021-07-15 18:00:00-04:00,2021-07-15,406.330719,5.823381908,12.8005843,0.5555555556,0.1111111111,48.31815256,10.58114969,-133.3935662,25.37245527,170.3740345,11.08223609,267.3129093,-218.9947567,1.91,0,17.01,-1.99,3944.7,8201.651,657.542,776.261,2187.446,0.05,,-10,2021-07-14,1,False,2021-07-14,1,False,2021-07-14,1,False,2021-07-15,0,False,2021-07-14,1,False,2021-07-14,1,False,2021-07-15,0,False,2021-07-14,1,False,,,False
2021-07-22,2021-07-22 18:00:00-04:00,2021-07-22,406.9942322,4.637998026,12.2602627,0.6666666667,0.2222222222,257.7578594,264.792708,-145.1293486,105.096986,171.0515191,8.464634109,202.6192476,55.13861178,1.96,0.07,17.69,0.68,3974.547,8240.53,616.294,898.197,2185.203,0.05,,-10,2021-07-21,1,False,2021-07-21,1,False,2021-07-21,1,False,2021-07-22,0,False,2021-07-21,1,False,2021-07-21,1,False,2021-07-22,0,False,2021-07-21,1,False,,,False
2021-07-29,2021-07-29 18:00:00-04:00,2021-07-29,411.8450623,6.369174129,12.87204777,0.6666666667,0.1111111111,605.8406069,143.9963336,-389.8759479,302.8218946,176.9242081,5.626013797,258.3522476,347.4883593,1.96,0.09,17.7,0.01,4001.061,8221.473,536.966,987.283,2185.055,0.05,0.15,-10,2021-07-28,1,False,2021-07-28,1,False,2021-07-28,1,False,2021-07-29,0,False,2021-07-28,1,False,2021-07-28,1,False,2021-07-29,0,False,2021-07-28,1,False,2021-07-29,0,False
2021-08-05,2021-08-05 18:00:00-04:00,2021-08-05,412.8824463,7.000156672,12.46246828,0.7777777778,0.4444444444,234.2495894,185.7630882,-270.4780685,186.391987,169.5527894,0.2716796334,253.3671912,-19.11760184,1.96,0.07,17.28,-0.42,4045.893,8235.073,505.871,944.335,2186.986,0.05,0.15,-10,2021-08-04,1,False,2021-08-04,1,False,2021-08-04,1,False,2021-08-05,0,False,2021-08-04,1,False,2021-08-04,1,False,2021-08-05,0,False,2021-08-04,1,False,2021-08-05,0,False
2021-08-12,2021-08-12 18:00:00-04:00,2021-08-12,416.0134888,8.405639253,12.5720373,0.8888888889,0.3333333333,222.6259079,218.9163293,-326.5135276,379.2907062,67.67905633,1.237555707,13.66432198,208.9615859,1.99,0.08,15.59,-1.69,4127.29,8257.159,389.747,1087.342,2188.461,0.05,0.15,-10,2021-08-11,1,False,2021-08-11,1,False,2021-08-11,1,False,2021-08-12,0,False,2021-08-11,1,False,2021-08-11,1,False,2021-08-12,0,False,2021-08-11,1,False,2021-08-12,0,False
2021-08-19,2021-08-19 18:00:00-04:00,2021-08-19,411.10672,5.513376855,10.43141321,0.6666666667,0,227.6771033,426.8471464,-367.2615718,256.9507058,123.8609653,3.146642267,231.0251889,-3.348085621,1.97,0.01,21.67,6.08,4162.165,8342.598,313.651,1109.938,2187.796,0.05,0.15,-10,2021-08-18,1,False,2021-08-18,1,False,2021-08-18,1,False,2021-08-19,0,False,2021-08-18,1,False,2021-08-18,1,False,2021-08-19,0,False,2021-08-18,1,False,2021-08-19,0,False
2021-08-26,2021-08-26 18:00:00-04:00,2021-08-26,417.0883484,6.516306822,11.31459549,0.8888888889,0.2222222222,246.2016235,445.1827352,-339.0706264,127.1171237,135.3407108,2.536041899,344.7581717,-98.5565482,1.93,-0.03,18.84,-2.83,4203.475,8332.743,258.2,1091.792,2187.14,0.05,0.15,-10,2021-08-25,1,False,2021-08-25,1,False,2021-08-25,1,False,2021-08-26,0,False,2021-08-25,1,False,2021-08-25,1,False,2021-08-26,0,False,2021-08-25,1,False,2021-08-26,0,False
2021-09-02,2021-09-02 18:00:00-04:00,2021-09-02,423.5652771,7.83175111,12.35154858,0.8888888889,0.1111111111,194.966092,451.361398,-253.7160266,148.9385704,138.5537202,2.843933502,240.4872428,-45.52115081,1.92,-0.04,16.41,-2.43,4206.449,8349.173,296.934,1066.987,2189.328,0.05,0.15,-10,2021-09-01,1,False,2021-09-01,1,False,2021-09-01,1,False,2021-09-02,0,False,2021-09-01,1,False,2021-09-01,1,False,2021-09-02,0,False,2021-09-01,1,False,2021-09-02,0,False
2021-09-09,2021-09-09 18:00:00-04:00,2021-09-09,419.6305237,6.117802315,10.77265987,0.7777777778,-0.1111111111,160.2403442,431.1668773,-228.9467842,24.60531522,121.2947456,9.194445693,316.4417689,-156.2014247,1.91,-0.08,18.8,2.39,4259.603,8357.314,200.702,1107.659,2196.053,0.05,0.15,-10,2021-09-08,1,False,2021-09-08,1,False,2021-09-08,1,False,2021-09-09,0,False,2021-09-08,1,False,2021-09-08,1,False,2021-09-09,0,False,2021-09-08,1,False,2021-09-09,0,False
2021-09-16,2021-09-16 18:00:00-04:00,2021-09-16,417.9388733,5.686479514,9.728369037,0.7777777778,0,98.904442,420.3015851,37.1790658,45.01715173,127.264912,11.39932668,33.66936774,65.23507425,1.85,-0.12,18.69,-0.11,4244.677,8448.77,344.668,1147.494,2197.306,0.05,0.15,-10,2021-09-15,1,False,2021-09-15,1,False,2021-09-15,1,False,2021-09-16,0,False,2021-09-15,1,False,2021-09-15,1,False,2021-09-16,0,False,2021-09-15,1,False,2021-09-16,0,False
2021-09-23,2021-09-23 18:00:00-04:00,2021-09-23,415.5367126,3.951336664,8.593505469,0.4444444444,-0.4444444444,-78.67277318,459.4032667,17.37603092,312.8513624,188.5105541,10.10111556,-151.8179548,73.1451816,1.83,-0.1,18.63,-0.06,4137.919,8489.824,272.679,1352.483,2195.557,0.05,0.15,-10,2021-09-22,1,False,2021-09-22,1,False,2021-09-22,1,False,2021-09-23,0,False,2021-09-22,1,False,2021-09-22,1,False,2021-09-23,0,False,2021-09-22,1,False,2021-09-23,0,False
2021-09-30,2021-09-30 18:00:00-04:00,2021-09-30,402.3723755,-0.9080651745,4.672790677,0.1111111111,-0.7777777778,-133.7138421,721.8862706,-147.5463498,644.2482387,118.3446552,7.829517965,-386.1867517,252.4729096,1.81,-0.11,23.14,4.51,4094.809,8447.981,173.745,1604.881,2195.865,0.05,0.15,-10,2021-09-29,1,False,2021-09-29,1,False,2021-09-29,1,False,2021-09-30,0,False,2021-09-29,1,False,2021-09-29,1,False,2021-09-30,0,False,2021-09-29,1,False,2021-09-30,0,False
2021-10-07,2021-10-07 18:00:00-04:00,2021-10-07,411.2986145,0.8768979865,6.549035694,0.3333333333,-0.4444444444,-110.1538126,384.4773125,-125.4565761,320.9212912,127.6941371,2.689859445,-70.46043741,-39.69337517,1.84,-0.07,19.54,-3.6,4167.544,8464.032,95.854,1375.863,2198.301,0.05,0.15,-10,2021-10-06,1,False,2021-10-06,1,False,2021-10-06,1,False,2021-10-07,0,False,2021-10-06,1,False,2021-10-06,1,False,2021-10-07,0,False,2021-10-06,1,False,2021-10-07,0,False
2021-10-14,2021-10-14 18:00:00-04:00,2021-10-14,414.8990173,2.155709599,7.021226653,0.4444444444,-0.3333333333,-47.54301514,316.7764637,-322.1865431,352.910542,38.07891563,7.286267705,0.06864904596,-47.61166418,1.79,-0.06,16.86,-2.68,4204.509,8480.942,72.46,1445.66,2203.462,0.05,0.15,-10,2021-10-13,1,False,2021-10-13,1,False,2021-10-13,1,False,2021-10-14,0,False,2021-10-13,1,False,2021-10-13,1,False,2021-10-14,0,False,2021-10-13,1,False,2021-10-14,0,False
2021-10-21,2021-10-21 18:00:00-04:00,2021-10-21,425.2972717,3.694634594,9.164573896,0.7777777778,0.3333333333,-103.1540819,91.97952073,-182.9425439,124.9990577,88.48122175,9.915399895,136.5093081,-239.66339,1.75,-0.08,15.01,-1.85,4050.343,8564.943,117.364,1458.605,2203.975,0.03,0.15,-12,2021-10-20,1,False,2021-10-20,1,False,2021-10-20,1,False,2021-10-21,0,False,2021-10-20,1,False,2021-10-20,1,False,2021-10-21,0,False,2021-10-20,1,False,2021-10-21,0,False
2021-10-28,2021-10-28 18:00:00-04:00,2021-10-28,429.7322388,4.74014355,9.777621517,1,0.8888888889,33.55239554,148.5050185,74.27810266,-260.6504442,128.0779396,9.405797669,305.0444834,-271.4920879,1.69,-0.12,16.53,1.52,4123.154,8556.181,236.495,1384.684,2203.811,0.05,0.15,-10,2021-10-27,1,False,2021-10-27,1,False,2021-10-27,1,False,2021-10-28,0,False,2021-10-27,1,False,2021-10-27,1,False,2021-10-28,0,False,2021-10-27,1,False,2021-10-28,0,False
2021-11-04,2021-11-04 18:00:00-04:00,2021-11-04,437.7865295,5.549113478,11.26177721,1,0.6666666667,-20.92855982,126.2126031,225.7848269,-32.28248664,130.9529548,8.739333689,-71.28871914,50.36015932,1.7,-0.14,15.44,-1.09,4149.83,8574.871,286.959,1348.539,2205.698,0.05,0.15,-10,2021-11-03,1,False,2021-11-03,1,False,2021-11-03,1,False,2021-11-04,0,False,2021-11-03,1,False,2021-11-03,1,False,2021-11-04,0,False,2021-11-03,1,False,2021-11-04,0,False
2021-11-11,2021-11-11 18:00:00-05:00,2021-11-11,434.8423767,5.937383785,9.927332207,1,0.5555555556,-64.47279088,27.29752449,252.9188385,3.493715675,110.7530272,2.636499578,-148.2960265,83.82323567,1.67,-0.12,17.66,2.22,4149.83,8574.871,255.937,1448.623,2205.698,0.05,0.15,-10,2021-11-03,8,False,2021-11-03,8,False,2021-11-09,2,False,2021-11-10,1,False,2021-11-03,8,False,2021-11-09,2,False,2021-11-11,0,False,2021-11-09,2,False,2021-11-11,0,False
2021-11-18,2021-11-18 18:00:00-05:00,2021-11-18,440.4305725,4.97312833,10.7306711,1,0.2222222222,161.6986826,31.97085608,71.93042616,146.5181963,128.4620341,12.28379453,-102.2703829,263.9690655,1.74,-0.01,17.59,-0.07,4188.837,8674.97,178.972,1584.097,2214.496,0.05,0.15,-10,2021-11-17,1,False,2021-11-17,1,False,2021-11-17,1,False,2021-11-18,0,False,2021-11-17,1,False,2021-11-17,1,False,2021-11-18,0,False,2021-11-17,1,False,2021-11-18,0,False
2021-11-25,2021-11-25 18:00:00-05:00,2021-11-24,440.1586609,4.292660014,10.23271911,1,0,76.76672572,-17.56684444,-67.22976057,79.72365241,138.8341364,12.48804811,113.8521964,-37.08547073,1.73,0.04,18.58,0.99,4188.837,8674.97,165.16,1452.897,2214.496,0.05,0.15,-10,2021-11-17,8,False,2021-11-17,8,False,2021-11-23,2,False,2021-11-24,1,False,2021-11-17,8,False,2021-11-23,2,False,2021-11-24,1,False,2021-11-23,2,False,2021-11-25,0,False
2021-12-02,2021-12-02 18:00:00-05:00,2021-12-02,428.8696289,1.764277662,6.96939915,0.4444444444,-0.5555555556,135.5029131,71.35197702,-149.0529712,116.6734753,88.08412395,17.43699701,103.0266228,32.47629031,1.81,0.11,27.95,9.37,4266.022,8650.402,159.148,1448.585,2220.65,0.05,0.15,-10,2021-12-01,1,False,2021-12-01,1,False,2021-12-01,1,False,2021-12-02,0,False,2021-12-01,1,False,2021-12-01,1,False,2021-12-02,0,False,2021-12-01,1,False,2021-12-02,0,False
2021-12-09,2021-12-09 18:00:00-05:00,2021-12-09,437.2614441,4.457442811,8.559205433,0.8888888889,-0.1111111111,123.3476282,-4.791012998,-188.7083782,59.94725752,104.5531764,17.17460239,216.1396947,-92.79206649,1.79,0.12,21.58,-6.37,4255.599,8664.524,125.144,1500.027,2220.425,0.05,0.15,-10,2021-12-08,1,False,2021-12-08,1,False,2021-12-08,1,False,2021-12-09,0,False,2021-12-08,1,False,2021-12-08,1,False,2021-12-09,0,False,2021-12-08,1,False,2021-12-09,0,False
2021-12-16,2021-12-16 18:00:00-05:00,2021-12-16,437.3551941,6.52949278,8.027148157,0.6666666667,-0.3333333333,97.74904121,34.273628,-139.1105675,84.7599473,94.17438908,6.026533809,142.4984755,-44.74943429,1.83,0.09,20.57,-1.01,4273.634,8756.666,58.294,1657.626,2219.724,0.05,0.15,-10,2021-12-15,1,False,2021-12-15,1,False,2021-12-15,1,False,2021-12-16,0,False,2021-12-15,1,False,2021-12-15,1,False,2021-12-16,0,False,2021-12-15,1,False,2021-12-16,0,False
2021-12-23,2021-12-23 18:00:00-05:00,2021-12-23,442.7965698,8.70142861,8.857555401,0.6666666667,-0.3333333333,-96.74154493,-38.87595314,21.3764428,143.9578465,133.1704894,11.90436393,-44.06816392,-52.673381,1.86,0.13,17.96,-2.61,4104.914,8790.495,197.516,1577.78,2224.823,0.05,0.15,-10,2021-12-22,1,False,2021-12-22,1,False,2021-12-22,1,False,2021-12-23,0,False,2021-12-22,1,False,2021-12-22,1,False,2021-12-23,0,False,2021-12-22,1,False,2021-12-23,0,False
2021-12-30,2021-12-30 18:00:00-05:00,2021-12-30,448.0280457,10.32853985,9.705965284,0.7777777778,0.5555555556,-261.4468091,-65.04394364,144.3250845,286.5658729,123.7607223,14.8131844,-321.9434195,60.49661045,1.85,0.04,17.33,-0.63,4039.86,8757.46,283.995,1696.476,2233.464,0.05,0.15,-10,2021-12-29,1,False,2021-12-29,1,False,2021-12-29,1,False,2021-12-30,0,False,2021-12-29,1,False,2021-12-29,1,False,2021-12-30,0,False,2021-12-29,1,False,2021-12-30,0,False
2022-01-06,2022-01-06 18:00:00-05:00,2022-01-06,440.2936707,8.293903411,7.272572869,0.7777777778,-0.1111111111,-262.1482727,-164.3235753,357.3341132,12.14838807,116.7946445,18.85389203,-271.5417489,9.393476203,1.8,0.01,19.61,2.28,4028.46,8765.721,434.757,1510.553,2236.761,0.05,0.15,-10,2022-01-05,1,False,2022-01-05,1,False,2022-01-05,1,False,2022-01-06,0,False,2022-01-05,1,False,2022-01-05,1,False,2022-01-06,0,False,2022-01-05,1,False,2022-01-06,0,False
2022-01-13,2022-01-13 18:00:00-05:00,2022-01-13,437.0851746,3.444416276,6.024252612,0.6666666667,-0.1111111111,-393.6441107,-324.9356027,492.6361243,-23.84925952,36.10049761,16.77008122,-449.4564484,55.81233771,1.77,-0.06,20.31,0.7,3928.933,8788.278,489.679,1636.742,2234.409,0.05,0.15,-10,2022-01-12,1,False,2022-01-12,1,False,2022-01-12,1,False,2022-01-13,0,False,2022-01-12,1,False,2022-01-12,1,False,2022-01-13,0,False,2022-01-12,1,False,2022-01-13,0,False
2022-01-20,2022-01-20 18:00:00-05:00,2022-01-20,420.3555908,-1.587198159,1.715294109,0.3333333333,-0.2222222222,-322.1331677,-266.9019514,435.3054066,115.0686054,87.98025595,8.495539785,-470.8892958,148.7561281,1.77,-0.09,25.59,5.28,3821.743,8867.834,580.171,1678.931,2232.291,0.05,0.15,-10,2022-01-19,1,False,2022-01-19,1,False,2022-01-19,1,False,2022-01-20,0,False,2022-01-19,1,False,2022-01-19,1,False,2022-01-20,0,False,2022-01-19,1,False,2022-01-20,0,False
2022-01-27,2022-01-27 18:00:00-05:00,2022-01-27,405.7618713,-5.931026725,-1.973748035,0.2222222222,-0.5555555556,-245.2583283,-348.3773894,406.0823572,-128.5543982,117.6425585,-3.221253651,-156.6641469,-88.59418142,1.84,-0.01,30.49,4.9,3825.076,8860.485,639.62,1583.895,2230.643,0.04,0.15,-11,2022-01-26,1,False,2022-01-26,1,False,2022-01-26,1,False,2022-01-27,0,False,2022-01-26,1,False,2022-01-26,1,False,2022-01-27,0,False,2022-01-26,1,False,2022-01-27,0,False
2022-02-03,2022-02-03 18:00:00-05:00,2022-02-03,420.2144775,-4.427300072,1.295843524,0.4444444444,-0.3333333333,-310.1205252,-458.5643329,314.3038662,148.1270052,122.625395,-9.24054051,-330.5649358,20.44441068,1.91,0.11,24.35,-6.14,3756.617,8873.211,710.267,1640.397,2228.661,0.05,0.15,-10,2022-02-02,1,False,2022-02-02,1,False,2022-02-02,1,False,2022-02-03,0,False,2022-02-02,1,False,2022-02-02,1,False,2022-02-03,0,False,2022-02-02,1,False,2022-02-03,0,False
2022-02-10,2022-02-10 18:00:00-05:00,2022-02-10,422.7738342,-3.536655464,1.690364284,0.3333333333,-0.4444444444,-152.4257653,-413.8289661,215.4460749,-2.953934775,102.1030514,-4.837125089,-105.5519636,-46.87380167,1.92,0.15,23.91,-0.44,3794.977,8878.009,679.019,1634.146,2230.158,0.04,0.15,-11,2022-02-09,1,False,2022-02-09,1,False,2022-02-09,1,False,2022-02-10,0,False,2022-02-09,1,False,2022-02-09,1,False,2022-02-10,0,False,2022-02-09,1,False,2022-02-10,0,False
2022-02-17,2022-02-17 18:00:00-05:00,2022-02-17,411.2380371,-6.196844615,-1.244181543,0.2222222222,-0.1111111111,-28.21771359,-452.0096323,145.5710605,-35.7798759,48.71426326,-0.4431747369,-60.63374664,32.41603305,2.05,0.28,28.11,4.2,3796.72,8911.033,709.261,1647.202,2231.898,0.05,0.15,-10,2022-02-16,1,False,2022-02-16,1,False,2022-02-16,1,False,2022-02-17,0,False,2022-02-16,1,False,2022-02-16,1,False,2022-02-17,0,False,2022-02-16,1,False,2022-02-17,0,False
2022-02-24,2022-02-24 18:00:00-05:00,2022-02-24,402.9956665,-7.489281696,-3.286150396,0.1111111111,0,-89.27276554,-510.5043591,39.70098702,75.05683944,76.34345073,7.401400713,-45.81577645,-43.45698909,2.1,0.26,30.32,2.21,3745.976,8928.129,674.797,1650.399,2237.201,0.05,0.15,-10,2022-02-23,1,False,2022-02-23,1,False,2022-02-23,1,False,2022-02-24,0,False,2022-02-23,1,False,2022-02-23,1,False,2022-02-24,0,False,2022-02-23,1,False,2022-02-24,0,False
2022-03-03,2022-03-03 18:00:00-05:00,2022-03-03,409.9678955,-4.696965956,-1.766699249,0.2222222222,-0.2222222222,183.549112,-400.6033477,-27.92224821,-119.9171303,35.21160491,15.47241466,167.5785688,15.97054325,2.24,0.33,30.48,0.16,3919.484,8904.455,685.491,1533.992,2242.39,0.05,0.15,-10,2022-03-02,1,False,2022-03-02,1,False,2022-03-02,1,False,2022-03-03,0,False,2022-03-02,1,False,2022-03-02,1,False,2022-03-03,0,False,2022-03-02,1,False,2022-03-03,0,False
2022-03-10,2022-03-10 18:00:00-05:00,2022-03-10,400.3421936,-8.486452787,-4.141075529,0.2222222222,-0.1111111111,178.7258832,-348.4888495,-78.4522746,-73.67755541,36.87651139,26.66363596,162.3427054,16.3831778,2.32,0.4,30.23,-0.25,3953.65,8910.748,609.369,1568.735,2253.83,0.05,0.15,-10,2022-03-09,1,False,2022-03-09,1,False,2022-03-09,1,False,2022-03-10,0,False,2022-03-09,1,False,2022-03-09,1,False,2022-03-10,0,False,2022-03-09,1,False,2022-03-10,0,False
2022-03-17,2022-03-17 18:00:00-04:00,2022-03-17,415.0111389,-3.05730084,-0.6984535329,0.5555555556,0.3333333333,108.5081831,-434.208636,-98.45547649,14.33616058,48.56114886,32.51362665,100.1668381,8.341344937,2.23,0.18,25.67,-4.56,3893.412,8954.306,621.527,1659.977,2260.871,0.05,0.4,-35,2022-03-16,1,False,2022-03-16,1,False,2022-03-16,1,False,2022-03-17,0,False,2022-03-16,1,False,2022-03-16,1,False,2022-03-17,0,False,2022-03-16,1,False,2022-03-17,0,False
2022-03-24,2022-03-24 18:00:00-04:00,2022-03-24,425.1915588,-5.238398321,1.562370352,0.8888888889,0.7777777778,25.83968041,-382.0808726,-110.1630588,64.12989776,38.46830618,30.14853392,54.3529333,-28.51325289,2.03,-0.07,21.67,-4,3769.046,8962.474,576.442,1707.655,2264.118,0.27,0.4,-13,2022-03-23,1,False,2022-03-23,1,False,2022-03-23,1,False,2022-03-24,0,False,2022-03-23,1,False,2022-03-23,1,False,2022-03-24,0,False,2022-03-23,1,False,2022-03-24,0,False
2022-03-31,2022-03-31 18:00:00-04:00,2022-03-31,426.2769165,-5.131774084,1.606006817,0.8888888889,0.6666666667,-163.9830849,-304.1909412,-144.5343932,379.5605683,36.70859137,26.75963885,-225.0772226,61.09413771,1.93,-0.31,20.56,-1.11,3773.466,8937.142,556.791,1871.97,2266.218,0.27,0.4,-13,2022-03-30,1,False,2022-03-30,1,False,2022-03-30,1,False,2022-03-31,0,False,2022-03-30,1,False,2022-03-30,1,False,2022-03-31,0,False,2022-03-30,1,False,2022-03-31,0,False
2022-04-07,2022-04-07 18:00:00-04:00,2022-04-07,423.5679932,-4.169435939,0.7625650348,0.6666666667,0.4444444444,-116.4638479,-203.7345245,-71.58209389,185.9428636,30.12541708,17.06366289,-101.2990155,-15.1648324,1.77,-0.55,21.55,0.99,3849.872,8937.592,545.584,1734.424,2269.035,0.3,0.4,-10,2022-04-06,1,False,2022-04-06,1,False,2022-04-06,1,False,2022-04-07,0,False,2022-04-06,1,False,2022-04-06,1,False,2022-04-07,0,False,2022-04-06,1,False,2022-04-07,0,False
2022-04-14,2022-04-14 18:00:00-04:00,2022-04-14,413.2046509,-2.789141473,-1.805044952,0.5555555556,0,-111.7842075,-154.314645,-87.09887734,52.44180844,12.48672985,10.30118917,36.84260958,-148.6268171,1.94,-0.29,22.7,1.15,3793.317,8965.487,543.536,1706.935,2270.095,0.29,0.4,-11,2022-04-13,1,False,2022-04-13,1,False,2022-04-13,1,False,2022-04-14,0,False,2022-04-13,1,False,2022-04-13,1,False,2022-04-14,0,False,2022-04-13,1,False,2022-04-14,0,False
2022-04-21,2022-04-21 18:00:00-04:00,2022-04-21,413.4595032,1.139523851,-1.800800026,0.7777777778,0.1111111111,-493.3782793,-558.0686332,369.4113924,164.0674216,-7.389700656,6.453575207,-547.3220899,53.9438106,1.91,-0.12,22.68,-0.02,3326.857,8955.851,907.526,1854.7,2269.902,0.27,0.4,-13,2022-04-20,1,False,2022-04-20,1,False,2022-04-20,1,False,2022-04-21,0,False,2022-04-20,1,False,2022-04-20,1,False,2022-04-21,0,False,2022-04-20,1,False,2022-04-21,0,False
2022-04-28,2022-04-28 18:00:00-04:00,2022-04-28,403.7850952,-5.256873931,-4.057249273,0.4444444444,-0.5555555556,-498.9492167,-561.5132806,448.2730609,-59.92295971,2.301630656,3.671196004,-389.7196665,-109.2295501,2.05,0.12,29.99,7.31,3327.548,8939.199,957.419,1818.416,2269.499,0.28,0.4,-12,2022-04-27,1,False,2022-04-27,1,False,2022-04-27,1,False,2022-04-28,0,False,2022-04-27,1,False,2022-04-27,1,False,2022-04-28,0,False,2022-04-27,1,False,2022-04-28,0,False
2022-05-05,2022-05-05 18:00:00-04:00,2022-05-05,390.5713501,-7.948819418,-7.144999232,0.2222222222,-0.4444444444,-599.5787232,-498.8318209,468.6139175,123.4538341,2.662909652,2.038580414,-591.4434223,-8.135300873,2.08,0.31,31.2,1.21,3313.993,8939.972,964.412,1844.762,2270.857,0.3,0.9,-60,2022-05-04,1,False,2022-05-04,1,False,2022-05-04,1,False,2022-05-05,0,False,2022-05-04,1,False,2022-05-04,1,False,2022-05-05,0,False,2022-05-04,1,False,2022-05-05,0,False
2022-05-12,2022-05-12 18:00:00-04:00,2022-05-12,370.3070984,-11.77787365,-11.78533778,0.1111111111,-0.5555555556,-555.0585261,-562.3974925,419.1573754,215.4194189,-26.18820372,2.685855213,-663.4508533,108.3923272,2.17,0.23,31.77,0.57,3295.68,8942.008,919.331,1900.069,2272.503,0.78,0.9,-12,2022-05-11,1,False,2022-05-11,1,False,2022-05-11,1,False,2022-05-12,0,False,2022-05-11,1,False,2022-05-11,1,False,2022-05-12,0,False,2022-05-11,1,False,2022-05-12,0,False
2022-05-19,2022-05-19 18:00:00-04:00,2022-05-19,367.5887451,-7.413237584,-12.25140264,0.1111111111,-0.6666666667,-33.1794265,-560.628605,-45.55680973,141.0307072,-11.11340508,2.610583852,-109.1978864,76.01845989,2.31,0.4,29.35,-2.42,3297.142,8945.898,866.726,1981.005,2272.24,0.79,0.9,-11,2022-05-18,1,False,2022-05-18,1,False,2022-05-18,1,False,2022-05-19,0,False,2022-05-18,1,False,2022-05-18,1,False,2022-05-19,0,False,2022-05-18,1,False,2022-05-19,0,False
2022-05-26,2022-05-26 18:00:00-04:00,2022-05-26,382.5486755,-7.152664325,-8.46564569,0.2222222222,-0.2222222222,-14.01691583,-482.6968786,-174.1822729,211.7482786,-27.87498074,3.595400438,-69.03638682,55.01947098,2.29,0.24,27.5,-1.85,3315.018,8914.281,801.714,2007.702,2272.713,0.78,0.9,-12,2022-05-25,1,False,2022-05-25,1,False,2022-05-25,1,False,2022-05-26,0,False,2022-05-25,1,False,2022-05-25,1,False,2022-05-26,0,False,2022-05-25,1,False,2022-05-26,0,False
2022-06-02,2022-06-02 18:00:00-04:00,2022-06-02,393.9502869,0.5853744286,-5.620851337,0.3333333333,-0.1111111111,48.54825049,-631.2446972,-205.6348722,157.1336018,-27.87704481,8.708080965,11.9161447,36.63210578,2.08,0,24.72,-2.78,3357.395,8915.05,780.575,1985.239,2278.642,0.8,0.9,-10,2022-06-01,1,False,2022-06-01,1,False,2022-06-01,1,False,2022-06-02,0,False,2022-06-01,1,False,2022-06-01,1,False,2022-06-02,0,False,2022-06-01,1,False,2022-06-02,0,False
2022-06-09,2022-06-09 18:00:00-04:00,2022-06-09,378.8959961,-5.510206939,-9.078109007,0.1111111111,0,-3.442179877,-741.8546681,-263.2954477,270.9111868,-26.56450319,7.189660309,-41.3699026,37.92772272,2.07,-0.1,26.09,1.37,3292.602,8918.254,683.892,2142.318,2278.932,0.76,0.9,-14,2022-06-08,1,False,2022-06-08,1,False,2022-06-08,1,False,2022-06-09,0,False,2022-06-08,1,False,2022-06-08,1,False,2022-06-09,0,False,2022-06-08,1,False,2022-06-09,0,False
2022-06-16,2022-06-16 18:00:00-04:00,2022-06-16,346.0596619,-18.44793158,-16.63411866,0,-0.1111111111,-120.2081669,-785.9983789,-108.1937219,220.6340828,-15.06612304,4.539510734,-132.0459947,11.8378278,2.1,-0.21,32.95,6.86,3189.605,8932.42,769.937,2178.382,2276.301,0.7,1.65,-95,2022-06-15,1,False,2022-06-15,1,False,2022-06-15,1,False,2022-06-16,0,False,2022-06-15,1,False,2022-06-15,1,False,2022-06-16,0,False,2022-06-15,1,False,2022-06-16,0,False
2022-06-23,2022-06-23 18:00:00-04:00,2022-06-23,358.3703308,-16.71753555,-13.38089299,0,-0.2222222222,-223.7185478,-729.1033703,-63.56317464,311.5674725,22.50882601,5.24663739,-230.7421092,7.023561407,2.17,-0.12,29.05,-3.9,3115.589,8934.346,745.052,2285.442,2277.39,1.45,1.65,-20,2022-06-22,1,False,2022-06-22,1,False,2022-06-22,1,False,2022-06-23,0,False,2022-06-22,1,False,2022-06-22,1,False,2022-06-23,0,False,2022-06-22,1,False,2022-06-23,0,False
2022-06-30,2022-06-30 18:00:00-04:00,2022-06-30,357.6025696,-17.0578733,-13.2805291,0,-0.2222222222,-267.8437025,-732.7342455,-23.25281406,386.4296891,-1.679182955,-0.254625605,-364.6014324,96.75772991,2.24,0.16,28.71,-0.34,3118.611,8913.553,759.845,2329.743,2278.415,1.51,1.65,-14,2022-06-29,1,False,2022-06-29,1,False,2022-06-29,1,False,2022-06-30,0,False,2022-06-29,1,False,2022-06-29,1,False,2022-06-30,0,False,2022-06-29,1,False,2022-06-30,0,False
2022-07-07,2022-07-07 18:00:00-04:00,2022-07-07,368.7310791,-12.71303081,-10.36239786,0.1111111111,-0.3333333333,-78.12291509,-701.4663457,4.542368944,33.79473157,-29.60557078,4.884364137,-72.82703543,-5.295879664,2.39,0.32,26.08,-2.63,3222.93,8891.851,687.943,2172.457,2283.288,1.54,1.65,-11,2022-07-06,1,False,2022-07-06,1,False,2022-07-06,1,False,2022-07-07,0,False,2022-07-06,1,False,2022-07-06,1,False,2022-07-07,0,False,2022-07-06,1,False,2022-07-07,0,False
2022-07-14,2022-07-14 18:00:00-04:00,2022-07-14,358.2281494,-13.34055199,-12.64706305,0,-0.1111111111,130.8861428,-542.9699469,-169.2676789,32.1738118,-40.9217211,5.982701216,90.18944474,40.6966981,2.32,0.22,26.4,0.32,3306.518,8895.867,618.74,2207.121,2281.645,1.53,1.65,-12,2022-07-13,1,False,2022-07-13,1,False,2022-07-13,1,False,2022-07-14,0,False,2022-07-13,1,False,2022-07-13,1,False,2022-07-14,0,False,2022-07-13,1,False,2022-07-14,0,False
2022-07-21,2022-07-21 18:00:00-04:00,2022-07-21,378.0207214,-6.533658606,-7.624449089,0.6666666667,0.6666666667,133.8463946,-102.3744142,-144.0553119,-15.31841279,-39.32352743,-0.9581003467,121.0082976,12.83809694,2.2,0.03,23.11,-3.29,3235.172,8899.213,616.348,2271.756,2276.534,1.53,1.65,-12,2022-07-20,1,False,2022-07-20,1,False,2022-07-20,1,False,2022-07-21,0,False,2022-07-20,1,False,2022-07-20,1,False,2022-07-21,0,False,2022-07-20,1,False,2022-07-21,0,False
2022-07-28,2022-07-28 18:00:00-04:00,2022-07-28,384.9216003,-1.605839724,-5.755947199,0.7777777778,0.7777777778,176.1340287,-58.10252127,-161.9219631,-100.8127735,-26.41931899,-4.747826147,241.0632438,-64.9292151,2.3,0.06,22.33,-0.78,3275.609,8890.004,615.515,2239.883,2274.183,1.53,2.4,-87,2022-07-27,1,False,2022-07-27,1,False,2022-07-27,1,False,2022-07-28,0,False,2022-07-27,1,False,2022-07-27,1,False,2022-07-28,0,False,2022-07-27,1,False,2022-07-28,0,False
2022-08-04,2022-08-04 18:00:00-04:00,2022-08-04,392.5997314,4.467697189,-3.740897507,0.7777777778,0.6666666667,134.4905577,31.9061402,-136.491266,21.46797107,-19.37841738,-10.28807163,105.9329492,28.55760853,2.29,-0.1,21.44,-0.89,3342.517,8874.62,566.577,2191.546,2274.14,2.29,2.4,-11,2022-08-03,1,False,2022-08-03,1,False,2022-08-03,1,False,2022-08-04,0,False,2022-08-03,1,False,2022-08-03,1,False,2022-08-04,0,False,2022-08-03,1,False,2022-08-04,0,False
2022-08-11,2022-08-11 18:00:00-04:00,2022-08-11,398.1166382,5.427337773,-2.20308836,1,1,57.30189087,69.12653176,-64.74916947,-8.851301396,-18.80536209,-7.167373343,61.96248213,-4.660591261,2.29,-0.03,20.2,-1.24,3357.493,8879.138,561.14,2199.247,2275.269,2.28,2.4,-12,2022-08-10,1,False,2022-08-10,1,False,2022-08-10,1,False,2022-08-11,0,False,2022-08-10,1,False,2022-08-10,1,False,2022-08-11,0,False,2022-08-10,1,False,2022-08-11,0,False
2022-08-18,2022-08-18 18:00:00-04:00,2022-08-18,405.6051636,8.268235446,-0.2212692884,1,0.3333333333,110.7097897,40.86006793,-86.60316367,-60.22442659,-55.56783504,-1.065262737,92.32501795,18.38477178,2.24,0.04,19.56,-0.64,3333.695,8849.762,539.278,2218.161,2275.586,2.29,2.4,-11,2022-08-17,1,False,2022-08-17,1,False,2022-08-17,1,False,2022-08-18,0,False,2022-08-17,1,False,2022-08-17,1,False,2022-08-18,0,False,2022-08-17,1,False,2022-08-18,0,False
2022-08-25,2022-08-25 18:00:00-04:00,2022-08-25,397.6616211,2.032350734,-1.918468349,1,0.2222222222,-5.28346219,-49.47791078,-95.97183533,-58.46566548,-43.38355753,1.085488825,109.9684545,-115.2519166,2.23,-0.07,21.78,2.22,3270.912,8851.436,530.196,2187.907,2275.148,2.27,2.4,-13,2022-08-24,1,False,2022-08-24,1,False,2022-08-24,1,False,2022-08-25,0,False,2022-08-24,1,False,2022-08-24,1,False,2022-08-25,0,False,2022-08-24,1,False,2022-08-25,0,False
2022-09-01,2022-09-01 18:00:00-04:00,2022-09-01,375.7742004,-4.235230051,-6.983715064,0.5555555556,-0.2222222222,-255.4148797,-270.9451994,116.4376616,-20.72201401,-54.68065112,1.781484728,-152.1777834,-103.2370963,2.18,-0.11,25.56,3.78,3115.846,8826.093,669.911,2173.156,2275.721,2.29,2.4,-11,2022-08-31,1,False,2022-08-31,1,False,2022-08-31,1,False,2022-09-01,0,False,2022-08-31,1,False,2022-08-31,1,False,2022-09-01,0,False,2022-08-31,1,False,2022-09-01,0,False
2022-09-08,2022-09-08 18:00:00-04:00,2022-09-08,379.5279236,7.229211208,-5.751016524,0.6666666667,-0.2222222222,-97.03306785,-23.84547469,24.53053438,12.63523554,-63.89922085,8.697916397,-109.7629072,12.72983932,2.24,-0.05,23.61,-1.95,3271.336,8822.401,582.921,2210.466,2282.992,2.28,2.4,-12,2022-09-07,1,False,2022-09-07,1,False,2022-09-07,1,False,2022-09-08,0,False,2022-09-07,1,False,2022-09-07,1,False,2022-09-08,0,False,2022-09-07,1,False,2022-09-08,0,False
2022-09-15,2022-09-15 18:00:00-04:00,2022-09-15,369.8022766,4.012581064,-7.831987804,0.3333333333,-0.6666666667,-197.7465609,-34.60540369,88.95041471,-47.42839412,-19.21294607,7.213753319,-67.94871998,-129.7978409,2.15,-0.09,26.27,2.66,3158.694,8832.759,617.997,2176.188,2281.97,2.27,2.4,-13,2022-09-14,1,False,2022-09-14,1,False,2022-09-14,1,False,2022-09-15,0,False,2022-09-14,1,False,2022-09-14,1,False,2022-09-15,0,False,2022-09-14,1,False,2022-09-15,0,False
2022-09-22,2022-09-22 18:00:00-04:00,2022-09-22,356.1875305,-1.285377548,-10.87436485,0,-1,-301.8617544,-125.2111794,180.8633085,193.5505154,-39.12811435,3.635568285,-417.1775066,115.3157522,2.12,-0.11,27.35,1.08,3003.721,8816.802,690.286,2359.227,2278.366,2.25,3.15,-90,2022-09-21,1,False,2022-09-21,1,False,2022-09-21,1,False,2022-09-22,0,False,2022-09-21,1,False,2022-09-21,1,False,2022-09-22,0,False,2022-09-21,1,False,2022-09-22,0,False
2022-09-29,2022-09-29 18:00:00-04:00,2022-09-29,345.3082886,-4.949687453,-13.10236635,0,-0.4444444444,-150.2816705,-151.9091209,-9.053836165,225.0225553,-34.58608469,1.761821454,-252.3166253,102.0349548,2.25,0.07,31.84,4.49,2983.206,8795.567,661.92,2371.763,2277.276,2.98,3.15,-17,2022-09-28,1,False,2022-09-28,1,False,2022-09-28,1,False,2022-09-29,0,False,2022-09-28,1,False,2022-09-28,1,False,2022-09-29,0,False,2022-09-28,1,False,2022-09-29,0,False
2022-10-06,2022-10-06 18:00:00-04:00,2022-10-06,355.2167664,-1.0814568,-10.14412856,0.1111111111,-0.5555555556,-220.89905,-164.7351041,44.44368375,25.31623761,-71.80358272,-2.251087884,-139.3124162,-81.58663384,2.22,-0.02,30.52,-1.32,3076.45,8759.053,622.131,2232.801,2281.006,3.04,3.15,-11,2022-10-05,1,False,2022-10-05,1,False,2022-10-05,1,False,2022-10-06,0,False,2022-10-05,1,False,2022-10-05,1,False,2022-10-06,0,False,2022-10-05,1,False,2022-10-06,0,False
2022-10-13,2022-10-13 18:00:00-04:00,2022-10-13,348.335083,-6.914565153,-11.32399968,0.1111111111,-0.2222222222,-77.42427932,-243.0465743,-39.04102897,76.88650851,-83.54128082,6.080772723,-127.4675331,50.04325376,2.27,0.12,31.94,1.42,3090.307,8758.969,583.513,2244.1,2287.341,3.04,3.15,-11,2022-10-12,1,False,2022-10-12,1,False,2022-10-12,1,False,2022-10-13,0,False,2022-10-12,1,False,2022-10-12,1,False,2022-10-13,0,False,2022-10-12,1,False,2022-10-13,0,False
2022-10-20,2022-10-20 18:00:00-04:00,2022-10-20,347.802002,-8.510129991,-10.89067746,0.1111111111,0.1111111111,42.02884447,-218.4406644,-56.33902179,-141.9516963,-82.6603569,8.383992291,107.2463689,-65.21752445,2.25,0.13,29.98,-1.96,3040.777,8743.922,640.613,2234.071,2285.758,3.04,3.15,-11,2022-10-19,1,False,2022-10-19,1,False,2022-10-19,1,False,2022-10-20,0,False,2022-10-19,1,False,2022-10-19,1,False,2022-10-20,0,False,2022-10-19,1,False,2022-10-20,0,False
2022-10-27,2022-10-27 18:00:00-04:00,2022-10-27,361.6699524,-7.940446534,-6.871098011,0.6666666667,0.6666666667,142.0488298,-188.3722437,-29.09761247,-249.3051329,-82.40173715,7.348019747,188.6529885,-46.60415866,2.33,0.08,27.39,-2.59,3108.146,8723.09,636.327,2152.485,2283.739,3.03,3.15,-12,2022-10-26,1,False,2022-10-26,1,False,2022-10-26,1,False,2022-10-27,0,False,2022-10-26,1,False,2022-10-26,1,False,2022-10-27,0,False,2022-10-26,1,False,2022-10-27,0,False
2022-11-03,2022-11-03 18:00:00-04:00,2022-11-03,353.1321716,-11.2993184,-8.648118303,0.6666666667,0.5555555556,-33.65089811,-333.0193293,-79.96526565,-14.85320388,-93.82635315,4.840705953,-3.848589568,-29.80230854,2.18,-0.04,25.3,-2.09,3046.975,8676.87,552.089,2219.791,2285.246,3.05,3.9,-85,2022-11-02,1,False,2022-11-02,1,False,2022-11-02,1,False,2022-11-03,0,False,2022-11-02,1,False,2022-11-02,1,False,2022-11-03,0,False,2022-11-02,1,False,2022-11-03,0,False
2022-11-10,2022-11-10 18:00:00-05:00,2022-11-10,375.6710815,-7.110910794,-2.505198787,0.8888888889,0.7777777778,-21.77996063,-322.3995392,-75.54884599,-49.67936295,-91.42971051,1.697688392,32.10081004,-53.88077067,2.33,0.06,23.53,-1.77,3071.23,8678.886,517.34,2200.586,2288.828,3.78,3.9,-12,2022-11-09,1,False,2022-11-09,1,False,2022-11-09,1,False,2022-11-10,0,False,2022-11-09,1,False,2022-11-09,1,False,2022-11-10,0,False,2022-11-09,1,False,2022-11-10,0,False
2022-11-17,2022-11-17 18:00:00-05:00,2022-11-17,375.2428894,-4.30548909,-2.343704697,0.7777777778,0.6666666667,155.558341,-177.2917735,-192.6229443,-136.8173229,-135.2962664,9.464860277,184.6791406,-29.12079957,2.24,-0.01,23.93,0.4,3176.796,8625.62,472.185,2114.439,2294.034,3.81,3.9,-9,2022-11-16,1,False,2022-11-16,1,False,2022-11-16,1,False,2022-11-17,0,False,2022-11-16,1,False,2022-11-16,1,False,2022-11-17,0,False,2022-11-16,1,False,2022-11-17,0,False
2022-11-24,2022-11-24 18:00:00-05:00,2022-11-23,383.028656,1.472362243,-0.09470702038,0.8888888889,0.2222222222,78.69917655,-106.3285099,-188.1695592,-95.50629421,-111.7379277,11.80201053,160.1359151,-81.43673859,2.07,-0.26,20.42,-3.51,3176.796,8625.62,512.602,2069.174,2294.034,3.8,3.9,-10,2022-11-16,8,False,2022-11-16,8,False,2022-11-22,2,False,2022-11-23,1,False,2022-11-16,8,False,2022-11-22,2,False,2022-11-24,0,False,2022-11-22,2,False,2022-11-24,0,False
2022-12-01,2022-12-01 18:00:00-05:00,2022-12-01,387.7496643,2.834072026,1.386309562,1,0.4444444444,6.059788841,-72.07379301,-22.24073888,-195.3527021,-106.3678492,14.63891933,96.58667238,-90.52688354,2.15,-0.03,19.84,-0.58,3052.233,8584.576,532.791,2050.286,2297.948,3.82,3.9,-8,2022-11-30,1,False,2022-11-30,1,False,2022-11-30,1,False,2022-12-01,0,False,2022-11-30,1,False,2022-11-30,1,False,2022-12-01,0,False,2022-11-30,1,False,2022-12-01,0,False
2022-12-08,2022-12-08 18:00:00-05:00,2022-12-08,377.1463928,0.8280848336,-1.195779951,0.7777777778,0.1111111111,89.70967011,-138.565454,-122.6966226,-28.35963049,-110.78726,8.808734209,31.46025884,58.24941127,1.95,-0.38,22.29,2.45,3149.088,8582.735,410.853,2175.973,2296.473,3.8,3.9,-10,2022-12-07,1,False,2022-12-07,1,False,2022-12-07,1,False,2022-12-08,0,False,2022-12-07,1,False,2022-12-07,1,False,2022-12-08,0,False,2022-12-07,1,False,2022-12-08,0,False
2022-12-15,2022-12-15 18:00:00-05:00,2022-12-15,370.85495,3.243324666,-2.646792431,0.7777777778,-0.1111111111,-6.945587679,13.71145754,-150.8077101,11.07862391,-48.93213473,1.213825789,89.58312562,-96.5287133,1.95,-0.29,22.83,0.54,3170.805,8583.413,342.104,2123.995,2295.081,3.8,4.4,-60,2022-12-14,1,False,2022-12-14,1,False,2022-12-14,1,False,2022-12-15,0,False,2022-12-14,1,False,2022-12-14,1,False,2022-12-15,0,False,2022-12-14,1,False,2022-12-15,0,False
2022-12-22,2022-12-22 18:00:00-05:00,2022-12-22,364.0383606,3.221954118,-4.212407487,0.5555555556,-0.3333333333,-147.7818406,51.72396976,-43.20037284,178.2179136,-70.9618555,2.519239197,-208.4986355,60.71679485,2.01,-0.06,21.97,-0.86,3049.325,8564.411,434.922,2222.898,2296.207,4.3,4.4,-10,2022-12-21,1,False,2022-12-21,1,False,2022-12-21,1,False,2022-12-22,0,False,2022-12-21,1,False,2022-12-21,1,False,2022-12-22,0,False,2022-12-21,1,False,2022-12-22,0,False
2022-12-29,2022-12-29 18:00:00-05:00,2022-12-29,366.6391907,1.91305739,-3.361087247,0.6666666667,-0.3333333333,-84.44796808,-3.942895324,-143.2592594,300.5774543,-38.91514269,7.040534093,-203.2738717,118.8259036,2.01,-0.14,21.44,-0.53,2979.738,8551.169,409.809,2308.319,2303.992,4.3,4.4,-10,2022-12-28,1,False,2022-12-28,1,False,2022-12-28,1,False,2022-12-29,0,False,2022-12-28,1,False,2022-12-28,1,False,2022-12-29,0,False,2022-12-28,1,False,2022-12-29,0,False
2023-01-05,2023-01-05 18:00:00-05:00,2023-01-05,362.7570496,5.861380887,-4.126110226,0.3333333333,-0.4444444444,-124.8553054,-39.41293654,-36.3904979,77.49627595,-87.74126196,14.91133071,-143.7583707,18.90306528,2.07,0.12,22.46,1.02,3041.928,8507.429,379.62,2242.486,2309.271,4.3,4.4,-10,2023-01-04,1,False,2023-01-04,1,False,2023-01-04,1,False,2023-01-05,0,False,2023-01-04,1,False,2023-01-04,1,False,2023-01-05,0,False,2023-01-04,1,False,2023-01-05,0,False
2023-01-12,2023-01-12 18:00:00-05:00,2023-01-12,379.5667725,8.713489625,0.6528446769,0.7777777778,0,-62.88174646,30.28210284,5.03529307,92.03099047,-87.17511321,9.359913125,-193.6013099,130.7195634,1.99,0.04,18.83,-3.63,3116.831,8508.587,346.426,2202.989,2303.115,4.3,4.4,-10,2023-01-11,1,False,2023-01-11,1,False,2023-01-11,1,False,2023-01-12,0,False,2023-01-11,1,False,2023-01-11,1,False,2023-01-12,0,False,2023-01-11,1,False,2023-01-12,0,False
2023-01-19,2023-01-19 18:00:00-05:00,2023-01-19,371.6113281,4.310736511,-1.175043468,0.2222222222,-0.3333333333,80.46204228,88.58610587,-67.04722601,-131.6529531,-88.00605202,1.143102544,109.5510246,-29.0889823,1.96,-0.05,20.52,1.69,3118.236,8489.039,377.5,2110.145,2297.186,4.3,4.4,-10,2023-01-18,1,False,2023-01-18,1,False,2023-01-18,1,False,2023-01-19,0,False,2023-01-18,1,False,2023-01-18,1,False,2023-01-19,0,False,2023-01-18,1,False,2023-01-19,0,False
2023-01-26,2023-01-26 18:00:00-05:00,2023-01-26,387.0154114,4.521266491,3.209929454,0.6666666667,0,24.32766795,-123.356517,190.3985291,-332.4106915,-94.27015184,-13.71274501,61.45475548,-37.12708754,1.96,-0.05,18.73,-1.79,3000.541,8470.557,572.622,2024.069,2292.266,4.31,4.4,-9,2023-01-25,1,False,2023-01-25,1,False,2023-01-25,1,False,2023-01-26,0,False,2023-01-25,1,False,2023-01-25,1,False,2023-01-26,0,False,2023-01-25,1,False,2023-01-26,0,False
2023-02-02,2023-02-02 18:00:00-05:00,2023-02-02,398.5183716,11.25121656,6.452085813,0.5555555556,-0.1111111111,-13.68451033,-19.23389425,142.5013362,-226.1823167,-86.77004533,-17.5211571,14.43209223,-28.11660256,1.91,-0.16,18.73,0,3030.286,8433.61,500.852,2050.063,2294.365,4.31,4.65,-34,2023-02-01,1,False,2023-02-01,1,False,2023-02-01,1,False,2023-02-02,0,False,2023-02-01,1,False,2023-02-01,1,False,2023-02-02,0,False,2023-02-01,1,False,2023-02-02,0,False
2023-02-09,2023-02-09 18:00:00-05:00,2023-02-09,389.2528381,2.622089359,4.10881408,0.5555555556,-0.4444444444,-97.86701364,-43.40418805,175.6014248,-169.29603,-86.05189087,-6.044481886,-86.31280376,-11.55420988,1.83,-0.16,20.71,1.98,3033.56,8435.369,495.838,2058.942,2297.972,4.55,4.65,-10,2023-02-08,1,False,2023-02-08,1,False,2023-02-08,1,False,2023-02-09,0,False,2023-02-08,1,False,2023-02-08,1,False,2023-02-09,0,False,2023-02-08,1,False,2023-02-09,0,False
2023-02-16,2023-02-16 18:00:00-05:00,2023-02-16,390.3908386,3.566634585,4.419782501,0.6666666667,0.4444444444,-12.74231394,-80.43131972,73.27448961,-91.51565919,-122.8313358,1.53963246,-106.1297987,93.38748473,1.82,-0.14,20.17,-0.54,3107.419,8384.767,439.703,2032.457,2298.493,4.55,4.65,-10,2023-02-15,1,False,2023-02-15,1,False,2023-02-15,1,False,2023-02-16,0,False,2023-02-15,1,False,2023-02-15,1,False,2023-02-16,0,False,2023-02-15,1,False,2023-02-16,0,False
2023-02-23,2023-02-23 18:00:00-05:00,2023-02-23,383.1046143,0.04220500091,2.5279031,0.4444444444,-0.2222222222,-20.05535173,-224.0337506,-143.2196253,145.6197036,-104.3225375,10.49753871,-117.2201545,97.16480274,1.85,-0.11,21.14,0.97,2983.553,8382.19,451.307,2147.417,2301.158,4.55,4.65,-10,2023-02-22,1,False,2023-02-22,1,False,2023-02-22,1,False,2023-02-23,0,False,2023-02-22,1,False,2023-02-22,1,False,2023-02-23,0,False,2023-02-22,1,False,2023-02-23,0,False
2023-03-02,2023-03-02 18:00:00-05:00,2023-03-02,380.3795166,-1.787430756,1.766754411,0.4444444444,-0.2222222222,-2.749712164,-28.26697556,-177.6665034,168.7201566,-111.3710499,9.826159853,-112.2508629,109.5011508,1.84,-0.07,19.59,-1.55,3027.967,8339.684,351.015,2192.355,2302.652,4.55,4.65,-10,2023-03-01,1,False,2023-03-01,1,False,2023-03-01,1,False,2023-03-02,0,False,2023-03-01,1,False,2023-03-01,1,False,2023-03-02,0,False,2023-03-01,1,False,2023-03-02,0,False
2023-03-09,2023-03-09 18:00:00-05:00,2023-03-09,374.4033813,0.01985159809,0.1120705688,0.1111111111,-0.5555555556,-35.42702163,-169.4238492,-218.2560123,202.3396961,-110.352019,10.08965939,-104.5253622,69.09834057,1.79,-0.04,22.61,3.02,3003.676,8342.283,311.731,2229.623,2306.483,4.55,4.65,-10,2023-03-08,1,False,2023-03-08,1,False,2023-03-08,1,False,2023-03-09,0,False,2023-03-08,1,False,2023-03-08,1,False,2023-03-09,0,False,2023-03-08,1,False,2023-03-09,0,False
2023-03-16,2023-03-16 18:00:00-04:00,2023-03-16,378.7539673,3.350120046,1.319976586,0.1111111111,-0.5555555556,401.6676909,318.5248106,-193.2790738,40.38514129,303.5659786,11.71767802,444.7422331,-43.0745422,2.22,0.4,22.99,0.38,3444.208,8639.3,277.643,2066.319,2308.318,4.58,4.65,-7,2023-03-15,1,False,2023-03-15,1,False,2023-03-15,1,False,2023-03-16,0,False,2023-03-15,1,False,2023-03-15,1,False,2023-03-16,0,False,2023-03-15,1,False,2023-03-16,0,False
2023-03-23,2023-03-23 18:00:00-04:00,2023-03-23,377.377655,3.071349959,1.029574757,0.1111111111,-0.3333333333,461.016751,374.4110366,-299.9824628,103.2415156,419.4572063,16.50284711,599.6953064,-138.6785554,2.16,0.31,22.61,-0.38,3369.986,8733.787,199.856,2233.956,2314.991,4.55,4.9,-35,2023-03-22,1,False,2023-03-22,1,False,2023-03-22,1,False,2023-03-23,0,False,2023-03-22,1,False,2023-03-22,1,False,2023-03-23,0,False,2023-03-22,1,False,2023-03-23,0,False
2023-03-30,2023-03-30 18:00:00-04:00,2023-03-30,387.4846802,6.412687291,3.691547944,0.4444444444,0,448.2579915,493.5722823,-225.7363708,94.938849,439.1749136,22.93012541,547.04231,-98.78431845,2.15,0.31,19.02,-3.59,3401.8,8705.942,162.758,2271.531,2321.775,4.83,4.9,-7,2023-03-29,1,False,2023-03-29,1,False,2023-03-29,1,False,2023-03-30,0,False,2023-03-29,1,False,2023-03-29,1,False,2023-03-30,0,False,2023-03-29,1,False,2023-03-30,0,False
2023-04-06,2023-04-06 18:00:00-04:00,2023-04-06,392.7541504,5.164529481,4.814945198,0.5555555556,0.4444444444,452.722594,398.9712991,-205.0314045,-67.07995881,347.7477328,20.71375426,599.1453419,-146.4227478,2.14,0.35,18.4,-0.62,3381.35,8632.384,140.688,2173.663,2323.763,4.81,4.9,-9,2023-04-05,1,False,2023-04-05,1,False,2023-04-05,1,False,2023-04-06,0,False,2023-04-05,1,False,2023-04-05,1,False,2023-04-06,0,False,2023-04-05,1,False,2023-04-06,0,False
2023-04-13,2023-04-13 18:00:00-04:00,2023-04-13,396.8622131,4.343713399,5.736932956,0.7777777778,0.6666666667,-111.8782772,271.1637079,-221.1857442,295.602653,-28.36225157,18.69595916,-121.4751195,9.596842337,2.08,-0.14,17.8,-0.6,3347.553,8614.797,86.554,2321.699,2324.47,4.8,4.9,-10,2023-04-12,1,False,2023-04-12,1,False,2023-04-12,1,False,2023-04-13,0,False,2023-04-12,1,False,2023-04-12,1,False,2023-04-13,0,False,2023-04-12,1,False,2023-04-13,0,False
2023-04-20,2023-04-20 18:00:00-04:00,2023-04-20,395.3360596,3.31132229,5.076662357,0.8888888889,0.7777777778,-234.8408543,54.94732678,74.69726477,49.58101222,-160.8969855,9.256007732,-294.4312702,59.59041593,2.01,-0.15,17.17,-0.63,3164.881,8593.263,265.095,2277.259,2323.075,4.8,4.9,-10,2023-04-19,1,False,2023-04-19,1,False,2023-04-19,1,False,2023-04-20,0,False,2023-04-19,1,False,2023-04-19,1,False,2023-04-20,0,False,2023-04-19,1,False,2023-04-20,0,False
2023-04-27,2023-04-27 18:00:00-04:00,2023-04-27,395.8447876,1.846084847,5.01681492,0.6666666667,0.3333333333,-309.7895667,155.3121005,153.2872606,2.750994665,-164.4554949,0.7764811665,-321.2702313,11.48066459,2.11,-0.04,17.03,-0.14,3132.099,8562.768,296.209,2273.926,2322.451,4.8,4.9,-10,2023-04-26,1,False,2023-04-26,1,False,2023-04-26,1,False,2023-04-27,0,False,2023-04-26,1,False,2023-04-26,1,False,2023-04-27,0,False,2023-04-26,1,False,2023-04-27,0,False
2023-05-04,2023-05-04 18:00:00-04:00,2023-05-04,388.8572388,-2.050599005,2.94921697,0.4444444444,-0.1111111111,-249.1941971,161.2002452,55.16552554,79.62574417,-148.7306403,1.840742951,-285.362653,36.1684559,2.2,0.06,20.09,3.06,3166.236,8503.994,188.309,2242.399,2325.352,4.81,5.15,-34,2023-05-03,1,False,2023-05-03,1,False,2023-05-03,1,False,2023-05-04,0,False,2023-05-03,1,False,2023-05-03,1,False,2023-05-04,0,False,2023-05-03,1,False,2023-05-04,0,False
2023-05-11,2023-05-11 18:00:00-04:00,2023-05-11,395.5761108,0.257577267,4.580948803,0.5555555556,-0.2222222222,-141.8977139,227.3178565,79.22879669,-92.232005,-129.7534927,7.187633092,-123.9379175,-17.95979638,2.26,0.18,16.93,-3.16,3225.311,8503.017,154.808,2242.243,2330.662,5.06,5.15,-9,2023-05-10,1,False,2023-05-10,1,False,2023-05-10,1,False,2023-05-11,0,False,2023-05-10,1,False,2023-05-10,1,False,2023-05-11,0,False,2023-05-10,1,False,2023-05-11,0,False
2023-05-18,2023-05-18 18:00:00-04:00,2023-05-18,402.3909302,5.592917519,6.306181372,0.5555555556,-0.3333333333,133.949118,205.8113243,-228.9735575,-45.37624416,-158.8488564,11.62073126,103.8802141,30.06890398,2.26,0.25,16.05,-0.88,3279.987,8456.76,68.332,2238.266,2333.061,5.05,5.15,-10,2023-05-17,1,False,2023-05-17,1,False,2023-05-17,1,False,2023-05-18,0,False,2023-05-17,1,False,2023-05-17,1,False,2023-05-18,0,False,2023-05-17,1,False,2023-05-18,0,False
2023-05-25,2023-05-25 18:00:00-04:00,2023-05-25,397.9948425,5.444730899,5.096213231,0.2222222222,-0.4444444444,138.5906987,318.7925828,-288.1498132,-89.09268592,-147.7477844,14.45560594,215.0391088,-76.44841014,2.18,0.07,19.14,3.09,3250.771,8436.255,49.473,2197.638,2334.829,5.05,5.15,-10,2023-05-24,1,False,2023-05-24,1,False,2023-05-24,1,False,2023-05-25,0,False,2023-05-24,1,False,2023-05-24,1,False,2023-05-25,0,False,2023-05-24,1,False,2023-05-25,0,False
2023-06-01,2023-06-01 18:00:00-04:00,2023-06-01,404.8768616,6.317306755,6.906760385,0.2222222222,-0.3333333333,46.20181999,212.9085467,-164.389815,-96.82979551,-138.9229578,19.42381427,102.8728383,-56.67101835,2.16,-0.04,15.65,-3.49,3205.526,8385.854,48.512,2160.055,2341.87,5.08,5.15,-7,2023-05-31,1,False,2023-05-31,1,False,2023-05-31,1,False,2023-06-01,0,False,2023-05-31,1,False,2023-05-31,1,False,2023-06-01,0,False,2023-05-31,1,False,2023-06-01,0,False
2023-06-08,2023-06-08 18:00:00-04:00,2023-06-08,411.893219,9.965482505,8.697000167,0.5555555556,0,95.0756655,362.5841991,-90.91831758,-118.1286595,-133.7078357,15.48273983,59.85640156,35.21926394,2.06,-0.2,13.65,-2,3306.154,8389.325,77.5,2141.798,2343.827,5.05,5.15,-10,2023-06-07,1,False,2023-06-07,1,False,2023-06-07,1,False,2023-06-08,0,False,2023-06-07,1,False,2023-06-07,1,False,2023-06-08,0,False,2023-06-07,1,False,2023-06-08,0,False
2023-06-15,2023-06-15 18:00:00-04:00,2023-06-15,424.8222351,10.95235431,11.89329151,0.6666666667,0,31.12776051,-159.6159411,78.66487875,-291.0405403,-80.92579191,10.65301605,120.7968536,-89.66909313,1.94,-0.32,14.5,0.85,3306.311,8388.323,134.857,1992.14,2342.07,5.05,5.15,-10,2023-06-14,1,False,2023-06-14,1,False,2023-06-14,1,False,2023-06-15,0,False,2023-06-14,1,False,2023-06-14,1,False,2023-06-15,0,False,2023-06-14,1,False,2023-06-15,0,False
2023-06-22,2023-06-22 18:00:00-04:00,2023-06-22,420.5331421,10.50253766,10.49518727,0.6666666667,0.3333333333,-55.49855949,-190.1065368,287.6074751,-240.5415673,-87.947792,10.20950647,-145.2232063,89.72464678,1.96,-0.22,12.91,-1.59,3203.951,8362.06,292.106,1994.711,2343.442,5.05,5.15,-10,2023-06-21,1,False,2023-06-21,1,False,2023-06-21,1,False,2023-06-22,0,False,2023-06-21,1,False,2023-06-21,1,False,2023-06-22,0,False,2023-06-21,1,False,2023-06-22,0,False
2023-06-29,2023-06-29 18:00:00-04:00,2023-06-29,422.0745544,7.00509442,10.61868426,0.7777777778,0.5555555556,-35.17471208,-259.3297773,429.3528125,-268.7513997,-53.59024853,-0.4936885379,-213.6979728,178.5232607,1.96,-0.2,13.54,0.63,3176.029,8340.914,408.561,1934.684,2341.456,5.06,5.15,-9,2023-06-28,1,False,2023-06-28,1,False,2023-06-28,1,False,2023-06-29,0,False,2023-06-28,1,False,2023-06-28,1,False,2023-06-29,0,False,2023-06-28,1,False,2023-06-29,0,False
2023-07-06,2023-07-06 18:00:00-04:00,2023-07-06,423.5678406,7.734983573,10.68859212,0.5555555556,0.1111111111,-150.796399,-233.6596704,440.2785683,-342.7474797,-108.486678,2.664099913,-208.6818665,57.88546754,1.83,-0.23,15.44,1.9,3179.646,8298.312,446.864,1854.256,2346.062,5.06,5.15,-9,2023-07-05,1,False,2023-07-05,1,False,2023-07-05,1,False,2023-07-06,0,False,2023-07-05,1,False,2023-07-05,1,False,2023-07-06,0,False,2023-07-05,1,False,2023-07-06,0,False
2023-07-13,2023-07-13 18:00:00-04:00,2023-07-13,433.1054382,9.008536109,12.68904659,0.7777777778,0.2222222222,-171.8901382,-215.2447701,456.0637448,-267.8819116,-108.9609926,3.074512033,-300.2173378,128.3271996,1.88,-0.06,13.61,-1.83,3162.124,8296.923,517.418,1767.432,2344.649,5.05,5.15,-10,2023-07-12,1,False,2023-07-12,1,False,2023-07-12,1,False,2023-07-13,0,False,2023-07-12,1,False,2023-07-12,1,False,2023-07-13,0,False,2023-07-12,1,False,2023-07-13,0,False
2023-07-20,2023-07-20 18:00:00-04:00,2023-07-20,435.6295776,9.991914756,12.68853824,1,0.3333333333,19.8982069,64.82869196,293.3906238,-327.3236499,-104.6488545,-6.226934511,-64.48889388,84.38710079,1.87,-0.09,13.99,0.38,3220.59,8274.552,537.441,1721.001,2338.235,5.05,5.15,-10,2023-07-19,1,False,2023-07-19,1,False,2023-07-19,1,False,2023-07-20,0,False,2023-07-19,1,False,2023-07-19,1,False,2023-07-20,0,False,2023-07-19,1,False,2023-07-20,0,False
2023-07-27,2023-07-27 18:00:00-04:00,2023-07-27,435.9282227,9.304418304,12.15855218,1,0.4444444444,-11.10429864,40.48690797,169.4490556,-238.4642738,-116.9775878,-9.441411337,-38.52095825,27.41665961,1.83,-0.13,14.41,0.42,3166.767,8243.344,549.897,1735.783,2333.581,5.06,5.4,-34,2023-07-26,1,False,2023-07-26,1,False,2023-07-26,1,False,2023-07-27,0,False,2023-07-26,1,False,2023-07-26,1,False,2023-07-27,0,False,2023-07-26,1,False,2023-07-27,0,False
2023-08-03,2023-08-03 18:00:00-04:00,2023-08-03,432.4118042,9.150352072,10.57701996,0.8888888889,0.3333333333,45.49238448,60.16114311,16.94561496,-93.37079637,-110.3212316,-15.53568967,-18.36036052,63.85274499,1.82,-0.01,15.92,1.51,3217.397,8206.764,460.926,1776.774,2333.17,5.3,5.4,-10,2023-08-02,1,False,2023-08-02,1,False,2023-08-02,1,False,2023-08-03,0,False,2023-08-02,1,False,2023-08-02,1,False,2023-08-03,0,False,2023-08-02,1,False,2023-08-03,0,False
2023-08-10,2023-08-10 18:00:00-04:00,2023-08-10,429.5890198,8.366945308,9.297813732,0.7777777778,0,80.09957426,3.846869882,-102.6356397,-9.08168004,-106.885408,-13.93408135,18.76599313,61.33358114,1.92,0.04,15.85,-0.07,3228.582,8208.241,432.262,1759.897,2333.088,5.3,5.4,-10,2023-08-09,1,False,2023-08-09,1,False,2023-08-09,1,False,2023-08-10,0,False,2023-08-09,1,False,2023-08-09,1,False,2023-08-10,0,False,2023-08-09,1,False,2023-08-10,0,False
2023-08-17,2023-08-17 18:00:00-04:00,2023-08-17,420.321228,4.56569559,6.521070434,0.2222222222,-0.7777777778,10.10568306,-60.34817117,-184.4534907,88.36611336,-155.6881871,-8.792016776,-50.80879303,60.91447609,1.84,-0.03,17.89,2.04,3228.952,8145.727,384.814,1794.12,2330.96,5.3,5.4,-10,2023-08-16,1,False,2023-08-16,1,False,2023-08-16,1,False,2023-08-17,0,False,2023-08-16,1,False,2023-08-16,1,False,2023-08-17,0,False,2023-08-16,1,False,2023-08-17,0,False
2023-08-24,2023-08-24 18:00:00-04:00,2023-08-24,420.8992615,4.363122116,6.247693492,0.1111111111,-0.8888888889,12.87462952,-86.99476249,-162.3928348,-5.046495694,-126.4996341,-6.248677721,47.18837404,-34.31374452,1.83,0,17.2,-0.69,3177.38,8139.066,416.031,1731.623,2328.43,5.3,5.4,-10,2023-08-23,1,False,2023-08-23,1,False,2023-08-23,1,False,2023-08-24,0,False,2023-08-23,1,False,2023-08-23,1,False,2023-08-24,0,False,2023-08-23,1,False,2023-08-24,0,False
2023-08-31,2023-08-31 18:00:00-04:00,2023-08-31,433.8665161,5.60540828,9.087045286,0.7777777778,-0.1111111111,-25.41196506,-10.71327977,48.46733743,-152.5229676,-104.1189926,-6.002365853,5.939003485,-31.35096854,1.82,0,13.57,-3.63,3196.542,8121.316,500.702,1651.602,2328.244,5.3,5.4,-10,2023-08-30,1,False,2023-08-30,1,False,2023-08-30,1,False,2023-08-31,0,False,2023-08-30,1,False,2023-08-30,1,False,2023-08-31,0,False,2023-08-30,1,False,2023-08-31,0,False
2023-09-07,2023-09-07 18:00:00-04:00,2023-09-07,428.5679016,2.928180262,7.459067458,0.1111111111,-0.6666666667,75.40348779,-18.68922708,60.04940644,-273.6371897,-130.2629881,1.075748141,82.24904702,-6.845559237,1.79,-0.13,14.4,0.83,3290.475,8101.318,481.552,1535.289,2333.971,5.3,5.4,-10,2023-09-06,1,False,2023-09-06,1,False,2023-09-06,1,False,2023-09-07,0,False,2023-09-06,1,False,2023-09-06,1,False,2023-09-07,0,False,2023-09-06,1,False,2023-09-07,0,False
2023-09-14,2023-09-14 18:00:00-04:00,2023-09-14,433.8761597,3.014771201,8.442242218,0.4444444444,0.1111111111,100.1420745,5.023650138,187.2761019,-370.3696429,-57.63512575,1.048402432,124.4100128,-24.26793827,1.81,-0.03,12.82,-1.58,3310.525,8098.779,537.364,1492.427,2331.814,5.3,5.4,-10,2023-09-13,1,False,2023-09-13,1,False,2023-09-13,1,False,2023-09-14,0,False,2023-09-13,1,False,2023-09-13,1,False,2023-09-14,0,False,2023-09-13,1,False,2023-09-14,0,False
2023-09-21,2023-09-21 18:00:00-04:00,2023-09-21,417.0664978,-0.7470460731,3.967242783,0.1111111111,-0.1111111111,-40.51570536,-71.21092171,301.8601889,-340.9580411,-141.2643662,-2.850449916,-99.31606403,58.80035867,1.73,-0.1,17.54,4.72,3144.404,8024.09,661.717,1454.115,2326.11,5.3,5.4,-10,2023-09-20,1,False,2023-09-20,1,False,2023-09-20,1,False,2023-09-21,0,False,2023-09-20,1,False,2023-09-20,1,False,2023-09-21,0,False,2023-09-20,1,False,2023-09-21,0,False
2023-09-28,2023-09-28 18:00:00-04:00,2023-09-28,414.291748,-2.955898318,3.030186015,0.1111111111,-0.6666666667,-34.52642404,-9.024190874,211.0987924,-244.093445,-146.838271,-5.980557831,-107.8630606,73.33663657,1.77,-0.05,17.34,-0.2,3168.502,8002.064,672.142,1453.366,2323.387,5.32,5.4,-8,2023-09-27,1,False,2023-09-27,1,False,2023-09-27,1,False,2023-09-28,0,False,2023-09-27,1,False,2023-09-27,1,False,2023-09-28,0,False,2023-09-27,1,False,2023-09-28,0,False
2023-10-05,2023-10-05 18:00:00-04:00,2023-10-05,410.4052734,-4.489182293,1.841852897,0,-0.1111111111,-61.43197934,73.5824346,243.6726962,-333.4728991,-179.644843,-12.2535617,-77.59107839,16.15909905,1.83,0.04,18.49,1.15,3240.707,7955.782,678.959,1265.132,2324.044,5.32,5.4,-8,2023-10-04,1,False,2023-10-04,1,False,2023-10-04,1,False,2023-10-05,0,False,2023-10-04,1,False,2023-10-04,1,False,2023-10-05,0,False,2023-10-04,1,False,2023-10-05,0,False
2023-10-12,2023-10-12 18:00:00-04:00,2023-10-12,419.2610474,-4.395963048,3.69497835,0.1111111111,-0.3333333333,6.328114398,185.0396828,216.8672586,-413.7759531,-181.1692849,-4.719229899,20.45863951,-14.13052511,1.82,0.01,16.69,-1.8,3315.65,7952.054,713,1157.319,2327.992,5.31,5.4,-9,2023-10-11,1,False,2023-10-11,1,False,2023-10-11,1,False,2023-10-12,0,False,2023-10-11,1,False,2023-10-11,1,False,2023-10-12,0,False,2023-10-11,1,False,2023-10-12,0,False
2023-10-19,2023-10-19 18:00:00-04:00,2023-10-19,412.2711182,-6.053846383,1.630377265,0.1111111111,0,131.8853602,35.82067041,223.559307,-423.6443011,-113.3187689,-1.329745803,88.09597101,43.7893892,1.78,0.05,21.4,4.71,3250.23,7933.162,841.103,1114.179,2325.043,5.3,5.4,-10,2023-10-18,1,False,2023-10-18,1,False,2023-10-18,1,False,2023-10-19,0,False,2023-10-18,1,False,2023-10-18,1,False,2023-10-19,0,False,2023-10-18,1,False,2023-10-19,0,False
2023-10-26,2023-10-26 18:00:00-04:00,2023-10-26,398.8520508,-8.025420978,-1.89610156,0,-0.1111111111,119.3054692,117.9181652,219.4121417,-454.2777963,-117.7621174,-0.5773510434,117.6808883,1.624580858,1.83,0.06,20.68,-0.72,3263.971,7907.83,847.717,1089.85,2322.925,5.3,5.4,-10,2023-10-25,1,False,2023-10-25,1,False,2023-10-25,1,False,2023-10-26,0,False,2023-10-25,1,False,2023-10-25,1,False,2023-10-26,0,False,2023-10-25,1,False,2023-10-26,0,False
2023-11-02,2023-11-02 18:00:00-04:00,2023-11-02,416.4573975,-3.022003558,2.264724175,0.2222222222,0.2222222222,92.9173273,118.4790985,93.07570268,-264.1424815,-112.016644,-0.9326550174,59.98278988,32.93453742,1.91,0.08,15.66,-5.02,3314.63,7866.664,753.008,1054.986,2323.302,5.32,5.4,-8,2023-11-01,1,False,2023-11-01,1,False,2023-11-01,1,False,2023-11-02,0,False,2023-11-01,1,False,2023-11-01,1,False,2023-11-02,0,False,2023-11-01,1,False,2023-11-02,0,False
2023-11-09,2023-11-09 18:00:00-05:00,2023-11-09,419.4351196,-0.9712049463,2.734353101,0.2222222222,0.1111111111,56.30746471,160.6239388,63.45404596,-206.2423117,-114.8923284,-3.138811683,31.03474901,25.2727157,1.84,0.02,15.29,-0.37,3360.426,7860.691,763.459,993.314,2325.496,5.32,5.4,-8,2023-11-08,1,False,2023-11-08,1,False,2023-11-08,1,False,2023-11-09,0,False,2023-11-08,1,False,2023-11-08,1,False,2023-11-09,0,False,2023-11-08,1,False,2023-11-09,0,False
2023-11-16,2023-11-16 18:00:00-05:00,2023-11-16,435.2809448,1.983632323,6.334280715,0.7777777778,0.6666666667,293.8235725,312.277836,-215.7109612,-254.8403776,-148.958259,0.9151458145,320.677934,-26.85436148,1.8,0.02,14.32,-0.97,3483.325,7814.991,669.976,912.01,2325.769,5.32,5.4,-8,2023-11-15,1,False,2023-11-15,1,False,2023-11-15,1,False,2023-11-16,0,False,2023-11-15,1,False,2023-11-15,1,False,2023-11-16,0,False,2023-11-15,1,False,2023-11-16,0,False
2023-11-23,2023-11-23 18:00:00-05:00,2023-11-22,439.9118652,1.661984631,7.240969752,0.8888888889,0.8888888889,277.3883607,375.8969395,-224.7658334,-200.1130525,-117.4013604,3.596435432,303.88109,-26.49272936,1.77,-0.06,12.8,-1.52,3483.325,7814.991,728.2,931.604,2325.769,5.31,5.4,-9,2023-11-15,8,False,2023-11-15,8,False,2023-11-21,2,False,2023-11-22,1,False,2023-11-15,8,False,2023-11-21,2,False,2023-11-23,0,False,2023-11-21,2,False,2023-11-23,0,False
2023-11-30,2023-11-30 18:00:00-05:00,2023-11-30,441.2460938,2.642192649,7.254057433,0.8888888889,0.8888888889,102.6686789,244.8544054,0.7144070218,-212.4966822,-89.642827,11.41780048,110.7216477,-8.052968832,1.72,-0.19,12.92,0.12,3395.396,7796.145,753.57,887.822,2332.284,5.31,5.4,-9,2023-11-29,1,False,2023-11-29,1,False,2023-11-29,1,False,2023-11-30,0,False,2023-11-29,1,False,2023-11-29,1,False,2023-11-30,0,False,2023-11-29,1,False,2023-11-30,0,False
2023-12-07,2023-12-07 18:00:00-05:00,2023-12-07,443.0152588,2.986787119,7.330363904,0.8888888889,0.4444444444,173.4300458,254.6240007,-121.8480665,-213.1873648,-156.8640721,7.341593761,170.8297655,2.600280306,1.63,-0.21,13.06,0.14,3496.754,7737.385,667.678,825.734,2331.267,5.32,5.4,-8,2023-12-06,1,False,2023-12-06,1,False,2023-12-06,1,False,2023-12-07,0,False,2023-12-06,1,False,2023-12-06,1,False,2023-12-07,0,False,2023-12-06,1,False,2023-12-07,0,False
2023-12-14,2023-12-14 18:00:00-05:00,2023-12-14,456.3377991,7.607608314,10.08768079,0.8888888889,0.1111111111,108.057706,317.6367697,-50.36218212,-182.5517138,-96.51322695,6.314786543,130.0858824,-22.02817636,1.61,-0.19,12.48,-0.58,3567.772,7739.566,630.618,769.346,2330.704,5.31,5.4,-9,2023-12-13,1,False,2023-12-13,1,False,2023-12-13,1,False,2023-12-14,0,False,2023-12-13,1,False,2023-12-13,1,False,2023-12-14,0,False,2023-12-13,1,False,2023-12-14,0,False
2023-12-21,2023-12-21 18:00:00-05:00,2023-12-21,458.8577271,11.39923533,10.20083333,1,0.1111111111,-7.724896932,414.8557656,80.28800033,-196.0360543,-116.3507418,7.69162754,-8.294315374,0.5694184421,1.63,-0.14,13.65,1.17,3477.288,7724.063,732.721,778.402,2331.78,5.31,5.4,-9,2023-12-20,1,False,2023-12-20,1,False,2023-12-20,1,False,2023-12-21,0,False,2023-12-20,1,False,2023-12-20,1,False,2023-12-21,0,False,2023-12-20,1,False,2023-12-21,0,False
2023-12-28,2023-12-28 18:00:00-05:00,2023-12-28,462.7309265,13.52799332,10.65223508,0.8888888889,0,49.78999236,332.0530803,-51.95644771,-74.71513165,-106.9297711,10.27430865,9.467499642,40.32249272,1.64,-0.08,12.47,-1.18,3434.213,7712.781,713.064,829.573,2340.294,5.39,5.4,-1,2023-12-27,1,False,2023-12-27,1,False,2023-12-27,1,False,2023-12-28,0,False,2023-12-27,1,False,2023-12-27,1,False,2023-12-28,0,False,2023-12-27,1,False,2023-12-28,0,False
2024-01-04,2024-01-04 18:00:00-05:00,2024-01-04,453.5964661,8.532358687,8.047252771,1,0.1111111111,-48.26695324,274.8956671,97.94782087,-207.8673867,-72.84243966,21.0238989,16.05322729,-64.32018053,1.66,0.03,14.13,1.66,3459.408,7681.024,743.464,664.899,2347.534,5.39,5.4,-1,2024-01-03,1,False,2024-01-03,1,False,2024-01-03,1,False,2024-01-04,0,False,2024-01-03,1,False,2024-01-03,1,False,2024-01-04,0,False,2024-01-03,1,False,2024-01-04,0,False
2024-01-11,2024-01-11 18:00:00-05:00,2024-01-11,462.4008789,9.68749534,9.618482832,0.8888888889,0,-39.26447555,278.8373922,125.6375357,-184.7338727,-68.29323505,16.70119487,-25.89809299,-13.36638256,1.59,-0.02,12.44,-1.69,3537.383,7686.71,727.856,626.37,2343.63,5.31,5.4,-9,2024-01-10,1,False,2024-01-10,1,False,2024-01-10,1,False,2024-01-11,0,False,2024-01-10,1,False,2024-01-10,1,False,2024-01-11,0,False,2024-01-10,1,False,2024-01-11,0,False
2024-01-18,2024-01-18 18:00:00-05:00,2024-01-18,462.5367737,13.58813037,9.262979687,0.7777777778,-0.1111111111,148.9345698,431.2227583,52.85171807,-207.3623687,-65.14964987,7.560787632,81.80021318,67.13435662,1.63,0,14.13,1.69,3592.326,7673.741,773.544,618.234,2337.62,5.32,5.4,-8,2024-01-17,1,False,2024-01-17,1,False,2024-01-17,1,False,2024-01-18,0,False,2024-01-17,1,False,2024-01-17,1,False,2024-01-18,0,False,2024-01-17,1,False,2024-01-18,0,False
2024-01-25,2024-01-25 18:00:00-05:00,2024-01-25,473.7388611,19.31642535,11.39693517,0.6666666667,-0.3333333333,71.95329415,285.4613718,132.3711901,-352.5135745,-46.09362045,-11.1957023,185.2444663,-113.2911721,1.61,-0.03,13.45,-0.68,3489.709,7677.23,815.159,557.687,2331.659,5.31,5.4,-9,2024-01-24,1,False,2024-01-24,1,False,2024-01-24,1,False,2024-01-25,0,False,2024-01-24,1,False,2024-01-24,1,False,2024-01-25,0,False,2024-01-24,1,False,2024-01-25,0,False
2024-02-01,2024-02-01 18:00:00-05:00,2024-02-01,474.8745728,12.99625923,11.1476028,0.8888888889,-0.1111111111,-62.08937767,123.4157198,158.8551214,-210.0644393,-66.26720604,-27.03285395,11.97496584,-74.0643435,1.61,-0.05,13.88,0.43,3411.717,7630.124,865.481,503.548,2326.77,5.32,5.4,-8,2024-01-31,1,False,2024-01-31,1,False,2024-01-31,1,False,2024-02-01,0,False,2024-01-31,1,False,2024-01-31,1,False,2024-02-01,0,False,2024-01-31,1,False,2024-02-01,0,False
2024-02-08,2024-02-08 18:00:00-05:00,2024-02-08,483.7275085,13.55630535,12.6624496,0.7777777778,-0.1111111111,23.87887666,248.466706,121.9234237,-117.9503325,-72.08545659,-22.65078297,-53.40776483,77.28664149,1.6,0.01,12.79,-1.09,3555.738,7631.3,821.575,535.705,2326.219,5.31,5.4,-9,2024-02-07,1,False,2024-02-07,1,False,2024-02-07,1,False,2024-02-08,0,False,2024-02-07,1,False,2024-02-07,1,False,2024-02-08,0,False,2024-02-07,1,False,2024-02-08,0,False
2024-02-15,2024-02-15 18:00:00-05:00,2024-02-15,487.3094482,11.81379488,12.9024894,0.8888888889,0.1111111111,-71.48664517,69.2822295,76.02028789,-163.1134019,-51.95249618,-14.74899922,49.88961707,-121.3762622,1.56,-0.07,14.01,1.22,3537.469,7633.874,831.88,493.065,2326.302,5.3,5.4,-10,2024-02-14,1,False,2024-02-14,1,False,2024-02-14,1,False,2024-02-15,0,False,2024-02-14,1,False,2024-02-14,1,False,2024-02-15,0,False,2024-02-14,1,False,2024-02-15,0,False
2024-02-22,2024-02-22 18:00:00-05:00,2024-02-22,492.6387024,11.91689933,13.64810566,0.8888888889,0.2222222222,43.48703895,50.88937402,-34.38740275,-5.785941023,-124.4550443,-3.278526239,-81.00317432,124.4902133,1.54,-0.07,14.54,0.53,3523.095,7581.683,788.759,553.245,2329.142,5.3,5.4,-10,2024-02-21,1,False,2024-02-21,1,False,2024-02-21,1,False,2024-02-22,0,False,2024-02-21,1,False,2024-02-21,1,False,2024-02-22,0,False,2024-02-21,1,False,2024-02-22,0,False
2024-02-29,2024-02-29 18:00:00-05:00,2024-02-29,493.2016907,11.11738849,13.14711041,1,0.3333333333,169.4140226,186.7410111,-128.1879561,-1.931816573,-81.67232931,4.357727345,44.08971597,125.3243067,1.55,-0.06,13.4,-1.14,3540.982,7567.807,767.672,502.074,2330.095,5.31,5.4,-9,2024-02-28,1,False,2024-02-28,1,False,2024-02-28,1,False,2024-02-29,0,False,2024-02-28,1,False,2024-02-28,1,False,2024-02-29,0,False,2024-02-28,1,False,2024-02-29,0,False
2024-03-07,2024-03-07 18:00:00-05:00,2024-03-07,499.7346191,12.32014192,14.00627426,1,0.2222222222,85.11131786,160.1768556,-79.96671602,-129.6646705,-121.1366346,11.44890124,77.04585064,8.065467221,1.57,-0.03,14.44,1.04,3620.689,7538.857,760.55,436.754,2334.956,5.31,5.4,-9,2024-03-06,1,False,2024-03-06,1,False,2024-03-06,1,False,2024-03-07,0,False,2024-03-06,1,False,2024-03-06,1,False,2024-03-07,0,False,2024-03-06,1,False,2024-03-07,0,False
2024-03-14,2024-03-14 18:00:00-04:00,2024-03-14,499.8705444,9.720238063,13.39022653,1,0.2222222222,46.74428737,6.95258623,-109.3704193,-12.4340538,-120.3910361,16.30364871,-14.89021171,61.63449908,1.55,-0.01,14.4,-0.04,3573.153,7541.969,748.388,483.573,2338.748,5.31,5.4,-9,2024-03-13,1,False,2024-03-13,1,False,2024-03-13,1,False,2024-03-14,0,False,2024-03-13,1,False,2024-03-13,1,False,2024-03-14,0,False,2024-03-13,1,False,2024-03-14,0,False
2024-03-21,2024-03-21 18:00:00-04:00,2024-03-21,508.4830933,10.5927247,14.71499484,1,0.1111111111,-44.20918152,15.91002041,31.45211954,-122.1549358,-88.81273459,14.65505746,-12.7649758,-31.44420573,1.56,0.02,12.92,-1.48,3489.577,7514.348,812.605,460.631,2340.253,5.31,5.4,-9,2024-03-20,1,False,2024-03-20,1,False,2024-03-20,1,False,2024-03-21,0,False,2024-03-20,1,False,2024-03-20,1,False,2024-03-21,0,False,2024-03-20,1,False,2024-03-21,0,False
2024-03-28,2024-03-28 18:00:00-04:00,2024-03-28,509.3302917,11.01135746,14.29191023,1,0,-90.61938287,49.51521377,6.062522472,122.0353532,-109.7649557,15.37565638,-253.2384877,162.6191048,1.54,-0.01,13.01,0.09,3472.403,7484.739,772.26,594.428,2341.731,5.33,5.4,-7,2024-03-27,1,False,2024-03-27,1,False,2024-03-27,1,False,2024-03-28,0,False,2024-03-27,1,False,2024-03-27,1,False,2024-03-28,0,False,2024-03-27,1,False,2024-03-28,0,False
2024-04-04,2024-04-04 18:00:00-04:00,2024-04-04,499.5930481,8.441672342,11.69076464,0.6666666667,-0.3333333333,-105.4828338,106.4428389,-36.7721526,2.666186665,-131.7162535,12.40771645,-110.0180041,4.535170252,1.49,-0.08,16.35,3.34,3541.167,7439.558,732.828,438.764,2344.31,5.32,5.4,-8,2024-04-03,1,False,2024-04-03,1,False,2024-04-03,1,False,2024-04-04,0,False,2024-04-03,1,False,2024-04-03,1,False,2024-04-04,0,False,2024-04-03,1,False,2024-04-04,0,False
2024-04-11,2024-04-11 18:00:00-04:00,2024-04-11,504.3935852,9.407609112,12.22849,0.7777777778,-0.2222222222,56.40171685,101.8745341,-100.5718798,-37.40667722,-137.6205604,10.64045742,-10.28246072,66.68417757,1.4,-0.15,14.91,-1.44,3615.691,7438.176,672.537,455.361,2346.773,5.31,5.4,-9,2024-04-10,1,False,2024-04-10,1,False,2024-04-10,1,False,2024-04-11,0,False,2024-04-10,1,False,2024-04-10,1,False,2024-04-11,0,False,2024-04-10,1,False,2024-04-11,0,False
2024-04-18,2024-04-18 18:00:00-04:00,2024-04-18,486.3989258,3.343642419,7.822279618,0.3333333333,-0.6666666667,-212.9858772,-342.4587825,156.1372989,-36.76300326,-144.8455674,7.747844524,-271.9677076,58.98183049,1.48,-0.08,18,3.09,3329.532,7405.506,929.932,433.006,2346.075,5.31,5.4,-9,2024-04-17,1,False,2024-04-17,1,False,2024-04-17,1,False,2024-04-18,0,False,2024-04-17,1,False,2024-04-17,1,False,2024-04-18,0,False,2024-04-17,1,False,2024-04-18,0,False
2024-04-25,2024-04-25 18:00:00-04:00,2024-04-25,490.2646484,2.885436801,8.294269878,0.5555555556,-0.4444444444,-268.1416146,-283.960491,209.9191435,-201.0758157,-109.9637542,3.56191445,-122.3689964,-145.7726181,1.48,-0.06,15.37,-2.63,3271.706,7402.434,929.379,443.928,2344.397,5.31,5.4,-9,2024-04-24,1,False,2024-04-24,1,False,2024-04-24,1,False,2024-04-25,0,False,2024-04-24,1,False,2024-04-24,1,False,2024-04-25,0,False,2024-04-24,1,False,2024-04-25,0,False
2024-05-02,2024-05-02 18:00:00-04:00,2024-05-02,491.7641907,2.554577545,8.276556313,0.3333333333,-0.3333333333,-301.3942495,-124.2103012,211.8593605,-13.5545687,-103.6136824,0.3172231469,-302.2356973,0.8414478387,1.43,-0.06,14.68,-0.69,3316.943,7362.474,890.442,428.68,2344.546,5.32,5.4,-8,2024-05-01,1,False,2024-05-01,1,False,2024-05-01,1,False,2024-05-02,0,False,2024-05-01,1,False,2024-05-01,1,False,2024-05-02,0,False,2024-05-01,1,False,2024-05-02,0,False
2024-05-09,2024-05-09 18:00:00-04:00,2024-05-09,506.5065002,5.607634402,11.12079412,1,0.2222222222,-383.1638294,-294.9051931,193.9615304,4.287341413,-113.9634233,0.9572239216,-313.169519,-69.99431043,1.47,0.07,12.69,-1.99,3330.687,7353.408,816.809,458.55,2347.485,5.31,5.4,-9,2024-05-08,1,False,2024-05-08,1,False,2024-05-08,1,False,2024-05-09,0,False,2024-05-08,1,False,2024-05-08,1,False,2024-05-09,0,False,2024-05-08,1,False,2024-05-09,0,False
2024-05-16,2024-05-16 18:00:00-04:00,2024-05-16,514.8026733,6.661696851,12.49804696,0.7777777778,0.4444444444,117.2830054,-158.612783,-302.239982,-30.90268241,-136.7009898,1.612313865,194.8293607,-77.54635537,1.49,0.01,12.42,-0.27,3416.386,7304.272,706.108,410.121,2347.269,5.31,5.4,-9,2024-05-15,1,False,2024-05-15,1,False,2024-05-15,1,False,2024-05-16,0,False,2024-05-15,1,False,2024-05-15,1,False,2024-05-16,0,False,2024-05-15,1,False,2024-05-16,0,False
2024-05-23,2024-05-23 18:00:00-04:00,2024-05-23,512.1444702,4.214088244,11.41308675,0.6666666667,0.1111111111,139.5595016,-195.3141539,-295.1691295,31.70578758,-138.9651026,3.778486914,120.7197524,18.8397492,1.46,-0.02,12.77,0.35,3375.014,7299.566,710.882,467.398,2347.194,5.31,5.4,-9,2024-05-22,1,False,2024-05-22,1,False,2024-05-22,1,False,2024-05-23,0,False,2024-05-22,1,False,2024-05-22,1,False,2024-05-23,0,False,2024-05-22,1,False,2024-05-23,0,False
2024-05-30,2024-05-30 18:00:00-04:00,2024-05-30,508.8824158,3.362463572,10.30449795,0.3333333333,0.1111111111,100.6889804,-198.0851256,-236.9067789,31.72031575,-106.1531762,10.03467041,88.9986165,11.69036386,1.47,0.04,14.47,1.7,3391.075,7284.319,716.02,452.034,2351.934,5.33,5.4,-7,2024-05-29,1,False,2024-05-29,1,False,2024-05-29,1,False,2024-05-30,0,False,2024-05-29,1,False,2024-05-29,1,False,2024-05-30,0,False,2024-05-29,1,False,2024-05-30,0,False
2024-06-06,2024-06-06 18:00:00-04:00,2024-06-06,520.6159668,3.78134329,12.27729353,0.6666666667,-0.1111111111,172.7783906,-216.1481508,-154.343401,-109.3710563,-132.8921229,6.85940451,123.9629298,48.8154608,1.53,0.06,12.58,-1.89,3457.738,7255.687,703.314,378.125,2352.529,5.33,5.4,-7,2024-06-05,1,False,2024-06-05,1,False,2024-06-05,1,False,2024-06-06,0,False,2024-06-05,1,False,2024-06-05,1,False,2024-06-06,0,False,2024-06-05,1,False,2024-06-06,0,False
2024-06-13,2024-06-13 18:00:00-04:00,2024-06-13,528.2012939,5.18508804,13.3028806,0.5555555556,-0.4444444444,24.15846507,-184.4624395,-76.52508012,27.02938773,-62.01576283,4.439867519,-16.95993797,41.11840304,1.48,-0.01,11.94,-0.64,3434.032,7258.974,650.212,429.864,2350.512,5.31,5.4,-9,2024-06-12,1,False,2024-06-12,1,False,2024-06-12,1,False,2024-06-13,0,False,2024-06-12,1,False,2024-06-12,1,False,2024-06-13,0,False,2024-06-12,1,False,2024-06-13,0,False
2024-06-20,2024-06-20 18:00:00-04:00,2024-06-20,532.6317139,5.238824378,13.77464411,0.7777777778,-0.1111111111,-12.12126858,-164.2338098,97.64416131,-107.6187269,-64.42026827,3.359103815,-57.80480648,45.6835379,1.52,0.06,13.28,1.34,3366.166,7252.542,782.158,388.841,2349.646,5.33,5.4,-7,2024-06-19,1,False,2024-06-19,1,False,2024-06-18,2,False,2024-06-20,0,False,2024-06-19,1,False,2024-06-18,2,False,2024-06-20,0,False,2024-06-18,2,False,2024-06-20,0,False
2024-06-27,2024-06-27 18:00:00-04:00,2024-06-27,533.7346802,5.645792723,13.39444629,0.4444444444,0.1111111111,-167.7301612,-271.8972565,38.69407696,109.3554524,-72.97319077,-0.3583039128,-220.6644163,52.93425508,1.55,0.08,12.24,-1.04,3268.895,7231.163,744.206,531.692,2351.673,5.34,5.4,-6,2024-06-26,1,False,2024-06-26,1,False,2024-06-26,1,False,2024-06-27,0,False,2024-06-26,1,False,2024-06-26,1,False,2024-06-27,0,False,2024-06-26,1,False,2024-06-27,0,False
2024-07-04,2024-07-04 18:00:00-04:00,2024-07-03,538.7070312,6.65469232,13.94607007,0.4444444444,0,-260.2689449,-365.9787315,56.3585502,65.84214562,-33.79969395,-1.179764232,-154.8206255,-105.4483194,1.56,0.03,12.26,0.02,3268.895,7231.163,768.554,425.898,2351.673,5.35,5.4,-5,2024-06-26,8,False,2024-06-26,8,False,2024-07-02,2,False,2024-07-03,1,False,2024-06-26,8,False,2024-07-02,2,False,2024-07-04,0,False,2024-07-02,2,False,2024-07-04,0,False
2024-07-11,2024-07-11 18:00:00-04:00,2024-07-11,543.6108398,10.67007339,14.25229582,0.8888888889,0.3333333333,-128.0979929,-369.237028,99.34737333,-36.03264043,-48.07153187,9.151431042,-120.5376958,-7.560297089,1.56,0.08,12.92,0.66,3341.046,7224.079,722.328,403.708,2357.155,5.34,5.4,-6,2024-07-10,1,False,2024-07-10,1,False,2024-07-10,1,False,2024-07-11,0,False,2024-07-10,1,False,2024-07-10,1,False,2024-07-11,0,False,2024-07-10,1,False,2024-07-11,0,False
2024-07-18,2024-07-18 18:00:00-04:00,2024-07-18,539.8792725,10.95072069,12.6838498,1,0.3333333333,-60.28231205,-9.568556153,-21.20497889,3.875882415,-61.07513752,3.000327334,-46.74636838,-13.53594367,1.56,0.04,15.93,3.01,3322.446,7208.247,766.779,391.652,2351.822,5.35,5.4,-5,2024-07-17,1,False,2024-07-17,1,False,2024-07-17,1,False,2024-07-18,0,False,2024-07-17,1,False,2024-07-17,1,False,2024-07-18,0,False,2024-07-17,1,False,2024-07-18,0,False
2024-07-25,2024-07-25 18:00:00-04:00,2024-07-25,525.9586792,5.898692345,9.07621356,0.7777777778,0.2222222222,9.666494864,5.645440405,32.10133695,-213.3252977,-35.55168097,-6.012864044,151.6851439,-142.018649,1.65,0.1,18.46,2.53,3275.885,7205.455,767.419,377.433,2347.325,5.34,5.4,-6,2024-07-24,1,False,2024-07-24,1,False,2024-07-24,1,False,2024-07-25,0,False,2024-07-24,1,False,2024-07-24,1,False,2024-07-25,0,False,2024-07-24,1,False,2024-07-25,0,False
2024-08-01,2024-08-01 18:00:00-04:00,2024-08-01,530.4523926,5.457508185,9.366626744,0.8888888889,0.4444444444,-124.7309734,-187.7670468,151.8358803,-106.5015406,-72.97857896,-6.886859002,-111.4260597,-13.30491375,1.68,0.12,18.59,0.13,3178.7,7178.391,854.001,348.885,2346.693,5.38,5.4,-2,2024-07-31,1,False,2024-07-31,1,False,2024-07-31,1,False,2024-08-01,0,False,2024-07-31,1,False,2024-07-31,1,False,2024-08-01,0,False,2024-07-31,1,False,2024-08-01,0,False
2024-08-08,2024-08-08 18:00:00-04:00,2024-08-08,518.3781738,2.198435721,6.348122416,0.5555555556,-0.3333333333,44.11635033,57.42779402,87.07684398,-139.1859087,-67.58370167,-11.48243257,-3.992204404,48.10855474,1.8,0.24,23.79,5.2,3372.916,7175.256,785.233,303.159,2348.86,5.33,5.4,-7,2024-08-07,1,False,2024-08-07,1,False,2024-08-07,1,False,2024-08-08,0,False,2024-08-07,1,False,2024-08-07,1,False,2024-08-08,0,False,2024-08-07,1,False,2024-08-08,0,False
2024-08-15,2024-08-15 18:00:00-04:00,2024-08-15,540.2796631,4.677625803,10.13309351,0.8888888889,-0.1111111111,22.84882857,-106.0612201,30.58163795,-117.2420978,-42.39449619,-4.543407017,48.80937071,-25.96054214,1.74,0.18,15.23,-8.56,3338.916,7177.688,788.823,307.141,2348.547,5.33,5.4,-7,2024-08-14,1,False,2024-08-14,1,False,2024-08-14,1,False,2024-08-15,0,False,2024-08-14,1,False,2024-08-14,1,False,2024-08-15,0,False,2024-08-14,1,False,2024-08-15,0,False
2024-08-22,2024-08-22 18:00:00-04:00,2024-08-22,543.3568726,5.323496438,10.00523342,0.7777777778,0,115.4583576,-21.83143491,-45.37118058,-84.1806659,-90.90751382,-0.895155129,39.53948779,75.9188698,1.69,0.04,17.55,2.32,3359.078,7139.952,734.727,316.777,2346.68,5.31,5.4,-9,2024-08-21,1,False,2024-08-21,1,False,2024-08-21,1,False,2024-08-22,0,False,2024-08-21,1,False,2024-08-21,1,False,2024-08-22,0,False,2024-08-21,1,False,2024-08-22,0,False
2024-08-29,2024-08-29 18:00:00-04:00,2024-08-29,545.437561,6.010943158,9.732722701,0.8888888889,0,92.30341451,-200.5897875,-135.0219011,48.12916989,-76.83198087,0.625488358,9.435262025,82.86815249,1.71,0.03,15.65,-1.9,3244.959,7123.238,757.077,383.434,2347.142,5.35,5.4,-5,2024-08-28,1,False,2024-08-28,1,False,2024-08-28,1,False,2024-08-29,0,False,2024-08-28,1,False,2024-08-28,1,False,2024-08-29,0,False,2024-08-28,1,False,2024-08-29,0,False
2024-09-05,2024-09-05 18:00:00-04:00,2024-09-05,536.8997192,2.935280849,7.543790298,0.7777777778,0.5555555556,-150.9521054,-266.1829266,-19.77072316,-16.81891211,-87.36831132,6.657602182,-57.43627823,-93.51582717,1.73,-0.07,19.9,4.25,3264.604,7112.567,771.047,291.091,2353.637,5.35,5.4,-5,2024-09-04,1,False,2024-09-04,1,False,2024-09-04,1,False,2024-09-05,0,False,2024-09-04,1,False,2024-09-04,1,False,2024-09-05,0,False,2024-09-04,1,False,2024-09-05,0,False
2024-09-12,2024-09-12 18:00:00-04:00,2024-09-12,546.1605225,2.521231383,8.862160585,0.8888888889,0.3333333333,29.01352079,-102.3436645,-88.11472441,-17.66167602,-87.3359221,7.264177546,11.17630078,17.83722001,1.75,0.01,17.07,-2.83,3359.741,7115.001,725.577,294.464,2353.761,5.32,5.4,-8,2024-09-11,1,False,2024-09-11,1,False,2024-09-11,1,False,2024-09-12,0,False,2024-09-11,1,False,2024-09-11,1,False,2024-09-12,0,False,2024-09-11,1,False,2024-09-12,0,False
2024-09-19,2024-09-19 18:00:00-04:00,2024-09-19,557.7755127,4.79966881,10.56984458,0.8888888889,0,-199.2394347,-205.9195245,146.5990248,-7.002848198,-43.15855345,5.088269501,-187.8429995,-11.39643516,1.67,-0.02,16.33,-0.74,3216.822,7109.137,839.398,311.777,2350.313,5.33,4.9,43,2024-09-18,1,False,2024-09-18,1,False,2024-09-18,1,False,2024-09-19,0,False,2024-09-18,1,False,2024-09-18,1,False,2024-09-19,0,False,2024-09-18,1,False,2024-09-19,0,False
2024-09-26,2024-09-26 18:00:00-04:00,2024-09-26,560.7798462,4.561917468,10.52607386,0.8888888889,0.1111111111,-145.1502814,-176.0850917,30.6503868,58.23475223,-60.61709576,3.050578964,-152.5528138,7.402532388,1.65,-0.06,15.37,-0.96,3141.565,7080.059,778.91,424.916,2349.315,4.84,4.9,-6,2024-09-25,1,False,2024-09-25,1,False,2024-09-25,1,False,2024-09-26,0,False,2024-09-25,1,False,2024-09-25,1,False,2024-09-26,0,False,2024-09-25,1,False,2024-09-26,0,False
2024-10-03,2024-10-03 18:00:00-04:00,2024-10-03,556.3900757,1.468279388,9.090021334,0.8888888889,0.1111111111,-235.3496283,-237.4237726,73.62320805,70.51884362,-92.29016753,-3.977466926,-232.4547523,-2.894876069,1.64,-0.09,20.49,5.12,3097.21,7046.925,823.412,341.248,2350.808,4.92,4.9,2,2024-10-02,1,False,2024-10-02,1,False,2024-10-02,1,False,2024-10-03,0,False,2024-10-02,1,False,2024-10-02,1,False,2024-10-03,0,False,2024-10-02,1,False,2024-10-03,0,False
2024-10-10,2024-10-10 18:00:00-04:00,2024-10-10,564.5327759,3.762916789,10.12812,0.7777777778,-0.1111111111,-228.666166,-199.3347526,86.88403557,39.52634722,-95.7990027,-0.2445537253,-221.9648318,-6.701334265,1.54,-0.21,20.93,0.44,3197.045,7046.84,787.395,322.587,2353.587,4.83,4.9,-7,2024-10-09,1,False,2024-10-09,1,False,2024-10-09,1,False,2024-10-10,0,False,2024-10-09,1,False,2024-10-09,1,False,2024-10-10,0,False,2024-10-09,1,False,2024-10-10,0,False
2024-10-17,2024-10-17 18:00:00-04:00,2024-10-17,570.6274414,7.927533598,10.73104034,0.8888888889,0,16.90219221,-129.8623646,-34.66946832,-69.72294949,-98.25805861,10.34021429,-4.205855085,21.10804729,1.51,-0.16,19.11,-1.82,3228.838,7039.284,814.751,262.21,2357.664,4.86,4.9,-4,2024-10-16,1,False,2024-10-16,1,False,2024-10-16,1,False,2024-10-17,0,False,2024-10-16,1,False,2024-10-16,1,False,2024-10-17,0,False,2024-10-16,1,False,2024-10-17,0,False
2024-10-24,2024-10-24 18:00:00-04:00,2024-10-24,567.5802002,5.484069402,9.537501239,0.7777777778,-0.1111111111,122.7348529,-65.81541346,54.37807792,-313.7233743,-71.54036428,8.499929167,179.305003,-56.57015005,1.54,-0.11,19.08,-0.03,3228.462,7029.408,817.41,202.798,2355.333,4.83,4.9,-7,2024-10-23,1,False,2024-10-23,1,False,2024-10-23,1,False,2024-10-24,0,False,2024-10-23,1,False,2024-10-23,1,False,2024-10-24,0,False,2024-10-23,1,False,2024-10-24,0,False
2024-10-31,2024-10-31 18:00:00-04:00,2024-10-31,557.1934814,9.972644945,6.991050971,0.4444444444,-0.4444444444,168.277653,51.67453264,33.66716688,-198.6256417,-47.44622655,4.98373404,112.5285142,55.74913881,1.44,-0.2,23.16,4.08,3215.794,7013.49,847.137,201.278,2354.32,4.81,4.9,-9,2024-10-30,1,False,2024-10-30,1,False,2024-10-30,1,False,2024-10-31,0,False,2024-10-30,1,False,2024-10-30,1,False,2024-10-31,0,False,2024-10-30,1,False,2024-10-31,0,False
2024-11-07,2024-11-07 18:00:00-05:00,2024-11-07,583.6206055,9.873459902,11.52611764,0.6666666667,-0.1111111111,82.9974854,-163.5955567,74.97261184,-232.1395122,-74.55966078,5.504594967,77.10264459,5.894840808,1.4,-0.14,15.2,-7.96,3255.532,6994.299,840.227,159.002,2357.466,4.81,4.9,-9,2024-11-06,1,False,2024-11-06,1,False,2024-11-06,1,False,2024-11-07,0,False,2024-11-06,1,False,2024-11-06,1,False,2024-11-07,0,False,2024-11-06,1,False,2024-11-07,0,False
2024-11-14,2024-11-14 18:00:00-05:00,2024-11-14,581.4061279,6.162827333,10.51657535,0.5555555556,-0.3333333333,-52.2638382,-204.61742,-8.373010664,-67.76399418,-102.5331554,4.651041214,-31.04719173,-21.21664647,1.41,-0.1,14.31,-0.89,3192.048,6967.108,808.857,214.509,2360.938,4.59,4.65,-6,2024-11-13,1,False,2024-11-13,1,False,2024-11-13,1,False,2024-11-14,0,False,2024-11-13,1,False,2024-11-13,1,False,2024-11-14,0,False,2024-11-13,1,False,2024-11-14,0,False
2024-11-21,2024-11-21 18:00:00-05:00,2024-11-21,581.7196045,6.661451601,10.060342,0.6666666667,-0.1111111111,55.27777019,-128.5148696,-113.2044121,-20.24494808,-150.3355617,4.060085856,-20.94628737,76.22405756,1.43,-0.11,16.87,2.56,3267.319,6923.731,737.834,188.567,2358.187,4.56,4.65,-9,2024-11-20,1,False,2024-11-20,1,False,2024-11-20,1,False,2024-11-21,0,False,2024-11-20,1,False,2024-11-20,1,False,2024-11-21,0,False,2024-11-20,1,False,2024-11-21,0,False
2024-11-28,2024-11-28 18:00:00-05:00,2024-11-27,586.7758179,9.023811938,10.58993459,0.7777777778,0.1111111111,73.46556422,31.39021889,-155.8468038,-44.8606899,-127.9805061,5.513660104,67.21332746,6.252236761,1.43,-0.01,13.9,-2.97,3267.319,6923.731,811.242,169.815,2358.187,4.58,4.65,-7,2024-11-20,8,False,2024-11-20,8,False,2024-11-26,2,False,2024-11-27,1,False,2024-11-20,8,False,2024-11-26,2,False,2024-11-28,0,False,2024-11-26,2,False,2024-11-28,0,False
2024-12-05,2024-12-05 18:00:00-05:00,2024-12-05,594.4481201,9.758091154,11.46608891,0.7777777778,0.1111111111,-56.30728683,-68.12589604,-36.0522191,-38.65719781,-140.7889483,8.132337494,-74.21186884,17.904582,1.39,-0.01,13.54,-0.36,3216.149,6895.827,815.011,131.964,2363.154,4.59,4.65,-6,2024-12-04,1,False,2024-12-04,1,False,2024-12-04,1,False,2024-12-05,0,False,2024-12-04,1,False,2024-12-04,1,False,2024-12-05,0,False,2024-12-04,1,False,2024-12-05,0,False
2024-12-12,2024-12-12 18:00:00-05:00,2024-12-12,592.1651611,7.97713635,10.51389349,0.4444444444,-0.1111111111,117.3471116,-120.7814307,-139.9475938,-71.02516568,-99.93099002,-0.1191312091,111.1609006,6.186210979,1.42,0.01,13.92,0.38,3273.805,6897.485,711.354,165.025,2360.855,4.62,4.65,-3,2024-12-11,1,False,2024-12-11,1,False,2024-12-11,1,False,2024-12-12,0,False,2024-12-11,1,False,2024-12-11,1,False,2024-12-12,0,False,2024-12-11,1,False,2024-12-12,0,False
2024-12-19,2024-12-19 18:00:00-05:00,2024-12-19,574.302002,2.817353115,6.729940845,0.1111111111,-0.5555555556,-43.12703656,29.02883993,95.52797473,-109.9840534,-49.68275053,-0.2975274458,-34.92914442,-8.197892148,1.37,-0.06,24.09,10.17,3237.459,6889.332,803.975,112.417,2357.981,4.57,4.4,17,2024-12-18,1,False,2024-12-18,1,False,2024-12-18,1,False,2024-12-19,0,False,2024-12-18,1,False,2024-12-18,1,False,2024-12-19,0,False,2024-12-18,1,False,2024-12-19,0,False
2024-12-26,2024-12-26 18:00:00-05:00,2024-12-26,591.2185059,6.110231897,9.513665738,0.3333333333,-0.4444444444,-70.54433513,108.6304507,-4.03684083,39.00064864,-54.54862414,7.610058796,-97.12249075,26.57815562,1.39,-0.04,14.73,-9.36,3218.476,6885.963,735.039,196.818,2363.456,4.4,4.4,0,2024-12-25,1,False,2024-12-25,1,False,2024-12-24,2,False,2024-12-26,0,False,2024-12-25,1,False,2024-12-24,2,False,2024-12-26,0,False,2024-12-24,2,False,2024-12-26,0,False
2025-01-02,2025-01-02 18:00:00-05:00,2025-01-02,574.7995605,3.312386396,6.159882564,0.1111111111,-0.6666666667,-469.5448421,-290.6955871,-135.0367403,156.4627419,-62.84380394,11.68532795,-95.95513345,-373.5897087,1.42,0.03,17.93,3.2,2892.359,6852.491,721.892,239.858,2371.212,4.49,4.4,9,2025-01-01,1,False,2025-01-01,1,False,2024-12-31,2,False,2025-01-02,0,False,2025-01-01,1,False,2024-12-31,2,False,2025-01-02,0,False,2024-12-31,2,False,2025-01-02,0,False
2025-01-09,2025-01-09 18:00:00-05:00,2025-01-08,579.5678101,2.052158201,6.744180427,0.1111111111,-0.4444444444,85.0019971,192.1286704,-131.675531,4.639372177,-63.69133097,13.65135263,49.69347523,35.30852187,1.48,0.06,18.07,0.14,3332.435,6853.554,620.531,168.225,2370.271,4.29,4.4,-11,2025-01-08,1,False,2025-01-08,1,False,2025-01-08,1,False,2025-01-09,0,False,2025-01-08,1,False,2025-01-08,1,False,2025-01-09,0,False,2025-01-08,1,False,2025-01-09,0,False
2025-01-16,2025-01-16 18:00:00-05:00,2025-01-16,581.6817627,1.546628967,6.798449969,0.4444444444,0,176.4786484,184.9662551,-221.7747671,-26.02284227,-80.21387269,2.471937773,165.1117989,11.3668495,1.44,0.07,16.6,-1.47,3359.041,6834.07,651.187,94.489,2359.684,4.28,4.4,-12,2025-01-15,1,False,2025-01-15,1,False,2025-01-15,1,False,2025-01-16,0,False,2025-01-15,1,False,2025-01-15,1,False,2025-01-16,0,False,2025-01-15,1,False,2025-01-16,0,False
2025-01-23,2025-01-23 18:00:00-05:00,2025-01-23,599.4869385,5.62153829,9.704212336,0.8888888889,0.6666666667,163.6953321,146.1488649,-101.0083847,-94.08560575,-78.71520657,-14.92601688,131.3048008,32.39053129,1.43,0.04,15.02,-1.58,3331.196,6831.76,665.485,132.031,2353.178,4.3,4.4,-10,2025-01-22,1,False,2025-01-22,1,False,2025-01-22,1,False,2025-01-23,0,False,2025-01-22,1,False,2025-01-22,1,False,2025-01-23,0,False,2025-01-22,1,False,2025-01-23,0,False
2025-01-30,2025-01-30 18:00:00-05:00,2025-01-30,594.8562012,6.759361152,8.40580054,0.8888888889,0.6666666667,449.9020867,-21.58697025,130.838552,-166.2067123,-50.06208691,-31.85556902,17.16164239,432.7404443,1.45,0.03,15.84,0.82,3200.654,6818.186,811.549,125.965,2349.383,4.35,4.4,-5,2025-01-29,1,False,2025-01-29,1,False,2025-01-29,1,False,2025-01-30,0,False,2025-01-29,1,False,2025-01-29,1,False,2025-01-30,0,False,2025-01-29,1,False,2025-01-30,0,False
2025-02-06,2025-02-06 18:00:00-05:00,2025-02-06,596.114563,2.140767033,8.11913067,0.6666666667,0.5555555556,-144.6067252,-31.74585473,288.0578456,-128.7536364,-62.18525454,-31.80101886,-189.6884449,45.08171965,1.45,-0.03,15.5,-0.34,3233.328,6810.935,817.953,79.983,2348.476,4.33,4.4,-7,2025-02-05,1,False,2025-02-05,1,False,2025-02-05,1,False,2025-02-06,0,False,2025-02-05,1,False,2025-02-05,1,False,2025-02-06,0,False,2025-02-05,1,False,2025-02-06,0,False
2025-02-13,2025-02-13 18:00:00-05:00,2025-02-13,599.4672241,3.106450951,8.219970902,0.8888888889,0.5555555556,-151.6431643,90.94017202,231.1463008,-39.02359794,-30.08017184,-15.33932196,-206.8635528,55.22038844,1.45,0.01,15.1,-0.4,3255.407,6813.513,809.154,67.82,2349.201,4.32,4.4,-8,2025-02-12,1,False,2025-02-12,1,False,2025-02-12,1,False,2025-02-13,0,False,2025-02-12,1,False,2025-02-12,1,False,2025-02-13,0,False,2025-02-12,1,False,2025-02-13,0,False
2025-02-20,2025-02-20 18:00:00-05:00,2025-02-20,600.1062012,3.714524141,7.907802667,0.8888888889,0.1111111111,-80.58684731,12.74168508,107.5169502,-100.7412438,-72.35031676,-1.452041641,-77.67398152,-2.912865792,1.46,0.03,15.66,0.56,3276.141,6782.332,738.938,63.207,2352.186,4.35,4.4,-5,2025-02-19,1,False,2025-02-19,1,False,2025-02-19,1,False,2025-02-20,0,False,2025-02-19,1,False,2025-02-19,1,False,2025-02-20,0,False,2025-02-19,1,False,2025-02-20,0,False
2025-02-27,2025-02-27 18:00:00-05:00,2025-02-27,575.2026367,-1.972334374,3.053199676,0.6666666667,0.2222222222,264.1479713,163.8365211,-356.3983147,82.40168279,-76.39128648,6.047062958,191.5582825,72.58968881,1.51,0.06,21.13,5.47,3380.755,6766.101,568.55,182.148,2353.506,4.33,4.4,-7,2025-02-26,1,False,2025-02-26,1,False,2025-02-26,1,False,2025-02-27,0,False,2025-02-26,1,False,2025-02-26,1,False,2025-02-27,0,False,2025-02-26,1,False,2025-02-27,0,False
2025-03-06,2025-03-06 18:00:00-05:00,2025-03-06,563.0702515,-5.278487321,0.6029108116,0.3333333333,-0.4444444444,217.0715181,239.311398,-433.3252336,72.3630456,-79.53533546,14.75274687,266.6741057,-49.6025876,1.57,0.12,24.87,3.74,3381.174,6756.764,522.818,129.269,2358.524,4.34,4.4,-6,2025-03-05,1,False,2025-03-05,1,False,2025-03-05,1,False,2025-03-06,0,False,2025-03-05,1,False,2025-03-05,1,False,2025-03-06,0,False,2025-03-05,1,False,2025-03-06,0,False
2025-03-13,2025-03-13 18:00:00-04:00,2025-03-13,542.1386719,-8.448063571,-3.291026831,0,-0.8888888889,299.8159686,269.4924309,-526.0737009,66.94784321,-79.1691452,22.01654271,357.9401698,-58.12420113,1.65,0.2,24.66,-0.21,3459.687,6759.571,450.713,113.435,2364.202,4.31,4.4,-9,2025-03-12,1,False,2025-03-12,1,False,2025-03-12,1,False,2025-03-13,0,False,2025-03-12,1,False,2025-03-12,1,False,2025-03-13,0,False,2025-03-12,1,False,2025-03-13,0,False
2025-03-20,2025-03-20 18:00:00-04:00,2025-03-20,555.9718018,-3.191735382,-1.008799739,0.3333333333,-0.5555555556,220.5318171,273.2543591,-476.442321,190.8384904,-38.85094389,21.58402154,225.1688652,-4.637048142,1.64,0.18,19.8,-4.86,3425.713,6755.982,415.799,192.64,2366.825,4.29,4.4,-11,2025-03-19,1,False,2025-03-19,1,False,2025-03-19,1,False,2025-03-20,0,False,2025-03-19,1,False,2025-03-19,1,False,2025-03-20,0,False,2025-03-19,1,False,2025-03-20,0,False
2025-03-27,2025-03-27 18:00:00-04:00,2025-03-27,559.2122803,-4.407339389,-0.6264490998,0.2222222222,-0.4444444444,103.1539435,337.024756,-373.3021425,162.0386689,-38.20220833,23.96505757,149.0962077,-45.94226424,1.66,0.15,18.69,-1.11,3450.55,6740.253,315.97,291.785,2369.721,4.35,4.4,-5,2025-03-26,1,False,2025-03-26,1,False,2025-03-26,1,False,2025-03-27,0,False,2025-03-26,1,False,2025-03-26,1,False,2025-03-27,0,False,2025-03-26,1,False,2025-03-27,0,False
2025-04-03,2025-04-03 18:00:00-04:00,2025-04-03,529.2538452,-9.58166127,-6.042317505,0.2222222222,-0.1111111111,67.89492722,780.2855925,-327.3667691,99.15397371,-49.30170715,23.04949529,155.8615929,-87.9666657,1.73,0.16,30.02,11.33,3427.049,6723.452,301.624,196.265,2374.098,4.37,4.4,-3,2025-04-02,1,False,2025-04-02,1,False,2025-04-02,1,False,2025-04-03,0,False,2025-04-02,1,False,2025-04-02,1,False,2025-04-03,0,False,2025-04-02,1,False,2025-04-03,0,False
2025-04-10,2025-04-10 18:00:00-04:00,2025-04-10,517.3019409,-9.624325913,-8.067834128,0,0,36.47864635,221.6514235,-200.4920135,24.43202387,-47.56958689,19.29264446,109.1977583,-72.71911191,2.02,0.37,40.72,10.7,3484.345,6727.416,315.189,129.95,2377.243,4.42,4.4,2,2025-04-09,1,False,2025-04-09,1,False,2025-04-09,1,False,2025-04-10,0,False,2025-04-09,1,False,2025-04-09,1,False,2025-04-10,0,False,2025-04-09,1,False,2025-04-10,0,False
2025-04-17,2025-04-17 18:00:00-04:00,2025-04-17,519.1065063,-12.93558103,-7.716446888,0.2222222222,-0.1111111111,-214.4292273,-114.4208356,330.0541653,-198.4019496,-42.73101971,14.99707963,-189.3803151,-25.04891221,1.92,0.28,29.65,-11.07,3280.845,6727.113,638.783,58.6,2376.957,4.31,4.4,-9,2025-04-16,1,False,2025-04-16,1,False,2025-04-16,1,False,2025-04-17,0,False,2025-04-16,1,False,2025-04-16,1,False,2025-04-17,0,False,2025-04-16,1,False,2025-04-17,0,False
2025-04-24,2025-04-24 18:00:00-04:00,2025-04-24,539.1051636,-9.294242437,-4.105385964,0.2222222222,0,-358.4954452,-178.989016,386.0226018,-240.0221475,-19.76632034,11.6776032,-177.4443778,-181.0510674,1.86,0.2,26.47,-3.18,3208.915,6726.93,576.159,130.004,2377.592,4.28,4.4,-12,2025-04-23,1,False,2025-04-23,1,False,2025-04-23,1,False,2025-04-24,0,False,2025-04-23,1,False,2025-04-23,1,False,2025-04-24,0,False,2025-04-23,1,False,2025-04-24,0,False
2025-05-01,2025-05-01 18:00:00-04:00,2025-05-01,550.7216797,-6.917834137,-2.038987876,0.5555555556,0.2222222222,-634.7513152,-293.8860864,559.285617,-57.87503205,-21.0829199,8.395984682,-530.8894895,-103.8618257,1.96,0.23,24.6,-1.87,3000.277,6709.277,677.657,157.353,2379.743,4.41,4.4,1,2025-04-30,1,False,2025-04-30,1,False,2025-04-30,1,False,2025-05-01,0,False,2025-04-30,1,False,2025-04-30,1,False,2025-05-01,0,False,2025-04-30,1,False,2025-05-01,0,False
2025-05-08,2025-05-08 18:00:00-04:00,2025-05-08,557.2202759,-6.36866605,-0.9379813125,0.7777777778,0.7777777778,-421.7458828,-48.02424337,417.2047633,14.59401351,-24.56663896,7.641864276,-464.0072801,42.26139724,1.95,-0.07,22.48,-2.12,3200.619,6710.889,595.86,139.768,2382.384,4.3,4.4,-10,2025-05-07,1,False,2025-05-07,1,False,2025-05-07,1,False,2025-05-08,0,False,2025-05-07,1,False,2025-05-07,1,False,2025-05-08,0,False,2025-05-07,1,False,2025-05-08,0,False
2025-05-15,2025-05-15 18:00:00-04:00,2025-05-15,582.2678833,-3.376204534,3.320107112,0.8888888889,0.8888888889,-67.08672799,-28.90139052,-113.495938,75.56882128,-20.57792102,9.316032004,8.033163706,-75.1198917,1.8,-0.12,17.83,-4.65,3235.715,6713.27,562.433,109.436,2383.224,4.29,4.4,-11,2025-05-14,1,False,2025-05-14,1,False,2025-05-14,1,False,2025-05-15,0,False,2025-05-14,1,False,2025-05-14,1,False,2025-05-15,0,False,2025-05-14,1,False,2025-05-15,0,False
2025-05-22,2025-05-22 18:00:00-04:00,2025-05-22,575.0001831,-1.630815791,1.774982302,0.7777777778,0.5555555556,111.2691822,11.24097139,-149.0620536,63.94298737,-56.79262308,8.981808938,19.34463418,91.92454805,1.85,-0.01,20.28,2.45,3283.765,6688.726,475.886,173.018,2383.634,4.26,4.4,-14,2025-05-21,1,False,2025-05-21,1,False,2025-05-21,1,False,2025-05-22,0,False,2025-05-21,1,False,2025-05-21,1,False,2025-05-22,0,False,2025-05-21,1,False,2025-05-22,0,False
2025-05-29,2025-05-29 18:00:00-04:00,2025-05-29,581.8635864,2.594220761,2.753658711,0.7777777778,0.2222222222,437.8072332,-128.1993869,-359.2488431,12.38136389,-53.70623392,14.10137039,279.0598749,158.7473583,1.83,-0.13,19.18,-1.1,3294.014,6673.244,436.627,165.66,2389.204,4.33,4.4,-7,2025-05-28,1,False,2025-05-28,1,False,2025-05-28,1,False,2025-05-29,0,False,2025-05-28,1,False,2025-05-28,1,False,2025-05-29,0,False,2025-05-28,1,False,2025-05-29,0,False
2025-06-05,2025-06-05 18:00:00-04:00,2025-06-05,584.8219604,6.999943941,3.037166373,0.7777777778,0.1111111111,240.3839491,-28.46924948,-327.3783846,19.31040731,-56.63035106,11.93433538,239.5032908,0.8806582854,1.8,-0.15,18.48,-0.7,3361.938,6672.885,376.16,152.727,2390.393,4.28,4.4,-12,2025-06-04,1,False,2025-06-04,1,False,2025-06-04,1,False,2025-06-05,0,False,2025-06-04,1,False,2025-06-04,1,False,2025-06-05,0,False,2025-06-04,1,False,2025-06-05,0,False
2025-06-12,2025-06-12 18:00:00-04:00,2025-06-12,595.3734741,7.94021139,4.681601275,1,0.2222222222,288.9203026,-44.39926735,-425.1400584,107.2219649,-53.79643601,8.591938057,255.5297195,33.39058313,1.74,-0.06,18.02,-0.46,3429.675,6677.155,277.025,181.417,2388.992,4.28,4.4,-12,2025-06-11,1,False,2025-06-11,1,False,2025-06-11,1,False,2025-06-12,0,False,2025-06-11,1,False,2025-06-11,1,False,2025-06-12,0,False,2025-06-11,1,False,2025-06-12,0,False
2025-06-19,2025-06-19 18:00:00-04:00,2025-06-18,589.151001,4.069106203,3.429134246,0.7777777778,0,218.143186,5.864432439,-297.3077384,47.88953831,-17.29925848,8.010494076,224.1084476,-5.965261546,1.74,-0.11,22.17,4.15,3429.675,6677.155,409.139,205.05,2388.992,4.31,4.4,-9,2025-06-11,8,False,2025-06-11,8,False,2025-06-17,2,False,2025-06-18,1,False,2025-06-11,8,False,2025-06-17,2,False,2025-06-19,0,False,2025-06-17,2,False,2025-06-19,0,False
2025-06-26,2025-06-26 18:00:00-04:00,2025-06-26,605.1646118,9.705009654,5.966796722,0.8888888889,0.1111111111,79.81125821,-153.2227351,-152.921128,130.0297127,-16.54967209,7.070024714,-0.7282814775,80.53953969,1.79,-0.04,16.59,-5.58,3347.274,6662.2,334.579,252.432,2393.922,4.36,4.4,-4,2025-06-25,1,False,2025-06-25,1,False,2025-06-25,1,False,2025-06-26,0,False,2025-06-25,1,False,2025-06-25,1,False,2025-06-26,0,False,2025-06-25,1,False,2025-06-26,0,False
2025-07-03,2025-07-03 18:00:00-04:00,2025-07-03,618.4869995,24.34844568,7.96344966,1,0.2222222222,-158.0066193,-253.6598759,-5.886509358,92.82042175,-19.91192715,8.525547795,-115.3713873,-42.63523199,1.7,-0.1,16.38,-0.21,3256.502,6659.598,372.232,214.665,2396.082,4.4,4.4,0,2025-07-02,1,False,2025-07-02,1,False,2025-07-02,1,False,2025-07-03,0,False,2025-07-02,1,False,2025-07-02,1,False,2025-07-03,0,False,2025-07-02,1,False,2025-07-03,0,False
2025-07-10,2025-07-10 18:00:00-04:00,2025-07-10,618.961731,17.55442782,7.803997645,1,0,-131.3074206,-211.5908991,50.95433609,2.878471445,-22.82858493,20.20920587,-96.87059833,-34.43682227,1.73,-0.01,15.78,-0.6,3341.999,6661.912,311.048,183.339,2402.486,4.32,4.4,-8,2025-07-09,1,False,2025-07-09,1,False,2025-07-09,1,False,2025-07-10,0,False,2025-07-09,1,False,2025-07-09,1,False,2025-07-10,0,False,2025-07-09,1,False,2025-07-10,0,False
2025-07-17,2025-07-17 18:00:00-04:00,2025-07-17,621.1573486,22.5765959,7.909705652,0.8888888889,0.1111111111,-81.82976133,140.0169731,52.50739274,-17.05816324,-26.780867,16.82303316,-79.05312966,-2.776631664,1.73,-0.01,16.52,0.74,3375.036,6659.273,312.085,193.66,2400.225,4.34,4.4,-6,2025-07-16,1,False,2025-07-16,1,False,2025-07-16,1,False,2025-07-17,0,False,2025-07-16,1,False,2025-07-16,1,False,2025-07-17,0,False,2025-07-16,1,False,2025-07-17,0,False
2025-07-24,2025-07-24 18:00:00-04:00,2025-07-24,627.4674072,15.51157259,8.697991832,1,0.2222222222,16.67317102,222.1919955,-1.562546906,-180.4899283,-6.732010447,6.29371679,169.0267479,-152.3535769,1.71,-0.08,15.39,-1.13,3358.382,6657.715,333.538,132.186,2398.115,4.28,4.4,-12,2025-07-23,1,False,2025-07-23,1,False,2025-07-23,1,False,2025-07-24,0,False,2025-07-23,1,False,2025-07-23,1,False,2025-07-24,0,False,2025-07-23,1,False,2025-07-24,0,False
2025-07-31,2025-07-31 18:00:00-04:00,2025-07-31,625.1531982,12.49997941,7.986997435,0.6666666667,-0.3333333333,64.85977081,446.276104,70.89617121,-0.3303502704,-25.55709819,5.012314557,-101.1352337,165.9950045,1.69,-0.01,16.72,1.33,3299.696,6642.578,419.446,214.445,2399.42,4.32,4.4,-8,2025-07-30,1,False,2025-07-30,1,False,2025-07-30,1,False,2025-07-31,0,False,2025-07-30,1,False,2025-07-30,1,False,2025-07-31,0,False,2025-07-30,1,False,2025-07-31,0,False
2025-08-07,2025-08-07 18:00:00-04:00,2025-08-07,625.321228,8.770141202,7.772495293,0.5555555556,-0.4444444444,-17.45294744,193.3469619,230.0645821,-158.1798138,-31.6260557,-0.5208714855,-102.9899524,85.53700499,1.75,0.02,16.57,-0.15,3330.372,6640.843,464.315,77.961,2402.139,4.34,4.4,-6,2025-08-06,1,False,2025-08-06,1,False,2025-08-06,1,False,2025-08-07,0,False,2025-08-06,1,False,2025-08-06,1,False,2025-08-07,0,False,2025-08-06,1,False,2025-08-07,0,False
2025-08-14,2025-08-14 18:00:00-04:00,2025-08-14,637.8820801,8.742827343,9.634734564,0.8888888889,0,-70.11275855,137.9819373,305.4147202,-247.5375315,-23.51307718,4.98252587,-86.37279174,16.26003319,1.71,-0.02,14.83,-1.74,3328.346,6643.615,515.469,28.818,2403.543,4.33,4.4,-7,2025-08-13,1,False,2025-08-13,1,False,2025-08-13,1,False,2025-08-14,0,False,2025-08-13,1,False,2025-08-13,1,False,2025-08-14,0,False,2025-08-13,1,False,2025-08-14,0,False
2025-08-21,2025-08-21 18:00:00-04:00,2025-08-21,628.585083,7.828603964,7.728518707,1,0,-91.24301656,20.73638537,289.1757908,-160.4574542,-59.02926154,7.139086008,-194.8866841,103.6436675,1.73,0.02,16.6,1.77,3297.635,6618.415,526.063,25.358,2402.868,4.31,4.4,-9,2025-08-20,1,False,2025-08-20,1,False,2025-08-20,1,False,2025-08-21,0,False,2025-08-20,1,False,2025-08-20,1,False,2025-08-21,0,False,2025-08-20,1,False,2025-08-21,0,False
2025-08-28,2025-08-28 18:00:00-04:00,2025-08-28,641.8085327,9.184578831,9.668342419,0.8888888889,0.2222222222,-124.7181441,-115.630419,265.4872852,-274.7111137,-59.00419988,7.185463234,-56.96583465,-67.75230942,1.77,0.08,14.43,-2.17,3216.851,6603.384,595.798,31.966,2404.193,4.36,4.4,-4,2025-08-27,1,False,2025-08-27,1,False,2025-08-27,1,False,2025-08-28,0,False,2025-08-27,1,False,2025-08-27,1,False,2025-08-28,0,False,2025-08-27,1,False,2025-08-28,0,False
2025-09-04,2025-09-04 18:00:00-04:00,2025-09-04,642.0063477,8.564387777,9.508457484,0.7777777778,0.1111111111,-244.6481569,-290.7782766,297.5887248,-87.08683521,-58.38415394,12.50443656,-281.3904801,36.74232323,1.78,0.03,15.3,0.87,3167.905,6602.071,661.939,20.128,2410.443,4.39,4.4,-1,2025-09-03,1,False,2025-09-03,1,False,2025-09-03,1,False,2025-09-04,0,False,2025-09-03,1,False,2025-09-03,1,False,2025-09-04,0,False,2025-09-03,1,False,2025-09-04,0,False
2025-09-11,2025-09-11 18:00:00-04:00,2025-09-11,650.4231567,9.44019253,10.63102294,0.8888888889,0.1111111111,-267.0729716,-417.4861899,228.9657062,-2.891498077,-56.67546961,11.90014774,-294.6498254,27.57685387,1.75,0.04,14.71,-0.59,3150.913,6605.962,667.585,26.897,2411.449,4.39,4.4,-1,2025-09-10,1,False,2025-09-10,1,False,2025-09-10,1,False,2025-09-11,0,False,2025-09-10,1,False,2025-09-10,1,False,2025-09-11,0,False,2025-09-10,1,False,2025-09-11,0,False
2025-09-18,2025-09-18 18:00:00-04:00,2025-09-18,655.0024414,9.143358336,11.09103651,0.7777777778,-0.1111111111,-418.9568046,-613.0200662,424.6923168,-17.60391272,-14.83436744,10.0008839,-431.9236554,12.96685082,1.7,-0.03,15.7,0.99,3020.352,6608.597,807.142,13.707,2409.487,4.38,4.15,23,2025-09-17,1,False,2025-09-17,1,False,2025-09-17,1,False,2025-09-18,0,False,2025-09-17,1,False,2025-09-17,1,False,2025-09-18,0,False,2025-09-17,1,False,2025-09-18,0,False
2025-09-25,2025-09-25 18:00:00-04:00,2025-09-25,652.6429443,6.836296778,10.3892855,0.5555555556,-0.3333333333,-328.8601723,-521.7225541,245.5892312,-9.99033223,7.588533394,7.023671499,-235.0340371,-93.82613521,1.68,-0.09,16.74,1.04,2999.692,6608.395,757.97,25.369,2408.831,4.13,4.15,-2,2025-09-24,1,False,2025-09-24,1,False,2025-09-24,1,False,2025-09-25,0,False,2025-09-24,1,False,2025-09-24,1,False,2025-09-25,0,False,2025-09-24,1,False,2025-09-25,0,False
2025-10-02,2025-10-02 18:00:00-04:00,2025-10-02,663.7210693,7.533778081,11.9451042,0.7777777778,0,-285.2301952,-415.8028758,238.4691107,-17.70959446,-22.64743896,0.9224378229,-244.329393,-40.90080219,1.69,-0.09,16.63,-0.11,2979.594,6587.119,819.378,8.436,2411.052,4.2,4.15,5,2025-10-01,1,False,2025-10-01,1,False,2025-10-01,1,False,2025-10-02,0,False,2025-10-01,1,False,2025-10-01,1,False,2025-10-02,0,False,2025-10-01,1,False,2025-10-02,0,False
2025-10-09,2025-10-09 18:00:00-04:00,2025-10-09,665.6452026,7.817884101,11.89302069,0.7777777778,-0.1111111111,-177.2005349,-462.5458877,191.4467567,-33.91027681,-22.92928721,3.914645588,-184.3804127,7.179877813,1.68,-0.07,16.43,-0.2,3033.855,6590.815,794.054,4.496,2414.035,4.12,4.15,-3,2025-10-08,1,False,2025-10-08,1,False,2025-10-08,1,False,2025-10-09,0,False,2025-10-08,1,False,2025-10-08,1,False,2025-10-09,0,False,2025-10-08,1,False,2025-10-09,0,False
2025-10-16,2025-10-16 18:00:00-04:00,2025-10-16,655.211731,4.456202496,9.821956796,0.3333333333,-0.4444444444,-48.64875253,-580.8952419,67.80561744,-10.20942872,-18.3745506,13.29783008,-89.26856941,40.61981688,1.68,-0.02,25.31,8.88,2988.202,6596.454,851.952,6.96,2418.275,4.29,4.15,14,2025-10-15,1,False,2025-10-15,1,False,2025-10-15,1,False,2025-10-16,0,False,2025-10-15,1,False,2025-10-15,1,False,2025-10-16,0,False,2025-10-15,1,False,2025-10-16,0,False
2025-10-23,2025-10-23 18:00:00-04:00,2025-10-23,666.2402954,6.172564639,11.2765857,0.6666666667,0.1111111111,-106.009099,-643.9822071,222.6017059,-27.8857423,-28.54248271,13.25132653,-236.5097728,130.5006738,1.69,0.01,17.3,-8.01,2929.637,6589.533,905.074,6.941,2417.588,4.21,4.15,6,2025-10-22,1,False,2025-10-22,1,False,2025-10-22,1,False,2025-10-23,0,False,2025-10-22,1,False,2025-10-22,1,False,2025-10-23,0,False,2025-10-22,1,False,2025-10-23,0,False
2025-10-30,2025-10-30 18:00:00-04:00,2025-10-30,674.2440186,7.733308419,12.13048268,0.4444444444,-0.3333333333,-230.275178,-710.2468349,249.7009694,16.28936717,-0.1290397213,9.506432175,-275.6258085,45.35063053,1.61,-0.08,16.91,-0.39,2827.909,6587.034,983.859,19.166,2417.314,4.27,3.9,37,2025-10-29,1,False,2025-10-29,1,False,2025-10-29,1,False,2025-10-30,0,False,2025-10-29,1,False,2025-10-29,1,False,2025-10-30,0,False,2025-10-29,1,False,2025-10-30,0,False
2025-11-06,2025-11-06 18:00:00-05:00,2025-11-06,664.8021851,4.229916128,10.1758873,0.4444444444,-0.3333333333,-276.0386993,-720.4642543,225.5350818,9.495032101,-27.43666754,8.894195938,-271.3609774,-4.677721951,1.7,0.02,19.5,2.59,2851.923,6572.732,942.7,10.754,2419.897,3.91,3.9,1,2025-11-05,1,False,2025-11-05,1,False,2025-11-05,1,False,2025-11-06,0,False,2025-11-05,1,False,2025-11-05,1,False,2025-11-06,0,False,2025-11-05,1,False,2025-11-06,0,False
2025-11-13,2025-11-13 18:00:00-05:00,2025-11-13,666.5180054,5.609261156,10.10402533,0.4444444444,0.1111111111,-158.9672269,-669.8250877,138.2454877,-4.849575241,-24.24332831,6.471658864,-164.1108996,5.143672646,1.75,0.07,20,0.5,2883.34,6580.462,943.145,3.761,2422.544,3.98,3.9,8,2025-11-12,1,False,2025-11-12,1,False,2025-11-12,1,False,2025-11-13,0,False,2025-11-12,1,False,2025-11-12,1,False,2025-11-13,0,False,2025-11-12,1,False,2025-11-13,0,False
2025-11-20,2025-11-20 18:00:00-05:00,2025-11-20,647.168335,1.192199028,6.620802774,0.2222222222,-0.4444444444,-18.37155987,-574.312732,-6.437481988,-0.6388920125,-51.97636919,7.194743543,-52.09473873,33.72317887,1.79,0.1,26.42,6.42,2917.531,6555.283,900.832,6.52,2422.329,3.91,3.9,1,2025-11-19,1,False,2025-11-19,1,False,2025-11-19,1,False,2025-11-20,0,False,2025-11-19,1,False,2025-11-19,1,False,2025-11-20,0,False,2025-11-19,1,False,2025-11-20,0,False
2025-11-27,2025-11-27 18:00:00-05:00,2025-11-26,674.0952148,5.875720286,10.79792521,0.6666666667,0.1111111111,136.0582016,-453.2827411,-126.0461082,-25.73085246,-48.20227131,7.613441801,95.96124751,40.09695411,1.79,0.18,17.21,-9.21,2917.531,6555.283,931.736,2.217,2422.329,4.01,3.9,11,2025-11-19,8,False,2025-11-19,8,False,2025-11-25,2,False,2025-11-26,1,False,2025-11-19,8,False,2025-11-25,2,False,2025-11-27,0,False,2025-11-25,2,False,2025-11-27,0,False
2025-12-04,2025-12-04 18:00:00-05:00,2025-12-04,678.7665405,5.224926349,11.20974353,0.8888888889,0.3333333333,39.92403768,-438.863805,-51.99816454,-12.96416772,-56.21863177,11.98740493,-3.243704444,43.16774212,1.77,0.07,15.78,-1.43,2878.164,6535.781,908.523,2.233,2427.776,3.95,3.9,5,2025-12-03,1,False,2025-12-03,1,False,2025-12-03,1,False,2025-12-04,0,False,2025-12-03,1,False,2025-12-03,1,False,2025-12-04,0,False,2025-12-03,1,False,2025-12-04,0,False
2025-12-11,2025-12-11 18:00:00-05:00,2025-12-11,683.5072632,4.839448962,11.57055911,0.8888888889,0.1111111111,137.4174032,-268.1607917,-208.6753179,-1.347929674,-62.54728011,6.631753211,140.8442143,-3.426811066,1.76,0.01,14.85,-0.93,2973.767,6539.303,805.827,2.874,2426.908,3.9,3.65,25,2025-12-10,1,False,2025-12-10,1,False,2025-12-10,1,False,2025-12-11,0,False,2025-12-10,1,False,2025-12-10,1,False,2025-12-11,0,False,2025-12-10,1,False,2025-12-11,0,False
2025-12-18,2025-12-18 18:00:00-05:00,2025-12-18,670.911499,2.324914189,9.080372303,0.6666666667,0.4444444444,24.59237839,-131.1927479,-60.12707613,7.914227349,2.407218727,5.677863183,48.94220433,-24.34982593,1.78,-0.01,16.87,2.02,2933.652,6556.861,861.417,11.708,2426.051,3.69,3.65,4,2025-12-17,1,False,2025-12-17,1,False,2025-12-17,1,False,2025-12-18,0,False,2025-12-17,1,False,2025-12-17,1,False,2025-12-18,0,False,2025-12-17,1,False,2025-12-18,0,False
2025-12-25,2025-12-25 18:00:00-05:00,2025-12-24,686.7305298,3.938878942,11.19829864,0.8888888889,0.6666666667,24.59237839,-99.93349368,-60.12707613,3.944909777,2.407218727,5.677863183,52.9115219,-28.31914351,1.74,-0.05,13.47,-3.4,2933.652,6556.861,824.439,4.803,2426.051,3.66,3.65,1,2025-12-17,8,False,2025-12-17,8,False,2025-12-23,2,False,2025-12-24,1,False,2025-12-17,8,False,2025-12-23,2,False,2025-12-24,1,False,2025-12-23,2,False,2025-12-25,0,False
2026-01-01,2026-01-01 18:00:00-05:00,2025-12-31,678.3152466,1.835146528,9.366347783,0.7777777778,0,156.5994944,1.396665219,-163.6927553,158.7568494,69.54027376,8.526907496,65.94927217,90.65022222,1.75,-0.02,14.95,1.48,2980.514,6581.231,826.406,105.993,2433.349,3.71,3.65,6,2025-12-24,8,False,2025-12-24,8,False,2025-12-30,2,False,2025-12-31,1,False,2025-12-24,8,False,2025-12-30,2,False,2025-12-31,1,False,2025-12-30,2,False,2026-01-01,0,False
2026-01-08,2026-01-08 18:00:00-05:00,2026-01-08,685.8651123,4.29950438,10.01936954,0.7777777778,0,75.28325266,-16.47444208,-34.03420823,0.3196059274,52.45054404,26.88512828,59.28001807,16.0032346,1.73,-0.03,15.45,0.5,3022.997,6573.602,783.571,3.083,2444.489,3.65,3.65,0,2026-01-07,1,False,2026-01-07,1,False,2026-01-07,1,False,2026-01-08,0,False,2026-01-07,1,False,2026-01-07,1,False,2026-01-08,0,False,2026-01-07,1,False,2026-01-08,0,False
2026-01-15,2026-01-15 18:00:00-05:00,2026-01-15,688.5806885,3.424027746,9.87308515,1,0.3333333333,195.3800759,111.5114272,-128.6530247,-14.80128982,37.88245625,15.40371223,165.9330585,29.44701741,1.68,-0.1,15.84,0.39,3061.76,6581.7,777.061,2.003,2436.151,3.64,3.65,-1,2026-01-14,1,False,2026-01-14,1,False,2026-01-14,1,False,2026-01-15,0,False,2026-01-14,1,False,2026-01-14,1,False,2026-01-15,0,False,2026-01-14,1,False,2026-01-15,0,False
2026-01-22,2026-01-22 18:00:00-05:00,2026-01-22,685.3379517,2.032614592,8.841831673,0.7777777778,-0.1111111111,34.88407029,40.80410554,14.87297047,-4.186454464,42.27480192,8.485767809,23.10251811,11.78155218,1.62,-0.12,15.64,-0.2,2956.525,6584.58,871.169,2.058,2431.615,3.63,3.65,-2,2026-01-21,1,False,2026-01-21,1,False,2026-01-21,1,False,2026-01-22,0,False,2026-01-21,1,False,2026-01-21,1,False,2026-01-22,0,False,2026-01-21,1,False,2026-01-22,0,False
2026-01-29,2026-01-29 18:00:00-05:00,2026-01-29,690.3711548,2.05712345,8.883115378,0.7777777778,-0.1111111111,-148.2610168,83.54442986,229.6956299,-156.7199206,9.628897694,-6.448641599,-56.89816996,-91.36284686,1.62,-0.13,16.88,1.24,2882.94,6587.568,952.705,2.852,2429.105,3.64,3.65,-1,2026-01-28,1,False,2026-01-28,1,False,2026-01-28,1,False,2026-01-29,0,False,2026-01-28,1,False,2026-01-28,1,False,2026-01-29,0,False,2026-01-28,1,False,2026-01-29,0,False
2026-02-05,2026-02-05 18:00:00-05:00,2026-02-05,674.0379639,1.289526044,5.626973634,0.5555555556,-0.2222222222,-130.0717628,130.1893946,188.8857889,-2.030850058,49.14657139,-21.89514972,-115.8132178,-14.25854501,1.64,-0.09,21.77,4.89,2937.493,6605.909,907.737,1.748,2430.096,3.65,3.65,0,2026-02-04,1,False,2026-02-04,1,False,2026-02-04,1,False,2026-02-05,0,False,2026-02-04,1,False,2026-02-04,1,False,2026-02-05,0,False,2026-02-04,1,False,2026-02-05,0,False
2026-02-12,2026-02-12 18:00:00-05:00,2026-02-12,677.6687012,1.689627358,5.56857583,0.6666666667,-0.2222222222,-156.900193,114.206267,202.7925916,1.277785375,61.81077837,-8.628469848,-133.6311287,-23.26906422,1.67,-0.01,20.82,-0.95,2958.493,6622.382,910.533,2.844,2430.472,3.65,3.65,0,2026-02-11,1,False,2026-02-11,1,False,2026-02-11,1,False,2026-02-12,0,False,2026-02-11,1,False,2026-02-11,1,False,2026-02-12,0,False,2026-02-11,1,False,2026-02-12,0,False
2026-02-19,2026-02-19 18:00:00-05:00,2026-02-19,680.8616943,5.206274404,5.639906787,0.6666666667,0,5.218252341,64.7264199,26.85820508,-2.165665844,43.7613333,-1.085870321,20.15466438,-14.93641204,1.67,0.05,20.23,-0.59,2959.961,6613.395,888.854,0.632,2430.9,3.73,3.65,8,2026-02-18,1,False,2026-02-18,1,False,2026-02-18,1,False,2026-02-19,0,False,2026-02-18,1,False,2026-02-18,1,False,2026-02-19,0,False,2026-02-18,1,False,2026-02-19,0,False
2026-02-26,2026-02-26 18:00:00-05:00,2026-02-26,685.656189,1.162845043,5.850378014,0.6666666667,-0.1111111111,184.4216257,132.5617826,-172.6433792,1.433002286,39.81590778,2.876630647,208.149654,-23.72802831,1.73,0.11,18.63,-1.6,3004.429,6613.797,838.975,3.796,2431,3.67,3.65,2,2026-02-25,1,False,2026-02-25,1,False,2026-02-25,1,False,2026-02-26,0,False,2026-02-25,1,False,2026-02-25,1,False,2026-02-26,0,False,2026-02-25,1,False,2026-02-26,0,False
2026-03-05,2026-03-05 18:00:00-05:00,2026-03-05,677.7084351,-0.3451703701,4.221337631,0.5555555556,-0.1111111111,115.3860884,207.3998501,-91.97523006,1.581917038,34.79460586,7.57049484,117.617424,-2.231335612,1.74,0.1,23.75,5.12,3013.716,6628.894,846.979,2.793,2435.097,3.67,3.65,2,2026-03-04,1,False,2026-03-04,1,False,2026-03-04,1,False,2026-03-05,0,False,2026-03-04,1,False,2026-03-04,1,False,2026-03-05,0,False,2026-03-04,1,False,2026-03-05,0,False
2026-03-12,2026-03-12 18:00:00-04:00,2026-03-12,662.5390625,-2.01418555,1.529142267,0.2222222222,-0.4444444444,173.1370978,151.9795,-158.1409831,-4.087653053,36.18335517,14.38908236,184.022909,-10.88581118,1.84,0.17,27.29,3.54,3073.151,6646.344,805.806,0.137,2440.001,3.64,3.65,-1,2026-03-11,1,False,2026-03-11,1,False,2026-03-11,1,False,2026-03-12,0,False,2026-03-11,1,False,2026-03-11,1,False,2026-03-12,0,False,2026-03-11,1,False,2026-03-12,0,False
2026-03-19,2026-03-19 18:00:00-04:00,2026-03-19,656.3121338,-3.054713545,0.2709120057,0.2222222222,-0.4444444444,58.74138774,99.37224535,-19.68882851,0.007560413373,64.33004531,17.39651117,66.61480223,-7.873414487,1.81,0.14,24.06,-3.23,2998.809,6655.939,875.833,0.637,2442.405,3.62,3.65,-3,2026-03-18,1,False,2026-03-18,1,False,2026-03-18,1,False,2026-03-19,0,False,2026-03-18,1,False,2026-03-18,1,False,2026-03-19,0,False,2026-03-18,1,False,2026-03-19,0,False
2026-03-26,2026-03-26 18:00:00-04:00,2026-03-26,643.432373,-5.960343117,-1.927724113,0.2222222222,-0.4444444444,47.84543584,156.2043179,-2.363241569,-4.401405123,65.56596763,21.21927843,51.11133589,-3.265900057,1.76,0.03,27.44,3.38,3036.073,6657.161,837.412,0.885,2445.034,3.64,3.65,-1,2026-03-25,1,False,2026-03-25,1,False,2026-03-25,1,False,2026-03-26,0,False,2026-03-25,1,False,2026-03-25,1,False,2026-03-26,0,False,2026-03-25,1,False,2026-03-26,0,False
2026-04-02,2026-04-02 18:00:00-04:00,2026-04-02,654.1447754,-4.941950552,-0.4868366484,0.2222222222,-0.3333333333,76.54972308,127.5536446,-65.5101741,-3.720077588,70.07202106,19.79817448,119.5040983,-42.95437519,1.75,0.01,23.87,-3.57,3064.46,6675.344,803.553,0.327,2448.221,3.65,3.65,0,2026-04-01,1,False,2026-04-01,1,False,2026-04-01,1,False,2026-04-02,0,False,2026-04-01,1,False,2026-04-01,1,False,2026-04-02,0,False,2026-04-01,1,False,2026-04-02,0,False
2026-04-09,2026-04-09 18:00:00-04:00,2026-04-09,678.1628418,-1.926633734,2.926248467,0.6666666667,0.2222222222,166.0792761,244.2131422,-163.5891853,0.3987154442,71.50848647,17.30425028,217.394706,-51.31542996,1.73,-0.11,19.49,-4.38,3183.533,6693.871,697.079,0.402,2451.502,3.59,3.65,-6,2026-04-08,1,False,2026-04-08,1,False,2026-04-08,1,False,2026-04-09,0,False,2026-04-08,1,False,2026-04-08,1,False,2026-04-09,0,False,2026-04-08,1,False,2026-04-09,0,False
2026-04-16,2026-04-16 18:00:00-04:00,2026-04-16,699.8569946,3.836631444,5.875173202,0.6666666667,0.4444444444,-27.97952325,-123.9406232,73.02050094,-0.7196580377,74.75579328,14.72219021,-12.26723983,-15.71228342,1.69,-0.12,17.94,-1.55,2980.186,6705.696,924.435,0.158,2452.204,3.72,3.65,7,2026-04-15,1,False,2026-04-15,1,False,2026-04-15,1,False,2026-04-16,0,False,2026-04-15,1,False,2026-04-15,1,False,2026-04-16,0,False,2026-04-15,1,False,2026-04-16,0,False
2026-04-23,2026-04-23 18:00:00-04:00,2026-04-23,706.6295776,2.14163233,6.526617332,0.5555555556,0.3333333333,-182.5057258,-63.70793581,255.0035969,-1.15815135,75.49464404,11.25404658,-189.6048481,7.099122284,1.69,-0.07,19.31,1.37,2914.576,6707.419,1007.172,0.114,2452.526,3.64,3.65,-1,2026-04-22,1,False,2026-04-22,1,False,2026-04-22,1,False,2026-04-23,0,False,2026-04-22,1,False,2026-04-22,1,False,2026-04-23,0,False,2026-04-22,1,False,2026-04-23,0,False
2026-04-30,2026-04-30 18:00:00-04:00,2026-04-30,716.8132935,4.509252025,7.67582779,0.8888888889,0.6666666667,-217.6771714,54.97172857,276.4636549,11.88552979,36.86102169,7.894724227,-259.3828872,41.70571584,1.69,-0.06,16.89,-2.42,2919.153,6699.95,988.102,8.261,2453.491,3.63,3.65,-2,2026-04-29,1,False,2026-04-29,1,False,2026-04-29,1,False,2026-04-30,0,False,2026-04-29,1,False,2026-04-29,1,False,2026-04-30,0,False,2026-04-29,1,False,2026-04-30,0,False
2026-05-07,2026-05-07 18:00:00-04:00,2026-05-07,729.7001343,5.989999778,9.188920498,0.6666666667,0,-197.2729979,172.5546023,247.5070105,0.5542383473,23.35569359,6.428268486,-231.1338238,33.86082582,1.66,-0.07,17.08,0.19,3051.481,6709.505,862.757,0.773,2455.805,3.61,3.65,-4,2026-05-06,1,False,2026-05-06,1,False,2026-05-06,1,False,2026-05-07,0,False,2026-05-06,1,False,2026-05-06,1,False,2026-05-07,0,False,2026-05-06,1,False,2026-05-07,0,False
2026-05-14,2026-05-14 18:00:00-04:00,2026-05-14,746.2474976,9.314328027,11.2049273,0.7777777778,0.1111111111,204.5738429,239.9046144,-174.5009019,2.797621604,34.00989249,7.90969349,197.8034793,6.770363583,1.66,-0.03,17.26,0.18,3117.367,6728.502,807.42,2.034,2457.508,3.59,3.65,-6,2026-05-13,1,False,2026-05-13,1,False,2026-05-13,1,False,2026-05-14,0,False,2026-05-13,1,False,2026-05-13,1,False,2026-05-14,0,False,2026-05-13,1,False,2026-05-14,0,False
2026-05-21,2026-05-21 18:00:00-04:00,2026-05-21,740.8114624,7.444033512,9.925446198,0.7777777778,0.2222222222,286.4574287,221.9041808,-335.7371889,4.721637339,9.279277171,9.623671937,330.6711568,-44.21372811,1.59,-0.1,16.76,-0.5,3106.715,6713.643,781.979,3.281,2458.981,3.5,3.65,-15,2026-05-20,1,False,2026-05-20,1,False,2026-05-20,1,False,2026-05-21,0,False,2026-05-20,1,False,2026-05-20,1,False,2026-05-21,0,False,2026-05-20,1,False,2026-05-21,0,False
2026-05-28,2026-05-28 18:00:00-04:00,2026-05-28,752.6609497,11.21966376,11.2847284,0.7777777778,0.1111111111,220.7061247,94.64457406,-217.0792319,-10.59410891,6.616467287,16.07922447,218.2105837,2.495541012,1.57,-0.12,15.74,-1.02,3067.025,6704.383,842.66,1.163,2464.264,3.63,3.65,-2,2026-05-27,1,False,2026-05-27,1,False,2026-05-27,1,False,2026-05-28,0,False,2026-05-27,1,False,2026-05-27,1,False,2026-05-28,0,False,2026-05-27,1,False,2026-05-28,0,False
2026-06-04,2026-06-04 18:00:00-04:00,2026-06-04,755.1445923,12.10574191,11.16526642,0.7777777778,0.1111111111,-8.684694325,48.17998297,-25.38935436,0.5201575973,2.965941601,14.81480377,13.02033459,-21.70502891,1.54,-0.12,15.4,-0.34,3045.654,6711.495,845.722,1.122,2465.745,3.61,3.65,-4,2026-06-03,1,False,2026-06-03,1,False,2026-06-03,1,False,2026-06-04,0,False,2026-06-03,1,False,2026-06-03,1,False,2026-06-04,0,False,2026-06-03,1,False,2026-06-04,0,False
2026-06-11,2026-06-11 18:00:00-04:00,2026-06-11,735.8642578,10.28412955,7.928684196,0.6666666667,0,-8.787988768,57.63017984,-9.416657675,-2.33930227,-4.614697298,13.68060825,-6.539345608,-2.24864316,1.53,-0.13,19.44,4.04,3111.454,6725.397,801.084,0.46,2466.713,3.59,3.65,-6,2026-06-10,1,False,2026-06-10,1,False,2026-06-10,1,False,2026-06-11,0,False,2026-06-10,1,False,2026-06-10,1,False,2026-06-11,0,False,2026-06-10,1,False,2026-06-11,0,False
2026-06-18,2026-06-18 18:00:00-04:00,2026-06-18,746.7399902,14.61829184,9.094792375,0.5555555556,-0.2222222222,-253.7519496,-93.83198975,259.9527559,-4.513197976,33.93239706,13.55746798,-235.0646288,-18.68732073,1.5,-0.09,16.4,-3.04,2936.355,6736.424,956.502,0.251,2468.083,3.63,3.65,-2,2026-06-17,1,False,2026-06-17,1,False,2026-06-17,1,False,2026-06-18,0,False,2026-06-17,1,False,2026-06-17,1,False,2026-06-18,0,False,2026-06-17,1,False,2026-06-18,0,False
2026-06-25,2026-06-25 18:00:00-04:00,2026-06-25,734.2999878,16.49156289,6.976558221,0.7777777778,0,-167.8901698,-122.5867904,88.27807123,6.794062929,46.62919765,11.81167603,-60.25461254,-107.6355572,1.52,-0.05,18.89,2.49,2954.465,6735.645,901.845,5.718,2472.183,3.62,3.65,-3,2026-06-24,1,False,2026-06-24,1,False,2026-06-24,1,False,2026-06-25,0,False,2026-06-24,1,False,2026-06-24,1,False,2026-06-25,0,False,2026-06-24,1,False,2026-06-25,0,False
2026-07-02,2026-07-02 18:00:00-04:00,2026-07-02,744.7800293,13.27004988,8.137269643,0.7777777778,0.1111111111,46.73325392,18.81401168,-57.16014092,1.568949988,19.47256163,10.49989607,64.56385649,-17.83060257,1.54,0,16.15,-2.74,3077.019,6724.564,807.359,2.175,2472.792,3.66,3.65,1,2026-07-01,1,False,2026-07-01,1,False,2026-07-01,1,False,2026-07-02,0,False,2026-07-01,1,False,2026-07-01,1,False,2026-07-02,0,False,2026-07-01,1,False,2026-07-02,0,False
2026-07-09,2026-07-09 18:00:00-04:00,2026-07-09,751.710022,9.845010474,8.844671941,0.5555555556,0,38.54493646,-68.95262846,-77.0809515,7.898418487,15.18423373,12.10337472,72.26339203,-33.71845558,1.56,0.03,15.84,-0.31,3137.377,6735.609,749.244,5.772,2474.853,3.58,3.65,-7,2026-07-08,1,False,2026-07-08,1,False,2026-07-08,1,False,2026-07-09,0,False,2026-07-08,1,False,2026-07-08,1,False,2026-07-09,0,False,2026-07-08,1,False,2026-07-09,0,False
2026-07-16,2026-07-16 18:00:00-04:00,2026-07-16,750.7199707,6.199072167,8.326700066,0.7777777778,0,243.5906647,179.343054,-238.2955705,-0.1870428583,9.803420925,6.503450495,241.7825838,1.808080964,1.6,0.1,16.73,0.89,3100.448,6743.028,795.976,0.125,2472.464,3.64,3.65,-1,2026-07-15,1,False,2026-07-15,1,False,2026-07-15,1,False,2026-07-16,0,False,2026-07-15,1,False,2026-07-15,1,False,2026-07-16,0,False,2026-07-15,1,False,2026-07-16,0,False
2026-07-23,2026-07-23 18:00:00-04:00,2026-07-23,738.1799927,3.483330019,6.203115065,0.5555555556,-0.2222222222,163.9501488,224.1100489,-98.62158709,-7.147051248,17.4192672,-1.903306959,125.0912125,38.8589363,1.58,0.06,18.7,1.97,3064.896,6747.378,835.417,0.904,2470.901,3.62,3.65,-3,2026-07-22,1,False,2026-07-22,1,False,2026-07-22,1,False,2026-07-23,0,False,2026-07-22,1,False,2026-07-22,1,False,2026-07-23,0,False,2026-07-22,1,False,2026-07-23,0,False
2026-07-30,2026-07-30 18:00:00-04:00,2026-07-30,741.6900024,3.564126311,6.417636937,0.6666666667,0,-197.006081,37.8928201,242.5183254,-1.6343067,20.26302374,-2.709469343,-217.9115256,20.90544458,1.6,0.06,17.09,-1.61,2944.541,6738.19,970.442,1.076,2470.97,3.65,3.65,0,2026-07-29,1,False,2026-07-29,1,False,2026-07-29,1,False,2026-07-30,0,False,2026-07-29,1,False,2026-07-29,1,False,2026-07-30,0,False,2026-07-29,1,False,2026-07-30,0,False
2026-08-06,2026-08-06 18:00:00-04:00,2026-08-06,768.5599976,4.225619427,9.858269368,0.8888888889,0.3333333333,-199.9017461,-72.6581171,267.3566711,-6.447820828,19.23805257,-2.664940913,-239.0058568,39.1041107,1.62,0.06,15.15,-1.94,3002.731,6748.567,929.325,1.429,2473.058,3.64,3.65,-1,2026-08-05,1,False,2026-08-05,1,False,2026-08-05,1,False,2026-08-06,0,False,2026-08-05,1,False,2026-08-05,1,False,2026-08-06,0,False,2026-08-05,1,False,2026-08-06,0,False
2026-08-13,2026-08-13 18:00:00-04:00,2026-08-13,777.8800049,5.582347164,10.76660621,0.8888888889,0.1111111111,-226.6311218,-252.2656603,242.3673756,0.4819793126,25.10296561,3.599273205,-221.3456625,-5.285459292,1.66,0.06,14.63,-0.52,2947.63,6759.955,959.405,0.45,2474.891,3.62,3.65,-3,2026-08-12,1,False,2026-08-12,1,False,2026-08-12,1,False,2026-08-13,0,False,2026-08-12,1,False,2026-08-12,1,False,2026-08-13,0,False,2026-08-12,1,False,2026-08-13,0,False
2026-08-20,2026-08-20 18:00:00-04:00,2026-08-20,762.5999756,1.861811125,8.240420628,0.7777777778,0.2222222222,-198.7127444,-262.0008243,149.6714724,-1.006316824,-2.488374002,6.217229863,-157.3707594,-41.34198499,1.64,0.06,16.01,1.38,2930.817,6745.699,936.406,0.225,2475.096,3.62,3.65,-3,2026-08-19,1,False,2026-08-19,1,False,2026-08-19,1,False,2026-08-20,0,False,2026-08-19,1,False,2026-08-19,1,False,2026-08-20,0,False,2026-08-19,1,False,2026-08-20,0,False
2026-08-27,2026-08-27 18:00:00-04:00,2026-08-27,771.0999756,1.779491311,9.073316395,0.6666666667,0,-41.13419182,-224.0340386,-16.3352473,-0.9201284024,-10.80112018,7.678619926,-1.224364406,-39.90982742,1.61,0.01,14.51,-1.5,2916.824,6730.912,959.435,0.456,2476.144,3.64,3.65,-1,2026-08-26,1,False,2026-08-26,1,False,2026-08-26,1,False,2026-08-27,0,False,2026-08-26,1,False,2026-08-26,1,False,2026-08-27,0,False,2026-08-26,1,False,2026-08-27,0,False
